{
  "type" : "FeatureCollection",
  "features" : [{"type":"Feature","id":1,"geometry":{"type":"Polygon","coordinates":[[[5.2487497760287392,60.397213184459567],[5.2483579918088745,60.397357222030642],[5.2482618903084308,60.3973925507185],[5.2482605437658103,60.397393043058834],[5.2482440320991337,60.397419830674416],[5.2481688126017003,60.397541787230317],[5.2481204881960881,60.39762015277573],[5.2476674975482531,60.397693375353995],[5.2475070422878556,60.39775555242133],[5.2472172200724865,60.397867866649307],[5.2468535180403419,60.398008809404395],[5.2466855427349657,60.398077568699513],[5.2466302122884905,60.398100213456722],[5.2465268838506196,60.398234750959247],[5.2465144413903291,60.398250965789494],[5.2465013182378826,60.398268042290518],[5.2464931748322128,60.398280531330386],[5.2464301158271054,60.398377140835514],[5.2464164154578254,60.398398120069878],[5.2462142997136665,60.398438059556511],[5.2459967721238554,60.398481042306088],[5.2458866773784232,60.398503597085906],[5.2456252927470679,60.398557143290553],[5.2455157618186394,60.398611982794179],[5.2453413315357649,60.398699326489321],[5.2453128540576888,60.398713587424524],[5.245229851897224,60.398755144449495],[5.2451569328637184,60.398791655859569],[5.2450909169713462,60.398824703769108],[5.2448797177784723,60.398930442155205],[5.2448756308123263,60.398932484025735],[5.2448655856696442,60.398937512668233],[5.2448427565891134,60.398948948775143],[5.2447706133098508,60.398961401400783],[5.2447453105860058,60.398965774505697],[5.2444012933461668,60.39902516479475],[5.2443774924387823,60.399029274628006],[5.2438054364524431,60.399128038627424],[5.2437962609096598,60.399129622147306],[5.2437585559867088,60.399166219540312],[5.2437473658044862,60.399177076341566],[5.2437405956127288,60.399183635578773],[5.2437179286198674,60.399205628718178],[5.2432663283710355,60.399214715397562],[5.2432285798047573,60.399215473791656],[5.2430841034819187,60.399218385770602],[5.2428639680116609,60.399222486018139],[5.2428545553115935,60.399222660549569],[5.2425078488808223,60.399229107986194],[5.2423252996380807,60.399235114189224],[5.2420661377414195,60.399425900830906],[5.2416123411168094,60.399578459305573],[5.2413813495206947,60.399656109929126],[5.2413757462408288,60.399656805493805],[5.2413283201331575,60.399662701015011],[5.2411573418024586,60.399683962791244],[5.2411534090378691,60.399681361789526],[5.2411408517209308,60.399673051945214],[5.2410753131851999,60.399629690118466],[5.2410561608869033,60.399609580556458],[5.2409835069560691,60.399533280975305],[5.2409838049380442,60.399532273682141],[5.2410523911569316,60.399305820059404],[5.2410567346032577,60.39929148910204],[5.2410562115289112,60.399291456340698],[5.2410488289907518,60.399291040943396],[5.2407739311238943,60.39927551379445],[5.2407731409863736,60.399271815109515],[5.2407688529303584,60.399251838012752],[5.2407482338985698,60.399155697032704],[5.2407473107851832,60.399151419316219],[5.2407449243504312,60.399140304830254],[5.2407438408297597,60.399135213602577],[5.240630572290673,60.399101971862819],[5.2405843757680808,60.399088414503602],[5.2402149286391477,60.398979985525848],[5.2402131938353076,60.398975657891448],[5.2401957459654449,60.398932145018954],[5.2401703857628465,60.398868894125798],[5.2401494813611862,60.398816771286761],[5.2401471557218535,60.398810952811218],[5.2398906995912835,60.39870971710635],[5.2398477132038499,60.398692753653563],[5.23983316443723,60.398578213566886],[5.2398328338433346,60.398575570548743],[5.2398226496051761,60.398495283719811],[5.2398128844691847,60.398418289591334],[5.2398076100188602,60.398376657894289],[5.2398045161649804,60.398375761441869],[5.2393978140163302,60.398257782367288],[5.2392760543389194,60.398138295956066],[5.2392724664874786,60.398134913644796],[5.2392057827867546,60.398071159125415],[5.2391288077024196,60.397997576586562],[5.2391260103927753,60.397994899763361],[5.2391111535460828,60.397920323319362],[5.2391072763945443,60.397900888093751],[5.239100422201826,60.397866492474684],[5.2390898666764647,60.397860207534137],[5.2390771863932901,60.397852658027226],[5.2390185255442097,60.397817750117987],[5.2389632829464814,60.397784862419932],[5.2389635654482811,60.397783989522118],[5.2389830446302135,60.397721988428742],[5.2389973740506495,60.397676416756163],[5.2389997830650312,60.397668772627341],[5.2389967457181656,60.397666915967498],[5.2389099882588717,60.397613550731855],[5.238936889228321,60.397520955455967],[5.2389519927529538,60.397468996776951],[5.2389272934260731,60.397464532017381],[5.2382592160470827,60.397343660269591],[5.2382375429415813,60.397338319192556],[5.2381970597340208,60.397328329240054],[5.2380208526381544,60.397284873418592],[5.2379886346239326,60.397276932911709],[5.2379861049719283,60.397273670382027],[5.237918333257797,60.397186037463719],[5.2378897251011427,60.39714905784507],[5.2378884829746095,60.397148645183321],[5.2378168520131378,60.397124758401176],[5.2377420033306983,60.397099791797196],[5.2377408838165627,60.397099418557303],[5.2377150475691057,60.397090804597951],[5.2376022944803902,60.397053188196026],[5.2375851169231309,60.397047461837808],[5.2375860478712255,60.397043964624039],[5.2375882864897134,60.397035596602073],[5.2376211732625446,60.396912294852719],[5.2376274880183189,60.396888617622501],[5.2376226761877129,60.396888912945847],[5.2375693445862153,60.396892177099097],[5.2374357121148192,60.396900369252592],[5.2374159898560295,60.396901573034782],[5.2372780045119356,60.396796366864741],[5.2372774204682333,60.396795918884578],[5.2372652828079209,60.396786667708113],[5.2372662581048273,60.396785302061687],[5.2373188417135186,60.396712112111899],[5.2374570042793707,60.396519771886943],[5.237474172816416,60.396495862424352],[5.2373925257170502,60.396307774915442],[5.2374636668830963,60.396308214692517],[5.2374740870222638,60.3963082758005],[5.2374417119657499,60.396234264095604],[5.2374332332628066,60.396214887365851],[5.237410368433193,60.396162645580389],[5.2373958266363383,60.396129398595363],[5.2372550870530068,60.395807703560585],[5.2372135916201144,60.39535943376714],[5.2372304612597729,60.395096813160514],[5.2372568822314385,60.394685511800311],[5.237664792813721,60.394435240567333],[5.237725458896473,60.39439801808787],[5.237726246773355,60.394397644877607],[5.2377837017026199,60.394362273073703],[5.2377855594074427,60.394361130139913],[5.2377859129607902,60.394348636926395],[5.2377963971321533,60.393976156124744],[5.2378271891388337,60.39341814877907],[5.2378414721279629,60.393045164205681],[5.2378494726053058,60.392905005761826],[5.2378649177087313,60.392634371902858],[5.2378614371125938,60.392631639754953],[5.2377739988014209,60.392562443156137],[5.2377690895757461,60.3925585559928],[5.237387320778911,60.392256431868041],[5.2373849580221012,60.392254558292386],[5.2373864441055833,60.392144228627721],[5.2373937834041193,60.391596038346023],[5.2373958774041478,60.390953956911517],[5.236968640781388,60.3904923710747],[5.2369305659757011,60.390456111942299],[5.2368282924301832,60.390358656834628],[5.2366136520923821,60.390154130448316],[5.2358986973222583,60.390070604166318],[5.2352770926096452,60.389997986584447],[5.2352434015719158,60.389994057440347],[5.235119699036356,60.389993575169527],[5.2350555243604076,60.389993322136711],[5.2345613329267682,60.389991382216799],[5.2344499967745648,60.389982278819765],[5.2338948878182556,60.389936840890783],[5.2339000555908521,60.389930317661026],[5.2337188506029051,60.389860736393544],[5.2333768683762685,60.389729486500094],[5.2333440872530801,60.389716908563976],[5.2333447719013799,60.389728577287606],[5.2333486960812214,60.389796409164319],[5.2334130753176584,60.389880479271135],[5.2334075302888268,60.389991242501068],[5.2332520552676227,60.390229982068924],[5.2332413840534437,60.390246398719157],[5.2332319393010271,60.390246400827508],[5.2324851926019758,60.390170521655925],[5.2323784549390737,60.390172063577836],[5.2322758885059617,60.390163296732865],[5.23228228188903,60.390147909489095],[5.2323026740221756,60.390098806843504],[5.2324210896467864,60.389974648647481],[5.2321876820693607,60.389904341142696],[5.2320884066036832,60.389866508090364],[5.2320546080145931,60.389853622348127],[5.2318579706985693,60.389657660642264],[5.2315118856583283,60.389489274067707],[5.2315119648337678,60.389487020150511],[5.2315182346897675,60.389377895379681],[5.2315378059781166,60.389028709124354],[5.231478243516313,60.38891672079253],[5.2313726214569982,60.388773827204659],[5.2313018918593519,60.388678151338929],[5.2309265979257136,60.38876118478592],[5.2307903284278918,60.388791335182042],[5.2306941325269909,60.388800221633971],[5.230666386765404,60.388759687081411],[5.2306953769074287,60.38875463029558],[5.2308109851491116,60.388734465012732],[5.2306938925113577,60.388567839092595],[5.2306349430901058,60.388484011289897],[5.2306316864176212,60.388477626880459],[5.2305394977330071,60.388300776528673],[5.2304884781921057,60.388202890413027],[5.2305815691880095,60.388071265366079],[5.2306707871886475,60.3879451663841],[5.2307025016427886,60.387900241079343],[5.2306360449452516,60.387600543637376],[5.2306359184045785,60.387599910841317],[5.2306049868293281,60.387460428254606],[5.2305991631655688,60.387434168970643],[5.2305318131114955,60.387295838152049],[5.2304623014256117,60.387153122439187],[5.2303526898627801,60.386988137350642],[5.2303513902057732,60.386986185910381],[5.230351291091881,60.386979980898758],[5.2303495513170306,60.386885640131339],[5.2303493720654508,60.386879342960619],[5.2302445707420642,60.38686220541468],[5.2300769151074649,60.386834872207167],[5.2301853458202325,60.386717713766778],[5.2301973641410182,60.386704724283803],[5.2301807628048032,60.386658770765557],[5.230177891118645,60.386480065914192],[5.230181009329927,60.386363211348815],[5.2301825735031331,60.386304190955364],[5.2296251481024036,60.386299270145109],[5.2296071153257229,60.386299109335276],[5.22961231058534,60.386252030019165],[5.2296178517300538,60.386201805476951],[5.2296179699533987,60.38620078411742],[5.229630765088829,60.386084752251598],[5.2296471014782684,60.385936713161932],[5.2298047942785528,60.385942290490355],[5.2303540502147889,60.385961729494788],[5.2303806185011901,60.385642233410351],[5.2302209654710694,60.38566945485681],[5.2299212017108747,60.3857205771982],[5.2299206090106924,60.385720677244841],[5.2297246623417912,60.385754095886107],[5.2292220207497824,60.385745063826498],[5.229120390088803,60.385743242101007],[5.2292050167818251,60.385448466663753],[5.2292388013678721,60.385330746963781],[5.2292756618489076,60.385334075496552],[5.2293175370875522,60.385337851856463],[5.2296624380315233,60.385368990157268],[5.2298929341555844,60.38531491554248],[5.2300027131365177,60.38528915671025],[5.2300693297045378,60.385195738441816],[5.2301635393181449,60.385063642137389],[5.2302388258459542,60.384958065225121],[5.2303011511356363,60.384870646493773],[5.2301427918451147,60.384878875379421],[5.2299336432805372,60.384889744767094],[5.2300236834819192,60.384744245035051],[5.2296705739748637,60.38447844938522],[5.2294078854133526,60.384476842347091],[5.229375857126179,60.384476644115438],[5.2293761414558011,60.384475285896031],[5.2293768193778849,60.384472096154674],[5.2293834740974328,60.384448177179863],[5.2293908687589346,60.384448144201755],[5.2294304769231283,60.384447964143305],[5.2296733232220012,60.384446851158515],[5.2297145665999203,60.384446663455329],[5.2298184596518773,60.384274824300512],[5.229849763933669,60.384223065174304],[5.2298490035810001,60.384039467335718],[5.2298488917521837,60.384011563230843],[5.2298488830631049,60.384009441650548],[5.2298488152434759,60.383991983666341],[5.2298487580028317,60.383977258547795],[5.2298898862579843,60.383977903486347],[5.2299982808447689,60.383979601923755],[5.2302228451861392,60.383983129107243],[5.230221034424785,60.384000659662917],[5.2302188130040053,60.384022052704601],[5.2301847865432887,60.384349822666479],[5.2302040331007538,60.384349685252829],[5.2304378045232696,60.384348052899306],[5.2305250576103148,60.384347443609173],[5.2306584006570631,60.384346505025796],[5.2311127500826498,60.384343322732668],[5.2312453660125993,60.384342389914899],[5.231245543022343,60.384341801678652],[5.2312542163780842,60.384323809476271],[5.2312766565584425,60.384276760549191],[5.2313155948005532,60.384195096400866],[5.2313801909866697,60.384059598163574],[5.23143952610718,60.38398872330918],[5.2316493149028922,60.383837888894824],[5.2320552792492512,60.383546008564899],[5.2323812215585805,60.383313701617162],[5.2326268102112108,60.383138685041622],[5.2328552062292708,60.382973194300845],[5.2328836070029814,60.38295261495437],[5.2335339241041243,60.382485444459029],[5.2339313116974155,60.382203841772544],[5.2341463849639336,60.382046043483854],[5.2341546302424948,60.382013198691887],[5.2341627280013876,60.381981158702352],[5.2342849640385705,60.381495924490025],[5.2343009171518,60.381233799007433],[5.2343012805674265,60.381227670031898],[5.2345135197538308,60.380801478901951],[5.2341400904240079,60.380785678910094],[5.2340660057644133,60.38078256457937],[5.2340534845838418,60.380782030111845],[5.234251069504591,60.380506820631005],[5.2342622439780415,60.380491200227624],[5.2342623315524053,60.380489971258804],[5.2342675494890543,60.380401310882149],[5.2342706646237245,60.380348752409823],[5.2342500362586328,60.380273993478013],[5.234226680873487,60.38018936861814],[5.2342369283884054,60.380178782589027],[5.2343225335748871,60.380090062221669],[5.2344988881680923,60.379907373845995],[5.2345036930141644,60.37990240437076],[5.2344961392878,60.379876015373213],[5.234434034324571,60.379659606527319],[5.2343791518945926,60.379468372777168],[5.2344543148027149,60.379136770020317],[5.234454506218837,60.379136056347704],[5.2344585376769626,60.37911154155131],[5.234496495818461,60.37887609753502],[5.2345418156669528,60.378629734046584],[5.2345786747000629,60.378428299026147],[5.2345785869155286,60.378427487558241],[5.2345483637882815,60.378270165490726],[5.2346443849243265,60.377886066339002],[5.2346649556217901,60.377639235520164],[5.2343127801765919,60.377527813461363],[5.2344529287394828,60.376913622677279],[5.2345267242768934,60.376840450802156],[5.2345290392488053,60.376557885192817],[5.2345472880859178,60.376021319259081],[5.2345820338645508,60.375399477553231],[5.2345821660069891,60.375397234125288],[5.2345821417436769,60.375396972766119],[5.2340545163873244,60.375398466110092],[5.2335635856696205,60.37584898439323],[5.2333622039904206,60.3760353665742],[5.2329691130479423,60.376141440081128],[5.2326137042323086,60.376237344563435],[5.2324365986349104,60.37603201200173],[5.232648128565514,60.37601197587454],[5.232993783321497,60.375928028543505],[5.233048662257052,60.375914698440198],[5.2334308544111678,60.375573836957379],[5.233455892114705,60.375551508393343],[5.2334951411695156,60.375517115189581],[5.2339272211678542,60.375138466343472],[5.2339806301399383,60.375091656321253],[5.2338856669337188,60.374912571816701],[5.2338495357284565,60.374844438581398],[5.2338493569024713,60.374844100933288],[5.2337646779994929,60.374684426634929],[5.2335776333020458,60.374331687046954],[5.2335078952094367,60.374328317755364],[5.2331650328926145,60.374311779721744],[5.233157071919317,60.374311392326284],[5.232946019599404,60.374301168662953],[5.2328446487057452,60.374296309297428],[5.2328445552458547,60.374295704406194],[5.2328304529097958,60.374208518890988],[5.2328131599422107,60.374101665569569],[5.2328073481408861,60.374065725852155],[5.2328667251265699,60.373866304571308],[5.232906866134531,60.373731524134172],[5.2330658906781471,60.373558279432217],[5.2332471593489354,60.373360775234673],[5.2340161018645874,60.373022116876363],[5.2340182422363579,60.373021188762458],[5.234021948647003,60.373015819662143],[5.2343223241214876,60.37258016265104],[5.2343915876356837,60.372479671831492],[5.2343995275211403,60.372468768772102],[5.2345479081778832,60.372264974074007],[5.2346712367964043,60.372095588367706],[5.2346717750360332,60.372094857553975],[5.2347393289607229,60.372002075396203],[5.2347795731476845,60.371926335177719],[5.234903794674322,60.371756111678188],[5.2350301946723272,60.371569689260056],[5.2351411687530387,60.371406011627329],[5.2351808292515214,60.371347566988796],[5.2351876539712325,60.371337513195996],[5.2352263521788869,60.371284569331053],[5.2353655548313638,60.371094293591248],[5.2354210826017917,60.371018374873991],[5.2354207105352488,60.371007452074203],[5.2354127074266508,60.370773429740822],[5.2353949877457495,60.370256887512539],[5.2353942858882743,60.37023624759177],[5.2353938859906046,60.370224622885154],[5.2353934201666865,60.370210740151521],[5.2353953695099236,60.370205492040412],[5.2353963410769229,60.37020289486297],[5.2354418381094483,60.370080696957032],[5.2354668328586378,60.370013585270428],[5.2354852189740448,60.369964245794058],[5.2358313059680723,60.36903518871793],[5.2359846117927233,60.368913482127702],[5.2362016887424359,60.368738876181816],[5.2362680107309023,60.368705078228174],[5.2363317792730024,60.368689778550582],[5.2370039200834375,60.368528524305127],[5.23702545447098,60.36852672503111],[5.2370886661382858,60.368521431611335],[5.2371402398891007,60.368517112033395],[5.2372785403463684,60.368505521991224],[5.2372795488085666,60.36850543368849],[5.2375130797420102,60.368485860844629],[5.2380788812959516,60.36836868261905],[5.2392100179978476,60.368013030891774],[5.2392867299815613,60.367722683385594],[5.2399152718138131,60.36735281293376],[5.2400343957142699,60.367111206050488],[5.2400876735630062,60.366981937255069],[5.2401221616899054,60.366849718935015],[5.2401391902546726,60.366775091413892],[5.2401609864059422,60.366679583274411],[5.2401122183018769,60.366549611825022],[5.2401095820024706,60.366542571030223],[5.2400354115564944,60.366435835685586],[5.2398650530506448,60.366414368975832],[5.239669068232752,60.366406433004947],[5.2395382304312355,60.366411944439292],[5.239432652039179,60.36641639071874],[5.2390837435749154,60.366418355809088],[5.2390818549681581,60.366418365285782],[5.2388372173207962,60.366416206272554],[5.238632246693828,60.36639900782135],[5.238494790506298,60.366387477162348],[5.2383636844819126,60.366382885572477],[5.2381531336455147,60.366375514848436],[5.2378866727604301,60.366366192610641],[5.237747176046228,60.366333030589061],[5.2376056426693127,60.366269554876808],[5.237566480955187,60.366252850876513],[5.2374873968467002,60.366219115688843],[5.2374683354780265,60.366210980623748],[5.237287287334909,60.366115473803013],[5.2371734033910515,60.366062317385222],[5.2372169755449987,60.365975551867649],[5.2372729508338125,60.365782109312967],[5.2373333646917706,60.365674427539147],[5.2373463886225906,60.365525575233214],[5.237346964656024,60.365519011829718],[5.2373483059797659,60.365503616245498],[5.237334756357729,60.36550370903155],[5.237280994087075,60.365504074534883],[5.2372361087747636,60.365501275648576],[5.2370712335595604,60.365491007557182],[5.236841768264493,60.365482146295356],[5.2367172126075108,60.365476183440997],[5.2365982342550117,60.365470486267995],[5.2365957805245404,60.365466587606342],[5.2365594898822838,60.365408832372964],[5.2365373655869059,60.365373626401755],[5.2365172148670061,60.365342862790598],[5.2364802137507303,60.365286390769278],[5.236435509669378,60.36521615465189],[5.2364882143747593,60.365194761989216],[5.2364916960818819,60.365190698825593],[5.2366210541226836,60.365039495974273],[5.2366933917108227,60.364954929438881],[5.2367549852483926,60.364882939416567],[5.2367410191906281,60.364761493373678],[5.2367220605956231,60.364596670394263],[5.2367156153970829,60.364540722104557],[5.2367086684396984,60.364536129921554],[5.2365887037469649,60.364456940242363],[5.2363949984217113,60.364329064824211],[5.2362580888373822,60.364238680429359],[5.2357328061514448,60.364235443363],[5.2357189872911825,60.364235357563075],[5.2357059844973106,60.364235276899294],[5.2356300531240993,60.364234807016025],[5.2355744388719812,60.364221052033969],[5.2352628299110515,60.364143955974605],[5.2352236076353105,60.364134251682252],[5.2352020644125226,60.364128922329606],[5.2352767117164021,60.364023738983853],[5.2353058429192671,60.363982685911516],[5.2354092364134512,60.363837103684943],[5.2354911508007635,60.363721780118226],[5.2354914092428579,60.363721427891498],[5.235523157912799,60.363676718619487],[5.2355240242115926,60.36367550271973],[5.2355295724533093,60.363667686915484],[5.2355798264530957,60.363596931259842],[5.2356674520380029,60.363595440330229],[5.2358061007580909,60.363593075475791],[5.235861286846065,60.363592139727139],[5.2358868707686783,60.363591704825026],[5.2358956331170194,60.363432655500851],[5.2361375725419093,60.363062639323353],[5.2362168858117828,60.362941354129113],[5.2362297101793125,60.362921753466871],[5.2364888784991015,60.362529123813381],[5.2364907391901898,60.362517563127795],[5.2364944936611719,60.362494155055757],[5.2365091666436481,60.36240272421589],[5.2365386338350408,60.362218967098478],[5.2365480218777929,60.362160428992134],[5.2365503493657615,60.362145924248551],[5.2367494403921935,60.361855034623588],[5.2368281880222511,60.3617747664725],[5.2368684941590624,60.361746128342652],[5.2369171796759275,60.361711552257745],[5.2369209771479284,60.361708837345134],[5.2370041115574306,60.36173741143827],[5.2370825961405112,60.36176445157799],[5.2373324551770626,60.361843247016772],[5.2373561108486522,60.361850703255179],[5.2374032816596907,60.361865575784982],[5.2374619555775981,60.361884081819419],[5.2376482400407687,60.361942820622346],[5.2376867524318191,60.361953313120502],[5.2377381984482207,60.361967308818578],[5.2377476106708345,60.361969876388073],[5.2379576675002593,60.362027049568304],[5.2379672919083511,60.362014567094363],[5.2379858089106506,60.361990597148328],[5.2380617334977844,60.361892307002591],[5.238295794771628,60.361737010713171],[5.2383801009279347,60.361782650627923],[5.238402235880689,60.361794638866101],[5.2383831348562726,60.361809360962027],[5.2382922242631649,60.36187947902507],[5.2382002707605642,60.362061970901827],[5.2381938360575413,60.362074804354968],[5.2383258057967792,60.362092679190987],[5.2383336300434289,60.362089035536442],[5.2383540392262535,60.362079491995445],[5.2385031222292087,60.36200974407847],[5.2385905336121512,60.361968856872899],[5.2386315067019913,60.361949684207204],[5.2387707615532912,60.361919190016863],[5.2387972918932277,60.361913370185491],[5.2388002334493269,60.361912725357556],[5.2388022225606266,60.36191168503705],[5.2389151241869047,60.361852750727557],[5.2390170179301325,60.36179957214577],[5.2391351320666066,60.361737917798436],[5.2391455891914331,60.361735831741662],[5.2397668036306202,60.361612279817628],[5.2399985433219722,60.361549570202541],[5.2399872243588561,60.361529546785185],[5.2399701169925583,60.361499292281025],[5.2399563586618774,60.361474930223224],[5.2398737713654135,60.361328612962737],[5.2397928106821201,60.361185191068962],[5.2397776205213642,60.361158298610988],[5.239842571720553,60.361148019727167],[5.2398651818485042,60.361188146706517],[5.239932828569895,60.361308234780232],[5.2399331464129206,60.361308783093548],[5.2400150326118737,60.361454100711725],[5.2400288297432898,60.361478598690617],[5.2400461624976291,60.361509416860819],[5.2400560131919747,60.361526908869415],[5.2403853488790579,60.361487912491505],[5.2406722222609776,60.361453943244626],[5.2411272005008041,60.361473357100294],[5.2413711280517639,60.36149945628555],[5.2417631934167623,60.36154138485842],[5.2418173238911203,60.361551778513416],[5.2418980325893454,60.361567265294113],[5.2419113121267911,60.361569816089805],[5.2420015903999424,60.361587137455409],[5.2421210563297098,60.361610057105793],[5.24247209191899,60.361661142270449],[5.2425128013650122,60.361667066311902],[5.2426082610060218,60.361684309040456],[5.2426825368015288,60.361674211513247],[5.2429005501583825,60.361644591563589],[5.2429439277798036,60.361638698921404],[5.2429850744675432,60.361633111728246],[5.2429931304770792,60.361632018151568],[5.2430063473969399,60.36164062541593],[5.2430831987611288,60.361690698599432],[5.2431440894777586,60.361730307167825],[5.2432975661015702,60.361821242540863],[5.2438528421266417,60.362150228740632],[5.2449870025892755,60.362810226850492],[5.2452132067710693,60.362963546486043],[5.2454965716196016,60.363109662736342],[5.2457643543195509,60.363280488344429],[5.2458010055475039,60.363303869465021],[5.2458404281847715,60.363335175941685],[5.2459773025998082,60.36344386787124],[5.2458458431619572,60.36349713331586],[5.2457520744123354,60.363535122047239],[5.2456596671830251,60.363663565860882],[5.2456019724251783,60.363743813446163],[5.2456012558168661,60.363744835883324],[5.2456361662359745,60.363789641711492],[5.245725460425807,60.363904306465429],[5.2457313414326077,60.363911861258146],[5.2457462630223066,60.363925693825955],[5.2458230298641171,60.363996913098674],[5.2458368970886236,60.364014859630565],[5.2460299712294836,60.364264831331987],[5.2460806543852216,60.364330432813333],[5.2461077189785463,60.364363637264965],[5.2464446076727382,60.36477686803503],[5.2465555110968545,60.364912906166431],[5.2464465303514594,60.365155658262275],[5.246413800102725,60.365228557466807],[5.2463584608618543,60.365351702737804],[5.2463570697304771,60.365354800478848],[5.2464142520717933,60.365425448191907],[5.2464346548555145,60.365450635301521],[5.2464619042881795,60.36548429430497],[5.2464738661027193,60.365499094846278],[5.2464826897209118,60.36550994164427],[5.2469723869221143,60.365458441814596],[5.247000787884903,60.36545545961814],[5.2471067529047701,60.365444303815394],[5.2472085656320946,60.365433587974557],[5.2474701221701121,60.36540694245079],[5.2477159583892421,60.365381901986389],[5.2479344906466006,60.365359613773194],[5.2479689009552644,60.365467783539252],[5.2480368908630846,60.365681411979033],[5.2479512224298634,60.365928571510374],[5.2479260697576837,60.365981541458233],[5.247914648380041,60.366005560200549],[5.2478959669015337,60.366044879348578],[5.2478792441434212,60.366080110038595],[5.2478445603702175,60.366206742306673],[5.2478412346572219,60.366218765076731],[5.2478521139221037,60.366233202334165],[5.2480084256047368,60.366440614247658],[5.2480742792265227,60.366578363287232],[5.2481405853574188,60.366716916054543],[5.2481667439522655,60.366777581624206],[5.2482041438895655,60.366864523651486],[5.2485992976855727,60.36716869778607],[5.2489927919712578,60.367471583331387],[5.2489957086874854,60.367474784698189],[5.2492915161982383,60.367799855609952],[5.2494324166200608,60.368076519299684],[5.2494181997186411,60.368092657157696],[5.2493186271986056,60.368205458803217],[5.2493306436372666,60.368259082397522],[5.249333025879003,60.368269926969603],[5.2493463958951763,60.368329296527392],[5.2494569078838138,60.368427137064323],[5.2497282311172606,60.368510782865108],[5.2498020620910939,60.368554519315296],[5.2498983569371882,60.368611563483668],[5.2500129674326868,60.368652342608229],[5.2501122689149398,60.368687674064695],[5.2501483820231627,60.368855602390717],[5.2501583857752916,60.368902122024089],[5.2501654720690949,60.368935031491866],[5.2501666213875309,60.368940187423689],[5.2501302782438755,60.368997354314999],[5.2500787782925711,60.369078353823681],[5.2499482030633464,60.369283771760742],[5.2499470168560984,60.369285562980032],[5.2504507769163258,60.369547591173855],[5.2507046052303838,60.369679603255605],[5.2507288336879014,60.369770837894933],[5.2508625802786923,60.37027430498803],[5.2508881174282944,60.370308247184902],[5.2509966920040254,60.370452538584651],[5.2510761856658075,60.370558194602282],[5.2511314202205259,60.370651148583988],[5.2511307952155297,60.370869634851843],[5.2511699399257461,60.370920364968669],[5.2513074614667117,60.371098658375097],[5.2512306346704545,60.371175753073445],[5.2511992374628198,60.371207271457628],[5.2512450490969345,60.371346655372214],[5.2513063227205574,60.371533260994447],[5.2512750013279792,60.371859400856842],[5.2512675214464775,60.371936743535805],[5.2512858797128903,60.371979930170475],[5.2512952940299238,60.372002082918094],[5.2513117272286172,60.372065637352009],[5.2513823432607802,60.372338796915336],[5.2513978571683371,60.372375467473546],[5.2516361431813703,60.372938779200567],[5.2523340951836763,60.373617430970448],[5.2532808791498775,60.374513730908404],[5.2536034106192657,60.374760254916573],[5.2537258423524191,60.374950991563459],[5.2538879845792632,60.375177677922629],[5.2539723998451482,60.37529581178444],[5.2539612083683682,60.375327630584017],[5.2542919595467374,60.375531499768762],[5.2547243943792683,60.375687366619033],[5.2547341561746999,60.37569088653018],[5.2547483524029523,60.375693416794618],[5.2550923102183962,60.375754791476645],[5.2553971832066555,60.375969730647618],[5.2554082667343751,60.37597754832268],[5.2554300269804566,60.375970655832219],[5.2556913937311593,60.37588787165221],[5.2560705278152424,60.375767775540453],[5.2561728639426919,60.375782621525282],[5.2561814356030432,60.375783860665415],[5.2561900062347275,60.375785108764596],[5.2563535334633977,60.375911266585845],[5.2565766736276052,60.376083317685854],[5.2567455318113341,60.376213508146506],[5.2567445879072512,60.376213823132559],[5.2567343610493591,60.376217193500139],[5.2566925349919584,60.376230927740508],[5.2565544931885535,60.376276243907697],[5.256062126193898,60.376437888532941],[5.2559248554713971,60.376482956138069],[5.2558219766254926,60.376516740866151],[5.2558237278757121,60.376517931740189],[5.2560253315720722,60.376652272320662],[5.2563919087970197,60.376896604569247],[5.2564628201668215,60.376943867936433],[5.2565333601884845,60.377242953495632],[5.256552034469042,60.377309707125669],[5.2566038803817534,60.37749512709712],[5.2566045773331123,60.377531730189141],[5.2566061151566021,60.377613955957663],[5.2566113501578142,60.377777785167069],[5.2566285246806856,60.377788219128924],[5.2567976571100639,60.377891127769601],[5.2568028158138649,60.377894266218895],[5.256792728056717,60.377897685459992],[5.2562792660066302,60.378071752769806],[5.2562175110068567,60.378092682811847],[5.2557706182821331,60.378213037648621],[5.2554496802601385,60.378299474575691],[5.2550758492005434,60.378480095134236],[5.2550647525346141,60.378492447437836],[5.254965601467636,60.378602730542063],[5.2549362707272342,60.378635350745988],[5.2549229481830393,60.378650166123208],[5.2548627444712723,60.378947124474728],[5.2548623766625999,60.378948902839312],[5.2548464862769535,60.379027284980388],[5.2543624080977285,60.379401935327479],[5.2543764854365165,60.379610992780378],[5.2545156710152838,60.379804168718181],[5.2549238246897767,60.379787613978941],[5.2549895946501248,60.379951359942503],[5.2550414161972716,60.380080394566555],[5.2550889858807697,60.380097302786872],[5.254509419860776,60.38025767298123],[5.2546029090322177,60.380357967737737],[5.2547903113552863,60.380541931111679],[5.254820081221375,60.380555263880602],[5.2549501612348335,60.380613515908806],[5.2552363788390064,60.380741701622426],[5.2553286709335767,60.380773927583554],[5.2554647094411866,60.380821425793222],[5.2559485907288597,60.380650968052194],[5.2560041358477774,60.38075253912799],[5.2560315162207081,60.380802630478605],[5.2560358669860898,60.380810591034198],[5.2563467455831816,60.380896287662651],[5.2564213505888251,60.380916850980135],[5.2564399887959645,60.38092198694109],[5.2564645573779751,60.380928764013994],[5.2568072225498819,60.381023228555954],[5.2568824440949369,60.381043961767887],[5.2569603586528002,60.381065435909669],[5.2568990813917909,60.381094172896972],[5.2568415644313964,60.381121155098583],[5.2566303644484167,60.381220203910729],[5.2566479400944965,60.381291007330475],[5.2566747146318962,60.38139885095638],[5.2566959039772074,60.381484191746381],[5.2567796792027091,60.381493067231375],[5.2568619646243109,60.381501792854372],[5.2572254976350949,60.381540323641964],[5.257241983311908,60.38154207311495],[5.2573131837216334,60.381549614495732],[5.257731195810619,60.38172072172145],[5.2577518569192154,60.381767531446982],[5.2578815627815052,60.38206135095129],[5.2578936954080104,60.38208882889991],[5.2579540217927123,60.382225517022484],[5.2587185601538362,60.382351175186379],[5.2584614934709348,60.382466014472087],[5.2584210820505701,60.382565234386],[5.2584185275415605,60.382571508413726],[5.2582675871115487,60.382942191011459],[5.2580116819998048,60.383197202789539],[5.2580069875921014,60.383201870551716],[5.2578781602279436,60.383369701281005],[5.2575379979837358,60.383842641257488],[5.2575013396798598,60.383893976705259],[5.2574938319982785,60.383904479732387],[5.2573634749167839,60.384086999241781],[5.257273170036739,60.384213451943971],[5.2572002210749424,60.384315593749839],[5.2570990482744522,60.384435789988451],[5.2570981403458692,60.384428519650577],[5.2570216924566777,60.384491723312678],[5.2569628913516464,60.384540260039273],[5.2569583166124101,60.384544041271987],[5.2568838660298676,60.384605503381799],[5.2567015745430474,60.384720638128336],[5.2565235880497898,60.384842545393624],[5.2564716774012075,60.384894475860477],[5.2564306792949669,60.384987341866292],[5.2563948015640314,60.385041970876017],[5.256343731306198,60.385219315404818],[5.256333894134567,60.385287531263693],[5.2563131887941292,60.385380788853141],[5.2562888880181093,60.385442125694212],[5.2562678079516996,60.385551282483441],[5.2562530496019289,60.385594371570136],[5.2562363650899524,60.385673180897719],[5.2562323513855516,60.385692303405534],[5.256225385019099,60.385792419605004],[5.2562064729864995,60.385824245914925],[5.2562085191875267,60.385931267420723],[5.2562396040306689,60.385976815838369],[5.2562659647161381,60.386047668859064],[5.2563496343404008,60.386139730551164],[5.2563502397902866,60.386180286009399],[5.2563029463236388,60.3862346834782],[5.2562881491980118,60.386273367084335],[5.2562642042739371,60.386314220028993],[5.2562540576336607,60.386355101944183],[5.2562617837848755,60.386414284451156],[5.2562425375477266,60.386450595641399],[5.2561999423368695,60.386500451318852],[5.2561904096703636,60.386518609457603],[5.2561754008609567,60.38656861268273],[5.2560653951381138,60.386688298937244],[5.2559892750123565,60.386829163553905],[5.2559383056905116,60.386858648979299],[5.2558262606439348,60.386917065526681],[5.2557611101626529,60.386957746798728],[5.2557231004508189,60.386996136228689],[5.2556898913969512,60.387036997865806],[5.2556477383511107,60.387064034893051],[5.2555192558676396,60.387112190773728],[5.2554449313332272,60.387145782236338],[5.2553685932959802,60.387176350727295],[5.255275360189354,60.387221184598985],[5.2551474901005051,60.387372995562416],[5.2551424746778821,60.3873866068121],[5.2550726643473213,60.387420415111222],[5.2549892521149344,60.387433526107671],[5.2549191531462727,60.387480898938549],[5.254816492198997,60.387530320795655],[5.2547932464261642,60.387546115110929],[5.2547601813232951,60.387577812261526],[5.2547407619657589,60.387614028513561],[5.2547372585276104,60.387636284400479],[5.2547353680963607,60.387648302799334],[5.2547155571558708,60.387721091493141],[5.2546580918409145,60.387811785422436],[5.2546250955263663,60.387836563285852],[5.2545508935609178,60.387861169178599],[5.2544997329629473,60.387885974660989],[5.2544337472038602,60.387940204558909],[5.2544002675370907,60.387994451265904],[5.254355423897902,60.388092242064886],[5.2543363432013761,60.388169725348249],[5.2543354287703092,60.388206103297982],[5.2543653345541736,60.388219260087162],[5.2544546635214875,60.388257371185603],[5.2543178063053704,60.388294593714377],[5.2542495531043096,60.38833536669592],[5.25424831897275,60.388385578038914],[5.2541781329957304,60.38843052116934],[5.2541491263047453,60.388496399208428],[5.254093683229649,60.388582116313103],[5.2540195636160121,60.38864546501101],[5.2539690154815242,60.388713882146185],[5.2539493616906849,60.388761597076048],[5.2539490035251113,60.388782080929225],[5.2539434554044231,60.388820845139193],[5.2539289811749388,60.388850369303377],[5.2539330264425299,60.388875201842644],[5.2539598780061922,60.388916496782649],[5.2539587893135566,60.388957543883713],[5.253948475354556,60.389003005142079],[5.2539471919516085,60.38905995652928],[5.2539234850860819,60.389089220586548],[5.2538718315606463,60.389127764498433],[5.2538575972188406,60.389150464101562],[5.2538518015868005,60.389191378593821],[5.2538192315872942,60.389214011045866],[5.2537773908486205,60.389231977898767],[5.2537396058880947,60.389263631751703],[5.2536930860488393,60.38928596103711],[5.2535859162679968,60.389308199440585],[5.2534698403645308,60.389441015936896],[5.2534482558983626,60.389451823260273],[5.2533718701659016,60.389496950883412],[5.2532455951481687,60.389585795360354],[5.2532348827729036,60.389596819115333],[5.2531787659139386,60.38967730355251],[5.2530765095341545,60.389852575696892],[5.2530680035425101,60.389858628011645],[5.2528628815607448,60.389953969253533],[5.2526747990113902,60.390030644730864],[5.2525129133594817,60.390119563643573],[5.2524522006298104,60.390173671647624],[5.2524109187438013,60.390210439986646],[5.2523137624392566,60.390308194060061],[5.2521431636606879,60.39049016845356],[5.251978504864562,60.390655231785736],[5.2519212032084726,60.390705723442906],[5.2518747351611257,60.390746668963601],[5.2518586519920376,60.390760795101116],[5.2518583898323135,60.390761021414626],[5.2518569813980793,60.390761107554709],[5.251747814101754,60.390783288284815],[5.2517409529067054,60.390776623101026],[5.2517234872963519,60.390767726450854],[5.2517092137166888,60.39076044783571],[5.251690497953188,60.39075578551742],[5.2516449861504073,60.390744075838313],[5.2516265454116366,60.390741758294794],[5.2516035122619851,60.390741468551717],[5.2515849076912753,60.390743730561205],[5.2515338972311651,60.390759281016898],[5.2514651873047891,60.390805522885529],[5.2514415490853246,60.390834159296702],[5.2513635861579857,60.390940273896909],[5.251305037765543,60.391010262361256],[5.2512641396802202,60.391042097484899],[5.2511682176487806,60.39109278543949],[5.2511564509860404,60.39110980167726],[5.2511322826323257,60.391161973188467],[5.2511158194517886,60.391252922955246],[5.2510866331410213,60.39131870552611],[5.2510621405952378,60.391352863753056],[5.2510539636445994,60.391364255460317],[5.2509914479807076,60.391438716140165],[5.2509300196242501,60.391502151490819],[5.2509294358247098,60.391534044510024],[5.2509965329228754,60.391602811296863],[5.251023393176367,60.391644017207724],[5.2510224748056462,60.391680395085103],[5.2510036563539497,60.391693976611258],[5.2509618808740539,60.391705023293461],[5.2507913921195239,60.391723407048801],[5.2507214184929314,60.391728535117892],[5.25070283392908,60.391730617808008],[5.2506435176703921,60.391740990048945],[5.2505643139053229,60.391755295800301],[5.2505274402895159,60.391761626728503],[5.2504208410331508,60.391788283266564],[5.2503559338785966,60.391801463967006],[5.2502957936645505,60.391807947730136],[5.2499826078561025,60.391798936206492],[5.249867098036586,60.391800442628089],[5.2498485969038784,60.391804954473038],[5.249811779354733,60.391809219411542],[5.2497931843738224,60.391811391568538],[5.249773389383499,60.391817044419021],[5.2497233184579555,60.391831353332648],[5.2496770294945021,60.391851620464983],[5.2496037876553059,60.391911935622659],[5.2495919945534872,60.391930748714763],[5.2495589301482148,60.391962354874437],[5.2495092011830122,60.392017220899582],[5.2494601342747922,60.392055296913412],[5.2494365139640076,60.392066405764588],[5.2493615620521661,60.392102133713138],[5.2493155904976732,60.392113331203845],[5.2492829469054465,60.392117623847298],[5.2492320101349996,60.392130928409635],[5.2491994940275051,60.392146730029566],[5.2491896311138797,60.392169282859321],[5.2491838083109696,60.392210376264984],[5.2491650328163448,60.392233037242576],[5.2491135966916689,60.39225540615908],[5.2490574083806587,60.39226541652031],[5.2490301865841156,60.392273097935117],[5.2489975098290431,60.392288715206618],[5.2489739894758145,60.392306837905522],[5.2489412920199481,60.392322634352311],[5.2489274245487376,60.392324759978479],[5.2488996792809557,60.3923291008213],[5.2487184365371728,60.39236353788958],[5.248588025526443,60.39239662227989],[5.248537732228999,60.392420101857759],[5.2484306765988471,60.392494832994586],[5.2483647724784896,60.39252137764889],[5.2482993971606451,60.392552791034937],[5.2482146689529507,60.392618174594901],[5.2482006433739761,60.392629553944751],[5.2481862391489376,60.392656832430724],[5.2481759157887096,60.392702293137503],[5.2481978746630817,60.392743451264977],[5.248334161543422,60.392858035896985],[5.2484624237684878,60.39298237132418],[5.2485041503648899,60.393030109428111],[5.2485385765538481,60.39307941231808],[5.2485488972915402,60.393094202083233],[5.2485876602043433,60.393199203793557],[5.24861772382057,60.393365531962296],[5.2486389104623319,60.393454397656036],[5.2486172937564088,60.393495405046309],[5.2485629093394426,60.39352757807675],[5.2485332771775335,60.393540404799538],[5.2485141383256666,60.39356305545526],[5.2485035738003498,60.393615340710689],[5.2484704463376177,60.393653776202527],[5.2484423880037898,60.393671860693637],[5.2484007045361656,60.393691538283065],[5.2502424903121492,60.394143297766711],[5.2504822339530435,60.394552117174747],[5.2504945707221307,60.394559979473158],[5.2505014910250791,60.394565504824946],[5.2505010260999283,60.394565914179751],[5.2503767250380022,60.394643207808116],[5.2503463790672846,60.394662073120045],[5.2503701658481114,60.394675876145435],[5.2504102644676429,60.394699145658365],[5.2508011508248806,60.394831530357621],[5.2508099627035234,60.394834511319544],[5.2502128344911627,60.395176751270213],[5.2502113169601206,60.395177625315938],[5.2521679338868612,60.395619191835145],[5.2521714676885676,60.395621790249379],[5.252173007681967,60.395622930255932],[5.2519867150611113,60.395767708336002],[5.2518145767882558,60.39591054809091],[5.2517025316096424,60.395993239996464],[5.2511967137420701,60.396366533957909],[5.2511201421117724,60.396423043920421],[5.2511015790817037,60.396436749558177],[5.251086357548707,60.396440050727485],[5.2508623355538484,60.396488655629121],[5.2508323020924594,60.396495170586064],[5.2507938469545952,60.396503515486629],[5.2507927668279661,60.396503745704578],[5.250781993931434,60.396511954182003],[5.2507696482020609,60.396521358741445],[5.2506585957940812,60.396605956455517],[5.2505524821806109,60.396686783296481],[5.2505237272245964,60.396708695723547],[5.2499050532614877,60.396782952991195],[5.2498834823910583,60.396785544659132],[5.2498941782165387,60.396796461788348],[5.2499003722531619,60.396802775656333],[5.2499259086534513,60.396828843558502],[5.2499490236699051,60.396852434235143],[5.250051640891618,60.396944413689795],[5.2500619995156272,60.396953685372459],[5.2500663956091831,60.396957629479196],[5.2498867123555657,60.39699250806688],[5.2498673130107054,60.396996275553477],[5.2494222101161263,60.397082669867878],[5.248943954950982,60.397175498306673],[5.2489322298580223,60.397177774284842],[5.2488203491622016,60.397199490004233],[5.2487497760287392,60.397213184459567]]]},"properties":{"OBJECTID":1,"OBJTYPE":"KpAngittHensynSone","KPANGITTHENSYN":530,"HENSYNSONENAVN":"H530_3","BESKRIVELSE":"Byfjellsgrense - vest","KOMM":"4601","PLANID":"65270000","SHAPE.STArea()":3869937.9170845002,"SHAPE.STLength()":12365.344822381674}},{"type":"Feature","id":2,"geometry":{"type":"Polygon","coordinates":[[[5.2793951247167872,60.390128138942842],[5.279372235401218,60.390213877378066],[5.2793715290221703,60.390216563133059],[5.2793302542770579,60.390197260596189],[5.2792618781946699,60.390165272067726],[5.2792294136092552,60.390150090031071],[5.2790742651789664,60.390077517445825],[5.2790732482207732,60.390077039566862],[5.2790337565363359,60.390071224541927],[5.2789698301908965,60.390061813490213],[5.2788720573836638,60.390047410452148],[5.2787830942288965,60.390036813298977],[5.2787817507585535,60.390036649864136],[5.2785995076322374,60.390014930083197],[5.2785867178026304,60.390009718386359],[5.2785064594149889,60.389976983437307],[5.2784568439246886,60.38995677304851],[5.2783334386201126,60.389906507406529],[5.278171200551947,60.389994700328877],[5.2779942431207036,60.390090903237791],[5.2779833792210296,60.390096810164898],[5.2776846579851462,60.389854092643922],[5.2774328364743139,60.389649495029424],[5.2774395660004014,60.389645755471648],[5.2774668605014767,60.389630681936275],[5.2777538208057164,60.389670363368325],[5.2777538777793618,60.389669547014563],[5.2777569251079743,60.389630964022402],[5.2777592316512276,60.38960156446246],[5.2777592882969602,60.389600909891563],[5.2777645182829298,60.389534487860978],[5.2777714354712053,60.389446468881182],[5.2777814568423942,60.3893190505513],[5.2777808781711704,60.389310764982177],[5.277776960466932,60.389250172059896],[5.2777669658078965,60.38923671521885],[5.2777595831505826,60.389226783057893],[5.2775643670621291,60.388963934048817],[5.2775225114544435,60.388909056337056],[5.2773856349925952,60.388793489017907],[5.277270583732629,60.388696401616123],[5.2772591103741338,60.388686669490276],[5.2772527394877775,60.388583195862239],[5.2772501309007893,60.388540077144114],[5.277248730591718,60.388518007249338],[5.2773436084851308,60.388159966048427],[5.2768811332909182,60.387970969646823],[5.2768779064692373,60.387969647876936],[5.2768923951995612,60.387963959394682],[5.27690165575632,60.387960317703723],[5.2772702346800227,60.38781519119614],[5.2772853902567585,60.387748211125825],[5.2773014734748092,60.387677086385182],[5.2773169997095275,60.387608292034948],[5.2773291988493716,60.387554307384676],[5.2773203142931964,60.387536863737189],[5.2773201069366458,60.387536453451524],[5.2772964225731895,60.3874899222915],[5.2772055062741936,60.387311364994247],[5.2771630120836877,60.387235562093032],[5.2771599646895684,60.387230128641853],[5.2770535370889808,60.38704032380349],[5.2770305181272477,60.386999258212846],[5.277028585191692,60.386926397629693],[5.2770236598848683,60.386740531335086],[5.2770226152689235,60.386702480932875],[5.2770153653615202,60.386429226728104],[5.2770289835687239,60.386415100677318],[5.2770641690497468,60.386396266331694],[5.2770557229495658,60.386301264588681],[5.2770600033147517,60.386273187663427],[5.2770771165008492,60.386160951637663],[5.2770771776111127,60.386160575833742],[5.2770955220431581,60.386040266697449],[5.27713275130046,60.385888505415245],[5.2768233312188002,60.385784581777372],[5.2767769913849021,60.385715439308058],[5.2767719265984487,60.38558943215471],[5.2767709784254446,60.385565792933569],[5.2768429116513431,60.385489814409354],[5.2768569977232929,60.385474928475205],[5.27687058188764,60.385473331397407],[5.277046401310665,60.385452673408004],[5.2772996945092068,60.385422903864061],[5.2773796182421426,60.385352946352178],[5.2774613973930578,60.38528136889343],[5.2774317636246684,60.385114971945939],[5.2774054756168818,60.384955212251441],[5.2774024327921456,60.384936709720648],[5.2773414884143408,60.384876982920261],[5.2772780625773192,60.384815613629492],[5.2772266391742289,60.384765851886748],[5.2774676217895848,60.384746829182866],[5.2775599331438725,60.384737530928518],[5.2777194458860199,60.384561247973856],[5.2776818471441889,60.384343771442246],[5.277581931348883,60.383872478061583],[5.2775308549134889,60.383604675270838],[5.2775358817368945,60.383225844890575],[5.2775358938981975,60.383224308205705],[5.2773240516264082,60.383098695591691],[5.277274921880764,60.38306956361442],[5.2770095436483011,60.382869501123913],[5.2768687551395619,60.382756142170031],[5.2767234595575889,60.382640283875929],[5.2766211747542364,60.382568486910657],[5.2765205025235797,60.382482425394201],[5.2764584193375459,60.382395062607934],[5.2764113303933797,60.382260552807566],[5.2763048642150716,60.38201501736517],[5.2762407951177144,60.381861003322648],[5.2762198553124513,60.381708215225238],[5.2761854937341655,60.381588344443621],[5.2761748639296462,60.381542978567886],[5.2761706872976841,60.381525190269009],[5.2761338065353547,60.381368108582571],[5.2760969167987763,60.381186326333477],[5.2760625040036437,60.380983193939429],[5.2760264240419117,60.380794333446026],[5.2760006172701139,60.380707968502797],[5.2759812557027397,60.380643212585142],[5.2759385028892849,60.380470802774369],[5.2759321889548225,60.380448046890812],[5.2758771121932071,60.380249234273933],[5.2758534818130762,60.380164008863922],[5.27582867480728,60.38014197533996],[5.2758253295535704,60.380138996333137],[5.2758001845061946,60.380116584806579],[5.2757191590399479,60.380044411725606],[5.2757185829464159,60.38004389223309],[5.2756659857359711,60.379997018045678],[5.275445798676043,60.379822028150265],[5.2752836165676893,60.379693946888025],[5.2751749245134398,60.379636215762524],[5.2750221582739689,60.379543947348346],[5.2749365996998288,60.379493983057472],[5.2749347789514349,60.37949291634326],[5.2749044470481792,60.379475069247107],[5.274788053721994,60.379406578511002],[5.2747383693243082,60.379379029843321],[5.2744964133853784,60.379367674528083],[5.2743608626579288,60.379361305176133],[5.2741362733075601,60.379345105721477],[5.2739500651491449,60.379335105045655],[5.2739055775876826,60.379332294170901],[5.2738926535842481,60.379331473526896],[5.2738833157120322,60.379330888220714],[5.2737400269132655,60.379281686986161],[5.2735828948038126,60.379227324676705],[5.2734402022650064,60.379173393898562],[5.2732091403766752,60.379093157259291],[5.2729366643960747,60.378997539371859],[5.2728117292508578,60.378955997470904],[5.2728216613707781,60.37878504537732],[5.2728337366915543,60.378731857522581],[5.2728336290559099,60.378726767024929],[5.2728333376449852,60.378709950396292],[5.2728308651760347,60.378578397583581],[5.2728522866767067,60.378391120940677],[5.2728255465951488,60.3783299866313],[5.272778085869728,60.378222394165164],[5.2727760568225293,60.378217753151461],[5.272734390516943,60.378161881050431],[5.2726877959695546,60.378065449554363],[5.2726269162538637,60.377925823342125],[5.2725305301764331,60.377992799527767],[5.2717099440422395,60.378027746381207],[5.2717006034296299,60.378028140581904],[5.2716822447882512,60.377593400878176],[5.271640964721545,60.377543696326725],[5.2715664213817686,60.377453878025698],[5.2715237036252853,60.37740246124936],[5.2714250784204895,60.377316371790563],[5.2714234388759689,60.377315310105907],[5.2714172955438352,60.377311245783723],[5.2713786936118643,60.377285741355983],[5.2712256941919415,60.377184589963832],[5.2712220477581422,60.37718218663052],[5.2712265413053263,60.377177980218995],[5.2713152605406908,60.377094871310035],[5.271221374038122,60.377046234795486],[5.2710926453709508,60.37697954274519],[5.2710454814704724,60.3768906808548],[5.2710054126465504,60.376815177118971],[5.2714562841596733,60.376666174816535],[5.2714953601358685,60.37665325775216],[5.2715275530656278,60.376642583506658],[5.271527724576778,60.376641401836558],[5.2715854512548574,60.376255706916965],[5.271617576121697,60.376041090923358],[5.2708733497429794,60.376087692151387],[5.2708679953539903,60.376081178094012],[5.2708549818202446,60.376065604499807],[5.2706958848453525,60.375874549158659],[5.2706915761879687,60.375869367761311],[5.2707049056569462,60.375855845494705],[5.2708267880865955,60.375732140462482],[5.2709497035532111,60.375607331763625],[5.2710128269249612,60.375675374656943],[5.2711634622843633,60.375690503196296],[5.2712213204195653,60.375625916911616],[5.271228027920543,60.375618383944115],[5.2712300316706067,60.375616103141851],[5.2711931479935821,60.375531017159496],[5.2711618879249853,60.375458978406506],[5.2710642593018653,60.375461174496905],[5.2709099724664412,60.375464639455977],[5.2707520108053822,60.374981939332578],[5.270715324648287,60.374869920198321],[5.2705901146414815,60.374852673018907],[5.2703739608239246,60.374822690167903],[5.2703718491486278,60.374822424185062],[5.2702588414277827,60.374807056079547],[5.2702468631155961,60.374805443625604],[5.2701397685939755,60.375022647924034],[5.2701359801409344,60.375030370606247],[5.2701082588788406,60.375018797593945],[5.2699585680965431,60.374956270975559],[5.2697323500486464,60.374861799824828],[5.2694294853879242,60.374890899427065],[5.2693065049428016,60.374619482803027],[5.2693106681802293,60.374617685094222],[5.2693441956755871,60.374603111891524],[5.2690838775970006,60.374456735692817],[5.2688797269531422,60.374348581626521],[5.2688480795726376,60.374331828613535],[5.2687957761513973,60.37431251832291],[5.2687306304383048,60.374339893368628],[5.268689414731333,60.374357243781006],[5.268684325851777,60.374359357050764],[5.2683517775456385,60.374224425559099],[5.2681945183273458,60.374070630757778],[5.2681783245611991,60.374054787807182],[5.2678694224434821,60.374232563970104],[5.2677698421540757,60.374289874256249],[5.2676662104636547,60.374208512821298],[5.2677876961075363,60.374174234996758],[5.2680042542343637,60.374113126004353],[5.2681404975346613,60.374030814133938],[5.2680607408593207,60.373940541531177],[5.2678367737612808,60.373687024474798],[5.2677266149495621,60.373479748490858],[5.2675119171032305,60.373029633609256],[5.2675136269325291,60.373029286126176],[5.2676146829685884,60.373010416452786],[5.2676159270981948,60.373010172742731],[5.2676227390779875,60.373008862934121],[5.2674669976760145,60.372703994810976],[5.2676114829953971,60.372282104269857],[5.2675926670453306,60.372282987124599],[5.2669344363337141,60.372313714802438],[5.2667096696379794,60.372041674604176],[5.2664470467291471,60.371842959616608],[5.2665784093901564,60.371805742574274],[5.2667854342318634,60.37174708257816],[5.2669395905678957,60.371703404444894],[5.2669384253889913,60.371700423487511],[5.2667586914930364,60.371253473059042],[5.2667617423592121,60.370930484431859],[5.266722454105123,60.370768756122658],[5.2665758094135544,60.370687147206191],[5.2664244484337388,60.370401258356459],[5.2661765767535034,60.369946181761691],[5.2661488430517878,60.369897529804305],[5.2660450419519114,60.369715283776316],[5.266010982102153,60.369655470087061],[5.2659627848744313,60.369548581816254],[5.2659154299775146,60.369443532867123],[5.2659067305191565,60.369443737891736],[5.2657522765595361,60.369447317475093],[5.2657051403516153,60.368822441184648],[5.2656782038781511,60.368352060861767],[5.2656367197572171,60.36788874122238],[5.2656067627429604,60.367738950640017],[5.2654553316972388,60.367460195112642],[5.2654166891541792,60.367374823880141],[5.2654025088169716,60.367343504890769],[5.2653654613836975,60.367261639041772],[5.2653584662696424,60.367246179962144],[5.2653324876992444,60.367188732361463],[5.2652899553897923,60.36703814785956],[5.2652550304253456,60.366914473036466],[5.2652397827387309,60.36686047293405],[5.2648737008463975,60.366852989778046],[5.2641427658024336,60.366838072944823],[5.2640927546951328,60.366837053692443],[5.2640896048320132,60.366836983129559],[5.2640749786266925,60.366875132816929],[5.2639420901808016,60.367221635674333],[5.2639222077424996,60.367273497920173],[5.263920602454407,60.36727768639583],[5.2639180921417186,60.367277894475109],[5.2638070987009993,60.367287007780206],[5.2629948506317596,60.367353733983819],[5.2629500389461583,60.36735738174449],[5.2630344489321823,60.367630993316439],[5.2630330936169516,60.367645507656775],[5.2630214268901705,60.367771028184436],[5.2630805926220852,60.3679019828771],[5.263106454996799,60.368215637053552],[5.2630652285824482,60.368334133378866],[5.2629169175112152,60.368516107068217],[5.2628989426550818,60.368663238446786],[5.2629632573284102,60.368777628236629],[5.2629322780778685,60.368870058251957],[5.2628385782080152,60.368971133469891],[5.2628337526080875,60.368976336979877],[5.2627103223531497,60.369017566402825],[5.2626452072378003,60.369039339371582],[5.2626462105800176,60.369040086667667],[5.2626592564861774,60.369049621813978],[5.2627629946623999,60.369125534691648],[5.2628167592149637,60.369161445567769],[5.2628964192639875,60.369214659388149],[5.2631970743601117,60.36941548519512],[5.2632027273770161,60.369413513842467],[5.2635259525326195,60.369301093669684],[5.263758707283011,60.36939268618093],[5.2638600063641618,60.369367183835855],[5.263876081542648,60.369500099735873],[5.2639903602014995,60.369923696714459],[5.2640915302737215,60.370297146583397],[5.2643060046065928,60.370944407519971],[5.2643731555719402,60.37094242972023],[5.2644172295923202,60.371033634600181],[5.2645055264201313,60.371216336114273],[5.2645199366070061,60.371282716899586],[5.2645529882548914,60.371435102481882],[5.2645384677416587,60.37150795092878],[5.2645038236969448,60.371681786249134],[5.2644837562568192,60.371731126606043],[5.2644171056432381,60.371895019957989],[5.2640491893552808,60.372232436937473],[5.2638161695879404,60.372429747333769],[5.2635553224663196,60.372371629983213],[5.2635526850203647,60.372371043498276],[5.2634802925395228,60.372354905517788],[5.2632338098914966,60.372631286191783],[5.2630368079596375,60.372843854724906],[5.262959473779846,60.372991600368252],[5.2629115648797944,60.3730831409868],[5.2628955220668043,60.373113817255891],[5.2628825604374461,60.37311429776819],[5.2628407459247999,60.373115800748153],[5.2628270383176412,60.373116296236141],[5.2627400180525319,60.373119431514738],[5.2627392529543391,60.373119454946178],[5.2621362216062844,60.373141140684446],[5.2619139880169135,60.37314912909607],[5.2618760832287306,60.373150570940474],[5.2618213489294554,60.373152663053929],[5.2617323745287177,60.373156057319825],[5.261661541665891,60.373158757271256],[5.2615990043962793,60.373161142191471],[5.2614434268007901,60.373167076459175],[5.2613346518488804,60.373171225887667],[5.2608844029538897,60.373198506423805],[5.2608110100403884,60.373202949598223],[5.2606653051411785,60.372981229061359],[5.2605917924499108,60.372749242923163],[5.260425555517199,60.372628344271938],[5.2602312908900242,60.372487052802448],[5.2600726895394079,60.372202030777125],[5.2599349460849725,60.371954511382981],[5.2595969013677157,60.371656826130753],[5.2595437821029725,60.371474832141445],[5.2594396348515087,60.371321028398555],[5.259397795709825,60.371275789065429],[5.2592574224801094,60.371124012794752],[5.2591363681964873,60.371073415964901],[5.2589661405579609,60.371082925758991],[5.2589058724282634,60.371086290038349],[5.2587041462127218,60.371099326326949],[5.2586542403693972,60.371117732391532],[5.2581691854022026,60.37129663134656],[5.2573830512377731,60.371586572451136],[5.2572658769716103,60.371616009490786],[5.2570645906834814,60.371666592014741],[5.2569175650145716,60.371501853014919],[5.2566820319947727,60.371425630553119],[5.2564977320808675,60.371314096309312],[5.2561599550490348,60.371301382857183],[5.2559900425167578,60.371189929512049],[5.2561559846324428,60.370822674398148],[5.2561649924535576,60.370802721803386],[5.2559449120142432,60.370683841916005],[5.2558396547243751,60.370647160800942],[5.2556952684165701,60.370596847252074],[5.2554699528278004,60.370691675289486],[5.2553329467329499,60.370705100529051],[5.2552183045156413,60.370686599072883],[5.2549795463030948,60.370450061081733],[5.2550044624571033,60.370224196946083],[5.2547738565901874,60.370039177030421],[5.2547198591790671,60.36997660505169],[5.2545872795547544,60.369822948575212],[5.2544781686077364,60.369580058461359],[5.2543322983891967,60.369282092929033],[5.2543557915043584,60.36919895441676],[5.2544213394532271,60.36896701752049],[5.2544207553460227,60.368875272551108],[5.2544194161809914,60.368665153603359],[5.254385010944147,60.368606800894689],[5.2542795647794867,60.368427940588383],[5.2542742328568055,60.368418900611132],[5.2540635432630909,60.368131152540087],[5.2540515411673407,60.368114769643299],[5.2538298144643267,60.367885666199115],[5.2537429230086596,60.36779587492962],[5.2535166571951004,60.367628412525534],[5.2533749143559492,60.367523502019679],[5.2533726222696835,60.367521810471594],[5.2533686921603326,60.367518895242689],[5.2534029281975743,60.367517739032643],[5.253408175480561,60.367517563360977],[5.2534476779187198,60.367516223017908],[5.2535118313801794,60.367473789584039],[5.2536451101998249,60.367385611159953],[5.2537850876580672,60.367345899141618],[5.2537866336308348,60.367344765212124],[5.2537983255703242,60.367336205052709],[5.2538679928874341,60.367285109072135],[5.253965348294769,60.367213706230572],[5.2540286137314709,60.367167301550609],[5.2543198255467942,60.366953706629822],[5.2544621932032092,60.366838512242389],[5.2545692432745046,60.366751894885446],[5.2545916742490206,60.366733740867673],[5.2547087886975472,60.366638975740891],[5.2547177498284592,60.366632064363422],[5.2549614849009476,60.366441759014762],[5.2552295391775354,60.366232471479698],[5.2550081406129392,60.366035621175513],[5.2549742016847203,60.366005451936068],[5.2548705113497904,60.36591324645179],[5.2548597598069513,60.3659039908502],[5.2545362654886674,60.365625594513226],[5.2544620118271537,60.365561687364448],[5.2541236897308172,60.365285406778881],[5.2540475679129068,60.365219765845403],[5.2537575625094428,60.364969708476039],[5.2535233608272458,60.364882209206598],[5.2535222561911636,60.36488187245471],[5.2534083093442963,60.36483934413166],[5.2532813822243867,60.364794013857988],[5.2531445192645982,60.364745131487076],[5.2531354752890822,60.364750080906681],[5.2528592212030691,60.364901381342207],[5.2526116269770879,60.365036995293586],[5.2526081230988959,60.365038900952563],[5.2525949973767041,60.365046045315452],[5.2523005997162171,60.365206100333367],[5.2522356171792985,60.365216303604747],[5.2521853641919893,60.365224198672465],[5.2520910128350726,60.365239020764314],[5.2517293299015932,60.36523353060965],[5.2516096065904172,60.36524472448],[5.251133941687316,60.365289194463621],[5.2510371505797409,60.365298239234853],[5.2508517360984444,60.365283651691847],[5.2504564044774202,60.365252607021773],[5.2503850839016133,60.365372507341327],[5.2502789346871346,60.36555095653496],[5.2502388836635827,60.365618148945295],[5.2500717673146537,60.365735256390316],[5.2500562521404506,60.365746126291619],[5.2499385584816878,60.365828637677502],[5.2499314736260434,60.365833588241358],[5.2499267867130985,60.36583331217485],[5.249703372012176,60.36581930473919],[5.2496799839565176,60.365817835790672],[5.2495280973118446,60.365757730405086],[5.2494147071028721,60.365733254473874],[5.2493516070667274,60.36571966270305],[5.2493291073176849,60.365712681773616],[5.2492456456739767,60.365686776189577],[5.2491922533462283,60.36567020443043],[5.249152310393141,60.365666083935459],[5.2489577964940928,60.365646023566072],[5.2489383533545926,60.365646706241222],[5.2488954574025097,60.365648219081898],[5.248871403499753,60.365649068235051],[5.2487063729512515,60.365633812616572],[5.2486550776947105,60.365577884737071],[5.2486927384998747,60.365487488574125],[5.2487009657910635,60.365467721124055],[5.2486997601416343,60.365320318705002],[5.2486590713760348,60.365223477382479],[5.2485707142213265,60.365013175461442],[5.248556403768978,60.364988655050489],[5.248484256646309,60.364865074391645],[5.2483223615391132,60.364587780578425],[5.2482079989649408,60.364385391258935],[5.2482052454019117,60.364380459669192],[5.2481841991858573,60.364357861378259],[5.248089456186805,60.364256239940467],[5.2479683687550471,60.364126342508449],[5.2479192615589225,60.364073667003275],[5.2478479445241213,60.363997155794536],[5.2477506517583929,60.363857628964858],[5.2476100014998641,60.363735637099744],[5.2474759745456314,60.363628007145387],[5.2474734392899984,60.363625122119053],[5.2473482678736652,60.363482974059679],[5.2473224285864042,60.363453624634595],[5.2473151263667628,60.363445328672817],[5.2472563043783653,60.363391776317286],[5.2472166692084246,60.363355682337101],[5.247160266478831,60.363309020617073],[5.2471665485460939,60.36330394865761],[5.2471717930677109,60.363299692329733],[5.2472130604045377,60.36326610763431],[5.2472984578449662,60.363196610096381],[5.2473406627301928,60.363162287807228],[5.2476083525906683,60.363024006036738],[5.2476223612358295,60.363016761249277],[5.2476466264325428,60.363002075841841],[5.2477019908736953,60.362968511526027],[5.2477913588400629,60.362914325576455],[5.2479629358364352,60.362810281659897],[5.2480994322280825,60.362727538927238],[5.2481366840188128,60.362622228248824],[5.2482025273755228,60.362436081091992],[5.2482032121615729,60.362408208728347],[5.2482093054997963,60.362163009328391],[5.2482877053741355,60.361902260516374],[5.2482547005795084,60.361789465332286],[5.2481860755990528,60.3615549113361],[5.2480624631500827,60.361550648396971],[5.2477206892076262,60.361538868277968],[5.2476016318734775,60.361534760490628],[5.2475685550740243,60.361495463048144],[5.2474991630059717,60.361413001463767],[5.2474205432370455,60.36133661624519],[5.2473540511876653,60.361272006979284],[5.2470658615060968,60.361101659748591],[5.2468188778073275,60.360974092979646],[5.2468025383357224,60.360965649599599],[5.2467914215691849,60.360959915483022],[5.2467575309806911,60.360947722512613],[5.2464039922850692,60.360820507146542],[5.2463684636785768,60.360807728485447],[5.2463395174144711,60.360800034548973],[5.2458636121232756,60.360674026270686],[5.2454789024276698,60.360593324809606],[5.2454438747916514,60.360585971203754],[5.245399233638449,60.360585518903456],[5.2450173460484448,60.360581649803443],[5.2448591355139289,60.360580046569432],[5.2447328881689526,60.360583885659587],[5.2446036358074499,60.360587819481758],[5.2444693222144947,60.36059189778058],[5.2444033301983026,60.360593906877078],[5.2442383872872247,60.360578126305988],[5.2441797289759728,60.360572549405219],[5.2441115469986288,60.360566002191042],[5.2441065272459966,60.360551766118135],[5.2440915807166864,60.360509339731777],[5.2440578515201564,60.360413682037603],[5.2440070091552533,60.360286376998303],[5.2440063887770174,60.360284831393678],[5.2438996255461801,60.360220349366251],[5.243868253402578,60.360139050177473],[5.2438546133440429,60.360103716769956],[5.2438117064984144,60.360055133792919],[5.2437660206566976,60.360003425095172],[5.2437561699290178,60.360004980333031],[5.2437124397802481,60.360011905915322],[5.2437082432861093,60.36001257829426],[5.2437046361150577,60.359940558155124],[5.2437013539995938,60.359875010041726],[5.2436959277691075,60.359766956921234],[5.243692277624624,60.359694207483912],[5.2437088792260091,60.359468648206786],[5.2437212870659602,60.359300129198893],[5.2437228645786034,60.359296200808146],[5.243789913117479,60.359129046559048],[5.2438468498912707,60.358987134223938],[5.2440229250204267,60.358647360550599],[5.2442438024815337,60.358277275885314],[5.2445217825287322,60.358095409068042],[5.2447481494257628,60.357860820889925],[5.2449577901532018,60.357586784962074],[5.245523267420884,60.356969181228841],[5.2456225298732155,60.356860769408122],[5.2456890988608391,60.356753914674407],[5.2457773203293492,60.356612319350027],[5.2461978492394596,60.356643094150606],[5.2462292862373641,60.356553610484141],[5.2462422910030728,60.356516603112539],[5.2462587402823964,60.356433590324656],[5.246278141504443,60.356365914645316],[5.2462954450788537,60.356305586343872],[5.246302219760838,60.356306469851013],[5.2463528074387682,60.356313058399436],[5.2463956066906148,60.356251904272895],[5.2464372684254856,60.356192434831698],[5.246438942370995,60.356189713618157],[5.2465271769937729,60.356045754240284],[5.2466300203386256,60.355958512291515],[5.2473363463587726,60.355891578090592],[5.2473383208675637,60.355890501287],[5.2474481295704551,60.355830529229195],[5.2474673509402114,60.355767387606392],[5.2474740942660594,60.355745205340689],[5.2475715159285015,60.355686447391896],[5.2475902533577541,60.355659678069316],[5.247651014618774,60.3555729458391],[5.2476784052368313,60.35553293792438],[5.2477340560066326,60.355451670250922],[5.2477902916571511,60.355369574143964],[5.2477670360268709,60.355148606092442],[5.2477951585505958,60.354980171298486],[5.2477496589889503,60.354924325434787],[5.2477387361222103,60.35491092953167],[5.2477371612436476,60.354909006433928],[5.2476881586085442,60.354848917860529],[5.2475434942647396,60.354795574760402],[5.247445909141641,60.354759587838714],[5.2473288589757141,60.354647267928122],[5.2473013961224346,60.354561289039715],[5.247301462184967,60.354561030235161],[5.2472932849483049,60.354535442349167],[5.2473254978443435,60.354395491262025],[5.2473743603854759,60.35437494799978],[5.2475211857304309,60.354312983257564],[5.2475531632152883,60.354299486558084],[5.2476950124674646,60.353991551011219],[5.247801481617163,60.353792592141225],[5.24782643300723,60.353746016558098],[5.2478357133500317,60.353728741810784],[5.2473624758400597,60.353483569082087],[5.247201688719036,60.35343086672993],[5.2471869156906932,60.35342602706416],[5.2471745086301711,60.353421910393095],[5.2471730039971645,60.353421427452069],[5.2471386943410323,60.353422876324601],[5.2467862731940444,60.353437991043705],[5.2466412206389768,60.353444212532693],[5.2465180280183539,60.353449496366586],[5.2461289419287613,60.353490458600191],[5.246006174550538,60.353503394323319],[5.245702498933646,60.353280668658627],[5.2456400919338364,60.353187670548635],[5.2458099618517524,60.353201306188673],[5.2458187156463065,60.35320201194866],[5.246264387763655,60.35323777639978],[5.2468769872565613,60.353008469692789],[5.2470547387812765,60.352941932019654],[5.2472466700678932,60.352870086839232],[5.2472566107211369,60.352865837335209],[5.247275164377883,60.352857840144658],[5.2472850944944422,60.352836179354966],[5.2472949603585972,60.35281759985179],[5.2473015996762635,60.352800574137447],[5.2472932976076994,60.352787270177437],[5.2474302563426063,60.352479385583486],[5.247491242656686,60.352339869614347],[5.247516820704341,60.352281374888634],[5.2475725338490751,60.352153943495416],[5.2475747265522434,60.352148917855772],[5.247587651989976,60.352119350749511],[5.2473707322837404,60.352056173384923],[5.2473544957357676,60.352051445196921],[5.2473684552745654,60.352035282405232],[5.2473865155292749,60.352014381569631],[5.2474728841106373,60.351914413412835],[5.247575829905907,60.351881177605769],[5.2475961217971943,60.351874622712394],[5.2477612038235923,60.351821326216999],[5.2481299122610805,60.351702302179355],[5.2483567285442581,60.35183431405251],[5.248368732366556,60.351830733957541],[5.2484795035124794,60.351797745399224],[5.2485511470863822,60.351776406845687],[5.2486869368466751,60.351735980829048],[5.2488491931440189,60.351687672831268],[5.2488556492954155,60.351680906898899],[5.2489589050025085,60.351572704670176],[5.2490114394753613,60.351517658354162],[5.2490176124271342,60.351510830488046],[5.2492095739866853,60.351296145302719],[5.2492509603227093,60.351249853711614],[5.2492628256943181,60.351236588883033],[5.249408904705759,60.351090710466778],[5.2494495428579731,60.351050132445451],[5.2494169068370837,60.351021112719636],[5.2493647352132831,60.350974723785718],[5.2492661063469477,60.350886996979256],[5.2492290434679933,60.350854041050965],[5.2492072631057818,60.350836159023032],[5.2488327563507706,60.350528215043383],[5.2486573194051127,60.350370338105648],[5.248578116140048,60.350299069074865],[5.2485412100279065,60.350265865671631],[5.2484696365883972,60.350201445612988],[5.2483634923503928,60.350105919423811],[5.2483517047883907,60.3500953215528],[5.248341825067266,60.350086431462145],[5.248261144234176,60.350013826127757],[5.2482592012772233,60.350012108364645],[5.2481514009161589,60.349938089955572],[5.2481162414429425,60.349913996283092],[5.2478392911785674,60.349677189552374],[5.2476348846166347,60.349506780718016],[5.2476326306934817,60.349504928320741],[5.2475735269483224,60.349507492656507],[5.2473213601063895,60.349518437382322],[5.2466026305720819,60.34954964818602],[5.2465770527415003,60.349550759259877],[5.2465562190511132,60.349546898810246],[5.2464311033745092,60.349523777777456],[5.2461100010746513,60.349464449907188],[5.2458262859335809,60.349386519532921],[5.2457818164172494,60.349374305780607],[5.245579182113012,60.349318638748493],[5.2455374730984055,60.349307186057338],[5.2455733086310286,60.348720134489859],[5.2455762693142169,60.348671553620996],[5.2455801189156803,60.348609101423712],[5.2455803802913623,60.348515096547331],[5.2455812786944813,60.348202613627684],[5.2455813125253909,60.348192547298375],[5.2455818358800803,60.348012097008137],[5.2455825786615291,60.34776227853132],[5.2455393356912108,60.347669444173562],[5.2453298500906902,60.347219646365041],[5.2452679364062069,60.347086689204154],[5.2452676950116057,60.346988706094486],[5.2452676331647057,60.346963868705863],[5.2452667358869958,60.346586787438838],[5.2452666992944881,60.346582534772885],[5.2452367724355717,60.346535244584956],[5.2450453543798714,60.346232876235291],[5.2450531558170566,60.34621914635477],[5.2453793635332575,60.345645919620232],[5.2456865803052297,60.345109485437625],[5.2459122599590149,60.344768847373082],[5.2459703744493931,60.344670607775519],[5.2460989164858214,60.344453326177053],[5.2461270022939548,60.344401689043075],[5.2462328787729158,60.344206571062401],[5.2463940347461691,60.343976449198877],[5.2465110359179352,60.343809465247617],[5.2465310226955948,60.343780924743513],[5.2466296339163296,60.343571354234577],[5.2468323323990118,60.343223458967621],[5.2468918553816595,60.343138310365703],[5.2469754965518627,60.342923723522674],[5.2469763486579239,60.342921518412865],[5.2470960830906135,60.342729919476312],[5.2471307640642815,60.342635574696253],[5.2471731591916795,60.342520198690067],[5.2472269940852412,60.342378045097412],[5.2472663112799465,60.342242905977081],[5.2472789310280401,60.342216593186684],[5.2473268496940237,60.34211862239686],[5.2474322808429692,60.341923302357316],[5.2476020704147261,60.341742672024324],[5.2476955823540683,60.341656820370908],[5.2477638967034306,60.341594058823397],[5.2479845555997997,60.341388788929542],[5.2481694270635142,60.341256430500422],[5.2482259739552131,60.341215718092997],[5.2483228521668321,60.341077368605468],[5.2484274677621441,60.34091414130684],[5.2485531936795757,60.340768876185429],[5.2487749944580191,60.340517292001742],[5.2488280821891262,60.340462953788546],[5.2488356667245704,60.340455186065],[5.2488635380932198,60.340426643222521],[5.2490227709083825,60.340263564659644],[5.2492366874298186,60.340040439921047],[5.2493689044930765,60.339923680626192],[5.2494231954478972,60.339874634534688],[5.2494268506324779,60.33987123217404],[5.2494390036855494,60.339860159757869],[5.2494444710122288,60.339855190609534],[5.2494938777672973,60.339810455958606],[5.2496648451280024,60.339579924781518],[5.2498357718121813,60.339349410254577],[5.2499915952921521,60.339150891152663],[5.2500595827732424,60.339015922680424],[5.2501415427222717,60.338898858490786],[5.2502524709716614,60.338771295354846],[5.2506085423885578,60.338825130404281],[5.2508998781057956,60.338869173395643],[5.2511116118495016,60.338901180496798],[5.2513646911636886,60.338948025793485],[5.2516022172525352,60.338991986780989],[5.2516608137130278,60.339002826717746],[5.2517483169977668,60.339019021596286],[5.2517609685800757,60.33901212478775],[5.2517897888197327,60.33899644392789],[5.2518378935683794,60.338970269205667],[5.2521561932467229,60.338797060250428],[5.2521940934504006,60.338701358139375],[5.252194653661447,60.338699953743998],[5.2522881955939553,60.33846379237373],[5.2522941266579544,60.338448777938758],[5.25226240736911,60.338435388798302],[5.2520187508102509,60.338332569237124],[5.2518744915338225,60.338271690503362],[5.2517209572304777,60.338266629887414],[5.2516241288552807,60.338263439005601],[5.2512063770796571,60.338249662900658],[5.2509958841658326,60.338242724218148],[5.2509482106066825,60.338241153918936],[5.2508153634922214,60.338090736783627],[5.2511090930313902,60.33783603809465],[5.251228510438775,60.337788425008256],[5.2515145874559224,60.337674352308795],[5.2515163357133092,60.337673655590848],[5.2517932703884727,60.337563225382034],[5.2518130721271268,60.337555325874241],[5.2525018468016382,60.337427931508657],[5.2525354907197732,60.337421707811203],[5.252667120441421,60.337397359028813],[5.252708249427541,60.337389746488007],[5.2527184625944914,60.337390340237924],[5.25280470930295,60.337395335180339],[5.2528130308409535,60.337395821625329],[5.2533253568385803,60.337425518829654],[5.253464156172587,60.337537270369403],[5.2535361459490808,60.337595228089448],[5.2535437814236161,60.337601375940444],[5.2538111189899777,60.337591711962858],[5.2538226997000477,60.337591292528558],[5.2538818224620076,60.337589157819068],[5.253964706968528,60.337432918323138],[5.2543898226286752,60.337385600254194],[5.2544076297236284,60.337327289933377],[5.2544289196928968,60.337257590382997],[5.2544244626485348,60.337219478832225],[5.2544051651069505,60.337054398146165],[5.2547991783442516,60.336883498299436],[5.2548264093574959,60.336871682074282],[5.2548541473292714,60.336867457534638],[5.2554423199130085,60.33677793910892],[5.2554430954690305,60.336777817155756],[5.2559298929355496,60.336703730420794],[5.2568677361794975,60.336256931726879],[5.2570179637870664,60.336119505007616],[5.2570186723969003,60.336118859820431],[5.2572695384747234,60.335889340294358],[5.2573822480169348,60.335786226124057],[5.2582405288177512,60.335431233240541],[5.2583331297696123,60.33539293485962],[5.2584821262545844,60.335284981524865],[5.2587866400551997,60.335064359303701],[5.2588275388279051,60.335038150063184],[5.2589831252567061,60.334938480564645],[5.2590785803509021,60.334877314233239],[5.2598415661186424,60.334821311491403],[5.2605816083546832,60.334822167383692],[5.260783766030956,60.334809090704553],[5.260934265924937,60.334799350385609],[5.2612004154225067,60.334786690302707],[5.2612069620887683,60.334785571246009],[5.2614814460176076,60.334738449317044],[5.2614819438534752,60.334738535238571],[5.2614820447356978,60.334741612170689],[5.2614910138783548,60.33484567367816],[5.2614950255514437,60.33489217662958],[5.2614955855355516,60.33489884393682],[5.2614959092866949,60.334902349605038],[5.2614365806848493,60.334998466347628],[5.26125269700891,60.335296340116294],[5.2612548149580691,60.335300327741962],[5.2614756803285117,60.335716486601271],[5.2616718413683055,60.33608606299687],[5.2616331817767037,60.336495483012918],[5.2618543811402487,60.336856586367112],[5.2619212735138561,60.337234020407202],[5.261928653934139,60.337275656433825],[5.2619319198943195,60.337294004133241],[5.2619323633683264,60.33729662329921],[5.2619491685801707,60.337391494206649],[5.2619641428838575,60.337391681918277],[5.2621825084182907,60.337394438388685],[5.2622157821138744,60.337394754521675],[5.2622292227709107,60.337395033874209],[5.2622299219154627,60.337394945685624],[5.262261101651502,60.337395337710788],[5.2623873129772472,60.337396857846961],[5.2630860794383052,60.337405390923252],[5.2630987903380122,60.337405550782321],[5.2631087296591206,60.337498969913625],[5.2631487843255904,60.337871953671232],[5.2631572655612677,60.337950869170669],[5.2632118235043688,60.337957401685365],[5.2634744530682367,60.33798869048843],[5.2635431296490429,60.337996869440857],[5.2635438454643078,60.337996952496795],[5.2635657151320077,60.337999635061507],[5.2635695428828209,60.338006906619327],[5.2639365409259904,60.338696441221224],[5.2642516949444893,60.338905291521229],[5.2643325467915876,60.338958890054705],[5.2643271232934943,60.338986152623072],[5.2643270754771523,60.338986411946443],[5.2642702251340356,60.339267781843382],[5.2642426418851835,60.339403722036167],[5.2637175861649199,60.339406481979822],[5.2637168600610806,60.339406488521625],[5.2636995863801239,60.339406577913543],[5.2633011024355261,60.339408725691591],[5.2630518635531915,60.339699235496973],[5.2627020242182265,60.340106974770137],[5.2621031604108932,60.340798054747346],[5.2620654046732005,60.340843013779953],[5.2617158807774835,60.341259334851685],[5.2616651673064148,60.341319722046237],[5.2616193661447248,60.341374270072293],[5.2615867945367878,60.341413064911855],[5.2615704361970321,60.341432541184851],[5.2617014872282466,60.341590311332006],[5.2620400645894261,60.341997879809519],[5.2620523521173199,60.342012517389755],[5.261641654358586,60.342011926148238],[5.2612618192770961,60.342011366333892],[5.2604854543641348,60.342020937281781],[5.2598442396405476,60.342088366324951],[5.2594400455711314,60.342160758899738],[5.2588890037494904,60.342360517669462],[5.2587372174764182,60.342395244324322],[5.2586087706522129,60.342481701297679],[5.258532655366321,60.342532949692917],[5.2584025168165986,60.34256424083744],[5.2582845214954013,60.342594489657969],[5.258062683259257,60.342651286858676],[5.2579897484518829,60.342693609003476],[5.2577391480154345,60.342952171276437],[5.2577725264661073,60.343055680352727],[5.257871294370954,60.343430329513083],[5.257984115589208,60.343786039961117],[5.257999359959169,60.343834189777027],[5.2580081463140766,60.343861951336983],[5.2580031771096047,60.343862107985053],[5.2578903782919904,60.343865186612391],[5.2575798137262799,60.343873695914951],[5.2576129901010633,60.344169519142241],[5.2577139492156153,60.344544364911428],[5.2572718831515015,60.345005115278013],[5.2569217914124859,60.345384331657293],[5.2564347599020467,60.34565599605817],[5.256260302831584,60.34579614676511],[5.255972118130404,60.346049656265308],[5.2561653138628275,60.346159728114152],[5.2561657705581251,60.346159857836042],[5.2562008935303108,60.346170375543835],[5.2575476227410727,60.346573715623947],[5.2589008876731942,60.346979023155683],[5.2589013784958336,60.346979171805927],[5.2589024505399236,60.346979471651998],[5.258951326952702,60.346995499382729],[5.2599014687335597,60.347307099433806],[5.2603465054503342,60.34718371127471],[5.2605520119657658,60.347126737708649],[5.2608148232907253,60.347053875977558],[5.2612831756601066,60.346924022092516],[5.2621344845202147,60.346687982743909],[5.2622475469745957,60.346736987474159],[5.2640461629206277,60.34751629884768],[5.2646855314130008,60.347793308824926],[5.2647060288827667,60.347802172567199],[5.2647677081054516,60.347810180710503],[5.2647873506709875,60.347812728420884],[5.2648036896164507,60.34780626660875],[5.2648326087143245,60.347794963102494],[5.2650326717671891,60.347724499624654],[5.2651579364945862,60.34767807181656],[5.2652579588959405,60.347642835130557],[5.2653754833418809,60.347622346200332],[5.2654314822421142,60.347614374523651],[5.265570642367976,60.347594547539586],[5.2656240420649665,60.347585037589312],[5.2656448162424221,60.347581342979659],[5.26573231957651,60.347565780528321],[5.2658540550496875,60.347550173476073],[5.2659997146292818,60.347550258580434],[5.2661995671096955,60.347550383492958],[5.2662558007706073,60.347553195331479],[5.2664011593125464,60.347560507308465],[5.2665595075303591,60.347549568896923],[5.2665586977152943,60.347537941937148],[5.2665499850088118,60.347411192409133],[5.2664908206823497,60.346550333318319],[5.2664873110018746,60.346499215737836],[5.2664319539780635,60.346403801699935],[5.266425165005125,60.34639196175894],[5.266003926275344,60.346282678021289],[5.2657978133680006,60.34603922761891],[5.2654873846365291,60.345616489205305],[5.2654105355268186,60.345477055807045],[5.2657482520471675,60.345403036599748],[5.266408614866295,60.345258428240633],[5.2666126674607341,60.345263569593357],[5.2668703886555752,60.345535021102869],[5.2669729460893802,60.345599141898134],[5.2671693383305689,60.345588346148084],[5.2674899490931315,60.345576312235409],[5.267641284098544,60.345612958724523],[5.2677871616859315,60.345711113052282],[5.2679940204784348,60.345769920686955],[5.2683076370327173,60.345886925376703],[5.2686640585435374,60.345887058237679],[5.2701110514027087,60.34597742534509],[5.2696373442981859,60.346248953048146],[5.2692853366216372,60.346202413232135],[5.2682404413616393,60.346202944201977],[5.268211084415471,60.34621667199535],[5.267324616335844,60.346629599555563],[5.2670922908744888,60.346737855404328],[5.267228201391303,60.347062825550161],[5.2673876388730561,60.347063269325183],[5.2676358887350645,60.347063799104113],[5.2678669052384803,60.347064347654161],[5.2681953515023476,60.347065124815479],[5.2685694679698853,60.346851180593383],[5.2686586588017086,60.346725832854489],[5.2692622096153112,60.346736509086014],[5.270228944926064,60.346982083310159],[5.2704351496979429,60.347372787538788],[5.2706080428817232,60.347554319284406],[5.2710373225858609,60.348238458192213],[5.2713927577336328,60.348803402630573],[5.2724470793064562,60.3491006652457],[5.2728633466960968,60.348927360173448],[5.2737261973333664,60.349319516476051],[5.2739467491034917,60.349517912075044],[5.2742560497791153,60.349609981287024],[5.2743751743463259,60.349639181686968],[5.2745180176537385,60.349677981627089],[5.2746987646773826,60.349733690913126],[5.2748274788139513,60.349762953037853],[5.2749630970910699,60.349802763348485],[5.2741081821061657,60.350282236966954],[5.2733145075687711,60.350723379513717],[5.2729661159553158,60.350917025814269],[5.2729768093723681,60.350917424653602],[5.2731354485033082,60.350922953229052],[5.273311780652115,60.350929220573803],[5.2742387901656409,60.350962166999778],[5.2750490411886179,60.350990907746535],[5.2744739734701467,60.351790220189486],[5.2741714861706788,60.352218336370861],[5.2741521963549536,60.352233318581682],[5.2741285079808442,60.352251709924403],[5.2740982278965083,60.352274923009368],[5.2735370674844635,60.352691981832336],[5.2728982420622676,60.353151317127065],[5.272800566258681,60.353226750208847],[5.2721421052745709,60.353705000538127],[5.2714097725192666,60.354250979777255],[5.2713833936582004,60.354270661438761],[5.2713709590103281,60.354279930206637],[5.2712535923242703,60.354376624825626],[5.2708984130667247,60.354597760744682],[5.2711808966276461,60.35481080608259],[5.271111766438823,60.354877205714999],[5.2711072907121812,60.354881601331584],[5.2712057526854519,60.35497012380587],[5.2712059792350319,60.354970363864595],[5.2713464695126833,60.355096729749796],[5.2717941251510991,60.354953187416235],[5.2721138507123371,60.355059206747619],[5.2721222233741862,60.355061985392886],[5.2721127488013817,60.35506884746215],[5.2720863226180361,60.35508798862854],[5.2720636741623705,60.355104395410621],[5.2721358558207747,60.355124460433842],[5.2722208214975446,60.355148074986076],[5.2722820249205542,60.355193557028009],[5.272374080221617,60.355221496091872],[5.2725030802357606,60.355238903283173],[5.2725422514784528,60.355260163333668],[5.2725851488199158,60.355283586262047],[5.2730523738423862,60.355538743200292],[5.2732123690817607,60.355463691462752],[5.2733384470911497,60.355402681117269],[5.2736579701147157,60.35527156539068],[5.2738900642296542,60.355187434000626],[5.2739463876284249,60.355157023362757],[5.273967714714888,60.355145504918092],[5.274098886730485,60.355074659515729],[5.274543744812223,60.354913403273265],[5.2746507792645039,60.354847534371942],[5.2749663975181056,60.354678392773778],[5.2752287742029962,60.354530301137125],[5.2754183344713654,60.35441978917882],[5.2755785862797984,60.354332859204469],[5.2756546896268528,60.354291254373962],[5.2756879141304118,60.354273085096438],[5.2757524196348919,60.354180837601668],[5.2758163221042196,60.354107691686018],[5.2759051996784923,60.35400599720947],[5.2761696268488345,60.353971908353174],[5.2764136084197428,60.353989936498493],[5.2769897657381408,60.35417693428068],[5.2771364172164921,60.354224529512031],[5.2774112030859195,60.354170099853029],[5.2777769385492395,60.354097660832458],[5.2781374652211248,60.354054638018681],[5.2783577807263029,60.354060674182655],[5.2785871194204033,60.354090503496984],[5.2790674902315402,60.354245309106837],[5.2792925600338796,60.354253732933898],[5.2797399159193681,60.354187466069057],[5.280052328241374,60.35414889749643],[5.2806784629037828,60.35422141674421],[5.281034097736323,60.354382610740998],[5.2811796631211978,60.354509323322496],[5.2814463867707779,60.354781605801421],[5.2819208373270738,60.35478435707919],[5.2819150622473465,60.354915229134825],[5.281899959023332,60.355259226017587],[5.2818286735897244,60.355294587329858],[5.2817108231512391,60.355353121146848],[5.2814771929063946,60.355703281084374],[5.2814696998264283,60.355783005711615],[5.2814515164013915,60.35597622499553],[5.2814272346406543,60.356189830211569],[5.2814087060026349,60.356281686030847],[5.2813981879596748,60.356334153908598],[5.2813946533853944,60.35635115103306],[5.2813555417792903,60.356469495072055],[5.2813551635322211,60.356470266482276],[5.2807557349711445,60.356507618643143],[5.2805012219718508,60.35652750504007],[5.2801949970977375,60.356636978479379],[5.2799391396505442,60.356728446243842],[5.2798146870064597,60.356772888551546],[5.2798199505699444,60.356880870482158],[5.2798202201652815,60.356886459864249],[5.279836763083928,60.35722687558718],[5.2798540291198366,60.357509578653385],[5.2798776573793358,60.357523372280525],[5.2799699273631902,60.35757721657648],[5.2799817261344986,60.357576692975783],[5.2800205010712755,60.357574929119167],[5.2802149254339454,60.357566062135334],[5.2804904388387524,60.357553496306984],[5.2805241619920071,60.357551959427397],[5.2811267151180301,60.357309650778376],[5.2814714790260862,60.357325896472382],[5.2817501270059726,60.357402302584184],[5.2824897928726662,60.357445738176843],[5.2831948268368896,60.35743199621151],[5.2832733960262424,60.357440054271294],[5.2832738731172544,60.357440166488338],[5.2842285038209784,60.357538259114037],[5.284184104737216,60.357794491393705],[5.2841694805123254,60.357815672686115],[5.284022117739319,60.358028074407102],[5.2837689557867193,60.35842484536002],[5.2836704254035336,60.358535883513355],[5.2834654311893159,60.358691430028294],[5.2832715431478077,60.358780556700474],[5.2832976531826263,60.358894703127937],[5.2831486881195513,60.359114699420992],[5.2832061354196131,60.359319256226506],[5.2829728033378167,60.359585016781637],[5.2829696896116571,60.359588614949317],[5.2830990169430461,60.359594110875939],[5.2835540918936577,60.359608591261626],[5.2837512528598758,60.359583607245966],[5.2840972717751242,60.359577751204895],[5.2842740356136746,60.35957475704349],[5.2842814546067052,60.359596752454841],[5.2843068703459979,60.359672121048931],[5.2843815960389975,60.35989359115338],[5.2843588142932152,60.359936035741292],[5.2842926996710808,60.360059396049365],[5.2842813353072451,60.360080623573374],[5.2841416179486167,60.360428551249171],[5.2841081752666286,60.360511837779676],[5.2841056365958643,60.360516440780579],[5.2838677407303516,60.360949772560559],[5.2838638305602226,60.361320202536071],[5.283956263339614,60.361465595489719],[5.2840857650099533,60.361672966452794],[5.2843981141072005,60.361843347755496],[5.2846302567219663,60.361963433794237],[5.2848953318343241,60.362107450406093],[5.2850711575480496,60.362196587070372],[5.2850896165277153,60.362205947677744],[5.2851478412248687,60.362238819023382],[5.2852978109720272,60.362323484433894],[5.2853023326008879,60.362323934404749],[5.2857474997249669,60.362366470097498],[5.286156027738719,60.362499680291471],[5.2861288129544537,60.36258981070818],[5.286128666379545,60.362590300975413],[5.286128574352416,60.36259063097534],[5.286057251603574,60.362826795101775],[5.2861534476971697,60.362813088453571],[5.2862191553706452,60.362872846038364],[5.2864225407640122,60.362937079964723],[5.2865713075639649,60.36298408466385],[5.2866920868601568,60.363352847673681],[5.2872724743258885,60.36334190879198],[5.2872800278345258,60.363383942913735],[5.2872807274589437,60.363387998257892],[5.2872809621840249,60.36338944296196],[5.2876246703782304,60.363453154669763],[5.2880179499264237,60.363336495321633],[5.2880188890790434,60.36333621594671],[5.2882137435234702,60.363278415743856],[5.2882143531522443,60.363273857668425],[5.2882194792838098,60.363238074152854],[5.2883104071417986,60.36325646023294],[5.288400802622153,60.363274741496532],[5.2885200395471523,60.363299985212954],[5.288539160245163,60.363304024673212],[5.2887845561367932,60.363332126151683],[5.2888421104355761,60.36333873089081],[5.2888440643615837,60.363338623661711],[5.2890931486867165,60.363324914611958],[5.2891615062953026,60.363378983040647],[5.2891969001724579,60.363406981467172],[5.2892372073220741,60.363438847257406],[5.2892529696013382,60.363451349803185],[5.2892679938128744,60.36346348119131],[5.2892228240465675,60.363485023580502],[5.2892020420403609,60.363494941774093],[5.2891312260940104,60.363526248531578],[5.289080158543273,60.363553369789152],[5.2890298473736959,60.363573366364697],[5.2890649061916895,60.363602874509148],[5.2890823487986429,60.363639836508803],[5.289084251743712,60.363643844542992],[5.2890626268675955,60.363655905388597],[5.2889563653095655,60.363715147021907],[5.2888689388947441,60.363763876764864],[5.2888688090064635,60.363766452811134],[5.2888606615379121,60.363920619194914],[5.2888544366852646,60.364143987090173],[5.2888485914421839,60.364359554655756],[5.2888454035496393,60.36447668346873],[5.288840148663577,60.364945021544592],[5.2891698856700371,60.36493553266348],[5.2893099188096198,60.364931505696546],[5.2898469636800955,60.364916064153462],[5.2898093338208598,60.364993491419838],[5.2897911550959211,60.365026294958952],[5.289771414459139,60.365073301511678],[5.2897533110695134,60.365106080184823],[5.2897231345496518,60.365159950167076],[5.2897036649607019,60.365204573364103],[5.2897178852807238,60.36529059387653],[5.2897821154211178,60.365527847145756],[5.289968576144167,60.365830316672216],[5.290119373000028,60.365981962733144],[5.2902976098355108,60.366103481368725],[5.2904876156890674,60.366206272812299],[5.2907262790929677,60.366303321094357],[5.2909904832878922,60.366386772149326],[5.2911224953140641,60.366408316010265],[5.291131629810061,60.366410179834681],[5.2912914068382895,60.366442754070775],[5.2912884710740462,60.366428677221549],[5.291280766071206,60.36638792456305],[5.2912792780658826,60.366380584465482],[5.2913670303352012,60.366349281681885],[5.2913843953216668,60.36634308785051],[5.2914317848175152,60.366306362306432],[5.2915278525387768,60.36626385821463],[5.2916707117511388,60.366232160345113],[5.2917758260452912,60.366194681331564],[5.2918615746105644,60.366116205188369],[5.2918888210437922,60.365986912332112],[5.2919223924566365,60.366191337146759],[5.2919784208727547,60.366255765103901],[5.2920252375517753,60.366303532225942],[5.29208588002097,60.366377499699475],[5.2921451312629513,60.366410405318412],[5.2921852467552766,60.366432683111263],[5.2922422363488408,60.366456752921316],[5.2922992745841428,60.366476087181439],[5.2923709961075067,60.366485997724446],[5.292442105809692,60.366493149702585],[5.2925362865499643,60.366461486183837],[5.2925819634307016,60.366496943156697],[5.2930259853024282,60.366841880377329],[5.2928278355967748,60.367113843104619],[5.2927371652534045,60.367215327681421],[5.2926505821456322,60.367312306182498],[5.292494114656253,60.367408252079585],[5.2923975834455188,60.367467579226037],[5.2924488513931598,60.367474312494096],[5.2929090611700573,60.367534634793238],[5.2931308905696977,60.367566950948564],[5.2932483479839343,60.3675840688473],[5.2933012074359054,60.36754392680804],[5.2936535711464394,60.36727529314129],[5.2936589171170221,60.367251578066899],[5.2936818117809175,60.367240486664308],[5.2937801777394231,60.367192930649857],[5.2939076610682907,60.36707251771977],[5.293909955994363,60.36707037057014],[5.2942410446322148,60.366760973223329],[5.2943386863331749,60.366670432196706],[5.2943392645244831,60.36666486653467],[5.2943483861464564,60.366585097327189],[5.294401570708974,60.366581825303321],[5.2944192827971799,60.366581195578533],[5.294551069559077,60.366576483633267],[5.2947486355532813,60.366570099900009],[5.2949071840359458,60.366569764966741],[5.2951487172822453,60.366746935457002],[5.2952307196135484,60.366807088381044],[5.2953152180188621,60.366866519846049],[5.2955667932891224,60.367061406833237],[5.295567848242694,60.367061705887551],[5.2958121249566528,60.367141957994029],[5.2959764581898616,60.367132264268157],[5.2961020431935992,60.367126245378884],[5.2964194504819559,60.367206439983335],[5.2964306555892824,60.367215003533673],[5.2965041802389683,60.367271530758288],[5.2966011527691244,60.367344521815646],[5.2967304779240818,60.367441864867324],[5.297012137816103,60.367653379644203],[5.2969464177938406,60.367676401474732],[5.296722125033539,60.367754723840044],[5.2968562603873224,60.367841693354343],[5.297066644623472,60.368018756116555],[5.2972497280295654,60.368140426690488],[5.2972648475748771,60.368154159656171],[5.2974630420948223,60.368334234782772],[5.2978796967154071,60.367946577786618],[5.2978802049845246,60.367946097584031],[5.297880507910893,60.367945827382485],[5.297895646976972,60.367931741848196],[5.298051990648271,60.367786260546467],[5.2980536573471815,60.367784689063598],[5.2981178071399286,60.367728500865709],[5.2982466484625812,60.367615663093687],[5.2984642235806723,60.367425111304627],[5.2986941479895915,60.367388882608353],[5.2988672653098439,60.367361606010263],[5.2988678564564911,60.367361514611353],[5.2989046866443097,60.367355709047374],[5.2989095093266902,60.367354953493532],[5.2989951434181517,60.367341464612835],[5.2991998413785755,60.367309215548751],[5.2993492114876695,60.367285681411246],[5.2994152187426593,60.367465875070664],[5.2993081114759164,60.367480186507365],[5.2991175228542788,60.367505646930461],[5.2990220439555618,60.367518403360876],[5.2988386047932607,60.367542911960584],[5.2987760944479385,60.36755126516924],[5.2987081844460011,60.367560339852439],[5.29870495481899,60.367563368874194],[5.2984434576309072,60.367809396396012],[5.2983963960847333,60.367853674692789],[5.298379052200568,60.367879347784807],[5.2983494796121748,60.367928481472163],[5.298328661176515,60.367970048077872],[5.2983060102774946,60.368015284825894],[5.2982770950732991,60.368071573564094],[5.2982416146479077,60.368140604707953],[5.2982012126364006,60.368219251140594],[5.2981152858019263,60.368426124889943],[5.2980305111873029,60.368712182163719],[5.2980023849633344,60.368807061873937],[5.2981650536857332,60.368960250866905],[5.2982297665744946,60.369003651268201],[5.2984454858585321,60.369007268037976],[5.2984460529723059,60.369007868074391],[5.2985232157559938,60.36908804483501],[5.2986710660631431,60.369241656385434],[5.2990679655854924,60.369636582679952],[5.2990695647560697,60.369638164214635],[5.2992877249266304,60.369804491684668],[5.2994375977773132,60.369918762621928],[5.2994995397597844,60.369965977144126],[5.2995241445035157,60.370227450073259],[5.2994301138084534,60.370438260573643],[5.2992518152982884,60.37068129408955],[5.2989911387961408,60.371036599260378],[5.2989427579835464,60.371154644423285],[5.2989396666304946,60.371162207434693],[5.2989377374204478,60.371451911162602],[5.2989464177374446,60.371907943084203],[5.2989475375204753,60.372480271457597],[5.298953782970699,60.372829382045502],[5.2989641631163416,60.372840277307148],[5.2989819289218785,60.372858865496994],[5.2992862486809429,60.373177966420258],[5.2995582404969372,60.373445463338889],[5.2996799486806392,60.373574364602447],[5.2997163611790485,60.37361258994698],[5.2997102962717948,60.374075473645867],[5.2997102584804905,60.374080443148095],[5.2988642776916697,60.374157381297039],[5.2988499697680425,60.374158690713735],[5.298891816921012,60.374422558289673],[5.2991774876014732,60.374864918445283],[5.2994835178710886,60.375338755493701],[5.2995122234790859,60.375383157029873],[5.2997762365060117,60.375347766508277],[5.3008208719694974,60.375207733187331],[5.3008244306525336,60.375202609991362],[5.3011567869174225,60.374720501735204],[5.3011576138835999,60.374719293343439],[5.3011682202699797,60.374703894830212],[5.3011772696481287,60.374717889792763],[5.3013071800718174,60.374918411910002],[5.3013132688401203,60.37494953714711],[5.3013170054595706,60.37496859751149],[5.3013553700415006,60.375165601650743],[5.301442755389167,60.375332321726106],[5.3014354640966186,60.375441515876922],[5.3014078040261454,60.375442103543406],[5.3012769679281861,60.375444853985393],[5.3012627734205999,60.375445160132784],[5.3012578619710169,60.375445248186431],[5.3012416980199584,60.375523527269202],[5.301245857501887,60.375531984176412],[5.301250583635996,60.375541526461653],[5.3012829416129188,60.375606873135837],[5.3012155869299509,60.375731033511073],[5.3012093668296361,60.375742491348909],[5.301182780113292,60.375791520010267],[5.3010909882193964,60.376028451158632],[5.3010642768929008,60.376147028073959],[5.3010427707680989,60.376249013540168],[5.3010295658194329,60.376405654354208],[5.3010419894308978,60.376697806336338],[5.3010394632568403,60.376721501204031],[5.301438416565297,60.376771287113861],[5.3015006694047351,60.376776389696772],[5.3016810995254264,60.376855778795964],[5.3017694681930578,60.376975013553015],[5.3017830441307616,60.376991201694921],[5.3017834758135107,60.376991717050359],[5.3018657291665345,60.37698903467242],[5.3020824765608099,60.376981977018197],[5.3023332060617294,60.376973823868809],[5.3027417373987351,60.376960513468795],[5.3028395473357666,60.376957364311664],[5.3026954875640246,60.37717261902511],[5.3025754708533173,60.377380920216801],[5.3024150148118832,60.37768160212817],[5.3021835134241906,60.377941505155434],[5.3021672021593611,60.37795309581152],[5.3018746119075226,60.378160946529867],[5.3017591399835471,60.37824306055689],[5.3012888587353562,60.378507536990931],[5.3009523057992478,60.378696815263787],[5.3008901051162791,60.378763189176269],[5.3008579207621134,60.378797527926757],[5.3008253043991589,60.378832313055035],[5.3008194774694459,60.378838541626216],[5.3010593392112879,60.379044127385576],[5.3010597776334398,60.379333105496499],[5.3010598664715731,60.379393257890712],[5.3010491821623571,60.379663302702077],[5.3010484106227382,60.379682893777201],[5.300645913925921,60.379664009537827],[5.3003783620197371,60.37961737525324],[5.3004154469619964,60.379496552375457],[5.3004198508898286,60.379482230670817],[5.3002243838908045,60.379460818855186],[5.3000729773982469,60.379444237296632],[5.3000083835226821,60.379437163457148],[5.2999707947472601,60.379499574993396],[5.2999086338283483,60.379602819779457],[5.2998560430113857,60.379595405808331],[5.2998864805430381,60.379521946343054],[5.2998717454893667,60.379515325298584],[5.2995975688854289,60.379392113115571],[5.2995921795772869,60.379389689059636],[5.2994580842994381,60.379598764544404],[5.2993782147218242,60.379723312924341],[5.299049024360734,60.379899506970176],[5.2990139270603622,60.37992413772303],[5.2987369653080858,60.380118575221893],[5.2985175143993626,60.380264629218992],[5.2984397922776587,60.380316368397118],[5.2983780184394886,60.380360372181848],[5.298339984500533,60.380387509654625],[5.2983373946662633,60.380389370040596],[5.2984227196716356,60.38043260672579],[5.298825974604064,60.380624867843409],[5.2986945877191021,60.380709637419329],[5.2985756101633887,60.380875198047235],[5.2984516729810887,60.381050202080615],[5.2981396086418941,60.381364105085474],[5.2980789851989609,60.381425128778545],[5.2980784142719815,60.381425679147384],[5.2980844498334578,60.381427051641218],[5.2982502340820643,60.381464663881069],[5.298216008870086,60.381486712124072],[5.2981041236373674,60.381558802332833],[5.2980361547430777,60.381594022675777],[5.2980127259037442,60.381599671141679],[5.2979493862432623,60.381614922398612],[5.2979480645201305,60.381619523582195],[5.2979233079304802,60.381706048162933],[5.2979127611082779,60.38174293927608],[5.29797471198843,60.381764681350447],[5.2979395456146925,60.381830961945184],[5.29787160741646,60.381863828124928],[5.2978025386478862,60.381935564358976],[5.2977192619286697,60.382022077251413],[5.2976365203372113,60.382073838069758],[5.2976281501241322,60.382071438790668],[5.2972981864798907,60.381976941368052],[5.2972461881999751,60.381998314638317],[5.2972012955086862,60.382016757837803],[5.2968609100660924,60.382216688128175],[5.2964086614588668,60.382479628904669],[5.2964063677605964,60.382480958205832],[5.2964038214442359,60.382482433272017],[5.2961720513158319,60.382340989697639],[5.2959417670125655,60.382509424726479],[5.295844745839787,60.382580381296897],[5.295840189562929,60.382583723863021],[5.2958693256882254,60.382596400236416],[5.2958733747247821,60.38259815791271],[5.2958725735298735,60.382598656915974],[5.2957478459581901,60.382675340098395],[5.2955976426814253,60.382767672180634],[5.2955901259443969,60.382772298484745],[5.2956920303709563,60.382812511320481],[5.2957357011881596,60.382829745297649],[5.2957612161089171,60.382839777095207],[5.2957596781920744,60.382840687013378],[5.2955719504885144,60.382954183845101],[5.2955277090306767,60.382980931931769],[5.2955209195996966,60.382978522636051],[5.2954416877304169,60.382950500438007],[5.2954268323920513,60.382945250782271],[5.2953706746223732,60.382925412692273],[5.2951693576865093,60.382917124557039],[5.2947887992667084,60.382986165514154],[5.2946692127484472,60.38301633243627],[5.2946116975432238,60.383030144574676],[5.2946016356723185,60.383032560664581],[5.2945920385404976,60.383034881845461],[5.2947339135035936,60.383121187144901],[5.294735302441099,60.383121747177476],[5.294757464547903,60.383131083510982],[5.2949704687939327,60.383219910070828],[5.2951313094259049,60.383337609446841],[5.2952157453486413,60.383399393291796],[5.2952222272517897,60.383408499349066],[5.2952854329903296,60.38349714202058],[5.2954508161024387,60.383604936523177],[5.2958570367743985,60.383877986283053],[5.2954888882730913,60.384030229841706],[5.2953799123546839,60.38438350998679],[5.2953096483251292,60.384516116927408],[5.2950991529897475,60.384697820749331],[5.2952347053673199,60.384796523875679],[5.2953161418742178,60.384855815118961],[5.295175577971909,60.384916776477525],[5.2949828519252513,60.384951314518787],[5.2947183303986529,60.384980696632141],[5.2944201836672526,60.385009869163909],[5.2942515523558349,60.385045850680257],[5.2942466389989367,60.38504690020406],[5.2941926474833751,60.38501390016711],[5.2939249672939024,60.384850284389486],[5.2938457902843261,60.384767802324504],[5.2938215035970906,60.384742497227023],[5.2938181972464218,60.384738998473672],[5.2938172885615273,60.384738047342879],[5.2937693809445809,60.384771766564967],[5.2936321521455127,60.384868350318882],[5.2935371847463566,60.384935192065015],[5.2934758129669852,60.384978396097665],[5.2932419613914838,60.385131447352109],[5.2930547470622136,60.385258905281077],[5.2930333736983801,60.385273427830306],[5.293031799134873,60.385274498489274],[5.2930274277833753,60.385277486591619],[5.2930668135699381,60.38530223306519],[5.2930853655517831,60.385313940808885],[5.2931182920677795,60.38533465117289],[5.2931645873633073,60.3853637878155],[5.2931352232426985,60.385370177842006],[5.2931236769643775,60.385372705253374],[5.2931152977017728,60.385374529981668],[5.2931115361351537,60.385375350913577],[5.2930029217735344,60.385550445290612],[5.292890150489538,60.385549826898867],[5.2928638375817147,60.385549668522842],[5.2927511082157173,60.385538948252673],[5.292530211883423,60.385517949230874],[5.2923369815048247,60.385499581902181],[5.2923347723212402,60.385499367496401],[5.2923324545269361,60.385499150061911],[5.2922936206613089,60.385698346101734],[5.2922834209426624,60.38575062568561],[5.2922764235053057,60.385866668202389],[5.2922756912768492,60.385878845006388],[5.2922073913180219,60.385954806697129],[5.2921671192606992,60.385999587294144],[5.2921524613818178,60.386015887928352],[5.2921083832094382,60.386045605717626],[5.2919263269544192,60.386168343359181],[5.291918438692452,60.386173669199422],[5.2915456215909096,60.38632775887325],[5.2915190378118808,60.386338747263515],[5.2918162480079278,60.386554191455033],[5.2917512241272355,60.386564503340672],[5.291774058346264,60.386582146167392],[5.2918677258127582,60.386654580100547],[5.2918996880370708,60.386679299641109],[5.2915627283388753,60.38692672703062],[5.2915490661039808,60.386921833823017],[5.2910035012519128,60.386726786242953],[5.2909927872951563,60.386722954948972],[5.2909908503592842,60.386722262744001],[5.2909891395733251,60.386721657742797],[5.2906424919416875,60.386976111261895],[5.2906482410583875,60.386978410879998],[5.2906572929433873,60.386982007078103],[5.291039685225492,60.387133881540088],[5.2909806932708259,60.387194076053078],[5.2909532211687962,60.387183512399105],[5.29058856614152,60.387043323052318],[5.2905801281888749,60.387040076546988],[5.2905736381433472,60.387037585476747],[5.2905670124610396,60.387035009726759],[5.2903848204068655,60.387170478208752],[5.2902498270638922,60.387270851375064],[5.2900171781350975,60.38744383135576],[5.2900123778228831,60.387447391645388],[5.2898966548895903,60.387461627175469],[5.289791024688177,60.387474625189618],[5.2897884313658228,60.387474912362968],[5.2893989087650661,60.387518440568186],[5.2893908511109853,60.387519348246649],[5.2893868957158681,60.387519795146538],[5.2893828900558333,60.38763976821361],[5.2892053707951394,60.387739564879233],[5.2889857443574346,60.387863039056953],[5.2889441818437923,60.387886408393442],[5.2889285816704623,60.387895177112121],[5.2889075864443518,60.387906986133508],[5.2889063058927368,60.387907705418506],[5.2889066591052067,60.387906996205395],[5.2889206870729524,60.387879191143298],[5.2889410251083717,60.387838879573486],[5.2889481576525537,60.387824733169509],[5.2889767744685026,60.387768024131233],[5.2889338573113429,60.387730917726714],[5.288901702395143,60.387703118044882],[5.2888827732318884,60.387686752192344],[5.2889288516411117,60.387655464307144],[5.2889479829755484,60.387642479716483],[5.2890693799432622,60.387560118558895],[5.2892436426000806,60.387441876912952],[5.2892390516590462,60.387281476847164],[5.2890880913356479,60.387171434547994],[5.2887749386405298,60.387022385719597],[5.2886014039455311,60.386780886692513],[5.2885984570192743,60.38677678662507],[5.2886052287930871,60.386648657362535],[5.2883002898876388,60.38664066668909],[5.2882552058755223,60.386639489059405],[5.2882550576803986,60.386637920941993],[5.2882512505562378,60.386592603044953],[5.2882448681812679,60.386517452686533],[5.2882439414770097,60.386506460976769],[5.2877079418165689,60.386493816228707],[5.2876907941538764,60.386766818427283],[5.2876141156480942,60.386761621527327],[5.2876187306984868,60.386706786332894],[5.2876236966260297,60.386647916156235],[5.287637395213431,60.386485491787759],[5.287655744272417,60.386267918617705],[5.2874083698734902,60.386336774897643],[5.286897094913086,60.386479085101342],[5.2868941124846103,60.386479918632034],[5.2868366283686168,60.386495921616635],[5.2867319948507623,60.386525043224843],[5.2867315506395975,60.386525435297493],[5.2865612033253191,60.386676995233302],[5.2865065751446805,60.3867256068744],[5.28656209305632,60.386846011034294],[5.2865658653579324,60.38685417898364],[5.2864771570936346,60.386953387318137],[5.2861727650372448,60.387243687269915],[5.2861651532495424,60.387248966582504],[5.2860166185882083,60.387352031515768],[5.2861973017256929,60.38752065814775],[5.2863827301578317,60.38769371348296],[5.2863337764296059,60.387733791780811],[5.2863627434023988,60.387747004795749],[5.2863812316641612,60.387755439934033],[5.2862797314635435,60.387788100323476],[5.2860665274555192,60.387874735018627],[5.2858349266911766,60.38772851423326],[5.2855016495081619,60.387870200665617],[5.2850415379101889,60.387829859939863],[5.284951041051869,60.387821920510305],[5.2849321846691506,60.387823721669015],[5.2846492274419976,60.387851077178077],[5.2845566975389078,60.387860005852126],[5.284286309109488,60.38789768894145],[5.284147535742286,60.387917019004099],[5.2840905006578129,60.387937806268631],[5.284070038700083,60.387945243115801],[5.2839665863717968,60.387982889739362],[5.2838716662648597,60.388017538912067],[5.2837313241841617,60.3881079140954],[5.2837108796439987,60.388121085987031],[5.2835895028555528,60.388179731661744],[5.2834885512001071,60.388143563039584],[5.2835895991720525,60.387932813554464],[5.2835160284692275,60.387821413156487],[5.2834852756293893,60.387774838508825],[5.2834840790155777,60.387773070298152],[5.2833932246916682,60.387818403148479],[5.2831830718727426,60.387923266268608],[5.2831263961317205,60.387945195716689],[5.283086197750908,60.387960709601792],[5.2826999808234358,60.388062969291347],[5.28257867791402,60.388076557178813],[5.2822847905222297,60.388127079916224],[5.2825040288181411,60.388328518944924],[5.2824708905403979,60.388351384826002],[5.2822152000608646,60.38807201260164],[5.2818338244434431,60.388171915418233],[5.2817348193656581,60.388100097828129],[5.2814721824920561,60.388192003513936],[5.2813477807648246,60.388235587906287],[5.2814988712149917,60.388336196191872],[5.2814930256619084,60.388392012646293],[5.2814926608954629,60.388395525909104],[5.2814859312802378,60.38839863646642],[5.2814048096418373,60.38843598884052],[5.2813907434554874,60.388442435659982],[5.2813755171423606,60.388504856929259],[5.2813597419082647,60.38856922232366],[5.2813588719695437,60.388572865273488],[5.2813860675570607,60.388594425049249],[5.2810439071374411,60.388697543709874],[5.2810150402458413,60.388706210149039],[5.2805697537122027,60.388770561475752],[5.280485863841168,60.388782677269568],[5.2802940979644015,60.388810363405469],[5.2802881872106724,60.388811231727452],[5.2800676220049487,60.389206520869593],[5.2799673264504374,60.389407581699757],[5.2799365150122917,60.389469360112614],[5.2797685938231549,60.389756669488449],[5.2797663594199342,60.389760489979636],[5.279684124712432,60.389748868226093],[5.2795661961591582,60.389732211939105],[5.279556042115793,60.389730795295648],[5.2794930090643089,60.389953643722222],[5.2794984555063245,60.38997003821563],[5.2794990634390313,60.389971870889426],[5.2795287977753604,60.390060717604662],[5.2796608784530328,60.390146989796186],[5.2797512259661392,60.390180770301946],[5.2797218533566683,60.390204343144575],[5.2794127499179497,60.390101199386024],[5.2794031454751957,60.390097991434921],[5.2793951247167872,60.390128138942842]]]},"properties":{"OBJECTID":2,"OBJTYPE":"KpAngittHensynSone","KPANGITTHENSYN":530,"HENSYNSONENAVN":"H530_3","BESKRIVELSE":"Byfjellsgrense - vest","KOMM":"4601","PLANID":"65270000","SHAPE.STArea()":8519323.8764984999,"SHAPE.STLength()":24157.725912829377}},{"type":"Feature","id":3,"geometry":{"type":"Polygon","coordinates":[[[5.3100535482770681,60.380825393876826],[5.3098340150074872,60.380916643849254],[5.3095964188143299,60.381015391674687],[5.3095716964534478,60.38102559025495],[5.3095548277880074,60.381032654202016],[5.3094998191396972,60.381056006846158],[5.3090758837231018,60.38123597663666],[5.308831386405684,60.381333093467049],[5.3087303411200963,60.381284079284534],[5.3087050579828077,60.381271818379055],[5.308686000283469,60.381262462754194],[5.3086133807110025,60.38122682130129],[5.3085507099152451,60.381197280450877],[5.3085406442072296,60.38119253379103],[5.3086203108939749,60.381159241995285],[5.3087544402130753,60.381102133254814],[5.3087580458016452,60.381100597490907],[5.3086580937809842,60.381057806523202],[5.3086527606864804,60.381055519238117],[5.3085716395048905,60.381019920344457],[5.3085474016312908,60.381009333283316],[5.3084527871474645,60.380967993652284],[5.3083691797413248,60.380935111964291],[5.3083069146093447,60.380907766402849],[5.3082556987611742,60.380885940835363],[5.3082149988569274,60.380868092455664],[5.3082249272473705,60.380852737504021],[5.308235032911873,60.380837099848904],[5.3081972157302246,60.380816724904278],[5.3081862067034713,60.380810370080077],[5.3081593800409825,60.380794911306872],[5.3081307570032621,60.380778962218152],[5.3081298344546415,60.380778451232182],[5.3081150829569737,60.38077099477686],[5.3080731621085988,60.380749822729058],[5.3080649371379662,60.380750304402973],[5.3080077365102971,60.380753578637268],[5.3079981875818767,60.380753726927395],[5.3079449887288792,60.380754532622419],[5.3079562959651936,60.380731656823009],[5.307973176921422,60.380706059550647],[5.3079842142673357,60.380684443604295],[5.3079848461087078,60.380683193800792],[5.307989565479291,60.380675514028432],[5.3079988682042192,60.380660393390123],[5.3080053340182314,60.380641787406802],[5.3080071898436261,60.380636625731263],[5.3081269253452472,60.380632670188874],[5.308198669204395,60.380318364325383],[5.3081359478031223,60.380081938238895],[5.3081022746357052,60.379954492898719],[5.3080983339940762,60.379939597722696],[5.3080926970927438,60.379920925299359],[5.308095160852166,60.379900302660118],[5.3081489909298023,60.379894714709998],[5.3081478013394259,60.379860346387346],[5.3081409474994512,60.37981027102127],[5.308109575746693,60.379800321668213],[5.3081160143535007,60.37977874878937],[5.3081554662027317,60.379792697603222],[5.3082245005983832,60.379806748811482],[5.3082532224087222,60.379814287595231],[5.3082973204607313,60.379825848660055],[5.3083247212489892,60.379760275910094],[5.3083666764025361,60.379662389905263],[5.3083775046265185,60.379626108220634],[5.3083943309533579,60.379584959642955],[5.3084083800323834,60.379536273662517],[5.308226945249122,60.379334724461053],[5.308215624666162,60.379322150065327],[5.3081922915734587,60.379296218051067],[5.3081330494174894,60.379303111812959],[5.3080243851750772,60.379023524314022],[5.307974999377997,60.378908181224041],[5.3079409239380837,60.378814745329187],[5.3079066368423513,60.378731190670528],[5.3078879807868464,60.378679529145259],[5.3078615093685446,60.378611921046016],[5.3078423965852171,60.378564291561034],[5.3078235597354215,60.378512625001136],[5.307788884770809,60.378416475908224],[5.3076229968286182,60.37821736184258],[5.3077189889850711,60.378190546282504],[5.307718748855927,60.378189461017428],[5.3076634488479142,60.377967711800821],[5.3076592810041712,60.377797807063601],[5.3077469565390203,60.377632880008029],[5.3076728706945389,60.377562511285603],[5.307663487282297,60.377307252599799],[5.3077041336420034,60.377207766489718],[5.3077328171721527,60.377137591529824],[5.3077920281462241,60.376980322899392],[5.3079330299461382,60.376918336735677],[5.3082360494357363,60.376785114410325],[5.3086293085172143,60.376602067332861],[5.3089816889231942,60.376451320638978],[5.3093593882531849,60.376275749229478],[5.3095716811718887,60.375839059305598],[5.309579914125214,60.375820861861371],[5.3096915062361996,60.375574444739179],[5.3097097138217837,60.375535491584216],[5.3097278040008602,60.375497254231519],[5.3097420734414795,60.375470955124065],[5.3097532708325392,60.375444211204879],[5.3097547929015727,60.37544038849196],[5.3097693337977869,60.375408164645997],[5.3097837055041959,60.375374228327082],[5.3098000441867788,60.375343762159467],[5.3098155608365722,60.37531093621579],[5.3098178517238273,60.375306415780933],[5.3098305093815998,60.37527911916581],[5.3098495265331316,60.375238624507226],[5.309859553840286,60.37521644111763],[5.3098747977387388,60.375183778375145],[5.3099765024307555,60.374966927739763],[5.3100659940950878,60.374776163614513],[5.3100728020970109,60.374762690388387],[5.3101823922879667,60.374541744141325],[5.3104532358816146,60.373962865737866],[5.310850867537467,60.373134575296234],[5.3104608691474411,60.373171290274762],[5.3101731593820869,60.373198367720754],[5.3101291476260153,60.373113644825636],[5.3100780762537552,60.373045264401547],[5.3100471582011508,60.372970432520781],[5.3100022332740027,60.372918311719289],[5.3099709338569765,60.37286288393797],[5.309945783586838,60.372810862630729],[5.3098820196247578,60.372735954812804],[5.3098129100195717,60.372605656512434],[5.3098442053945858,60.372585762338666],[5.3098631777531766,60.372573705412101],[5.3097384108236376,60.372277672820843],[5.3095345038757316,60.372133951681406],[5.309529356664445,60.37205597014745],[5.3095206683715768,60.371980407022363],[5.3095089431306528,60.371851189341903],[5.3095078679561887,60.371840966764857],[5.3094966749676669,60.371733821133084],[5.3094283230228987,60.371571212688792],[5.3093258166217012,60.371327120759403],[5.3093080199987677,60.371329439967347],[5.3090993999013962,60.371356607473132],[5.3089763825936496,60.371372696208674],[5.3082573136362461,60.370993285058425],[5.3074537246299034,60.370788591403006],[5.3071101020212321,60.370703112002474],[5.3069789202728694,60.370670480107442],[5.3063930119630918,60.370524714701652],[5.3064110783139,60.370244502750403],[5.3064401765076692,60.370184730100448],[5.3064379650293434,60.37018470460184],[5.3064495504675335,60.370161270425186],[5.3067559891936122,60.369541763014894],[5.3068365988938666,60.369378797635541],[5.3061148976609331,60.36923911760875],[5.3059396904345739,60.369205207117425],[5.3058696036000743,60.369067715440316],[5.3058430253270643,60.369015563589386],[5.3058986846390663,60.368899183804757],[5.3059551348482072,60.368820666792985],[5.3059214862816946,60.368701175736334],[5.3059459288963691,60.36862546335761],[5.3059606452875983,60.368579843193835],[5.3059891455229664,60.368582199242695],[5.3062237067256159,60.368601625181533],[5.3064225637424212,60.368456417296493],[5.3065297267596687,60.368479735738418],[5.3067232570983247,60.36852185763545],[5.3073245057936758,60.368652705402702],[5.3075814167143021,60.368813722446859],[5.3077141438959545,60.369229882904705],[5.3079107252422322,60.369545422066707],[5.3079974417438134,60.369686807922378],[5.3086217145353061,60.369744234209662],[5.3092976313769791,60.369609573449203],[5.3095161627148517,60.369491234095079],[5.3097436457647067,60.369368037586817],[5.3106299569429067,60.369209370222528],[5.3106724911834462,60.369201113117562],[5.3109155771829348,60.369153930328395],[5.3113795150036864,60.36906388100406],[5.3116853228421244,60.369004523561976],[5.3123073841221018,60.368883768467299],[5.3126981435408744,60.368807917217403],[5.3127713144059516,60.368793714215059],[5.3128391597713156,60.368780540907856],[5.3134245766968196,60.3686642021175],[5.3134490875489968,60.368659309213236],[5.3136087939478411,60.368455570205235],[5.3137118652706716,60.368298437496428],[5.3137870815086004,60.368183792780542],[5.3138461575382152,60.368099206621615],[5.3139471206331423,60.367954598885191],[5.3140154713649332,60.367878026755157],[5.3142120941781643,60.36765767591271],[5.31426850158494,60.367591216852226],[5.3143414696345257,60.367505254037901],[5.3144066091955393,60.367428493822871],[5.3145507730442123,60.367246541910191],[5.3146015803848794,60.367182408215236],[5.314709045520992,60.367003986648101],[5.3147672425299142,60.366890208841632],[5.3147910591030492,60.366843599876219],[5.3148350986589215,60.366757445951094],[5.3148775486287558,60.366621291130706],[5.3149094012014446,60.366519159698868],[5.3149661891491746,60.366297735181739],[5.3148512063332163,60.366049796524436],[5.3147523831127996,60.365853179417989],[5.3146013446746441,60.365681809532951],[5.3144683646979178,60.365476407253105],[5.3143343192317589,60.365305166656363],[5.3142005224829125,60.365133824933423],[5.3140667068523548,60.36496266228859],[5.3139326640005899,60.364799942159074],[5.3138640426840285,60.364694053591258],[5.3138161558443375,60.364620181054214],[5.3136489042348281,60.364406115275656],[5.3136316849542862,60.364393413609534],[5.3134626507372582,60.364268641611496],[5.313123597425407,60.364036506839504],[5.3127674697029645,60.36390436844416],[5.3124238170876348,60.363776835623817],[5.3123929487486139,60.363768977264662],[5.3117734399728924,60.363611200786117],[5.3117657295577452,60.363611022765419],[5.3117650421358897,60.363611003688568],[5.3117641376334417,60.363610978587438],[5.3114272382678314,60.363603147778271],[5.3112722361404074,60.363599546866254],[5.3112152955035867,60.363598227125074],[5.3112691279380169,60.36338705825969],[5.3113494907774355,60.363052047996227],[5.3113786640551881,60.362824644949107],[5.3114325913439471,60.362585345324554],[5.3114351477521469,60.36196280624015],[5.3114352266589568,60.361944463324583],[5.3114383386689781,60.361644250831581],[5.3114467193534782,60.361435415739699],[5.3113771120198283,60.361303243398048],[5.3112728080900382,60.361180561344639],[5.3112594041399186,60.361164792349918],[5.3111976539470165,60.361141704199007],[5.3110316939655631,60.361079644354959],[5.3107313937193465,60.360988166438091],[5.3104663011450501,60.360944763958706],[5.3099964225887701,60.36087023806909],[5.3095873329731411,60.360778073708701],[5.3093114757166671,60.360680709753758],[5.3091607676179295,60.360606909847817],[5.3089526733888484,60.360505000404565],[5.3088839792534044,60.360469062722174],[5.3085883030981957,60.360314394521858],[5.3089790296032824,60.360196804323266],[5.3088910481216915,60.36014483509539],[5.3085810442338754,60.359961761293505],[5.3083878358472232,60.359853909603338],[5.3083658371499913,60.359841631673511],[5.3084548990320117,60.359806624453661],[5.3082929360807878,60.35965534615206],[5.3083118133210903,60.359436663630298],[5.3083301898499302,60.359223683762544],[5.308368278010752,60.359010640270363],[5.3084223374876682,60.3590043221798],[5.3084245055796302,60.358728710913404],[5.3083862364664665,60.358377553091337],[5.3083273345734741,60.358183027621287],[5.3084304542212104,60.358095919288047],[5.3084998437864535,60.358101621979323],[5.3085876170041324,60.358048782103943],[5.3085977478376369,60.357975629024949],[5.3087951518758665,60.35782013183298],[5.3088519738623585,60.357734883099205],[5.3091713894579202,60.357452578784162],[5.3092963000407822,60.357342175179326],[5.3094472975263187,60.357208703924336],[5.3095164669479091,60.357361601498148],[5.3095538225495265,60.357444189830723],[5.3099321595240205,60.357398878930042],[5.3101459212308058,60.357345671614944],[5.3103251796866271,60.357299146018569],[5.310463219681508,60.357262531384137],[5.3106493469376916,60.357219431866092],[5.3106967422333522,60.357246813784592],[5.3108553966120757,60.35721032165641],[5.3110001553737991,60.357180544348545],[5.3111241026003855,60.357154144014807],[5.3112828204588256,60.357117563272325],[5.3114342628616598,60.357081139929747],[5.3115515483152835,60.357057969848057],[5.3116032791472101,60.357044934559433],[5.3116892008943415,60.357024758782373],[5.3117678357899054,60.357006448012363],[5.3116913992933616,60.356846492017873],[5.3116774717670987,60.356811140977712],[5.3116623443669981,60.356772763529165],[5.3116214711579754,60.356669099551581],[5.3116791487474373,60.356306674477288],[5.3117519992922935,60.356069967374538],[5.3117888999107112,60.355926549661994],[5.3118116785720559,60.355819771761027],[5.3120608400889209,60.355695008605522],[5.312078301362833,60.355686271228443],[5.3120853401569299,60.355682745425746],[5.3121910221509463,60.355576021240402],[5.3119631634139441,60.355301576490362],[5.3114877476484512,60.355393813384154],[5.3105773616182326,60.355567091212905],[5.3105101910079826,60.355557855800534],[5.3105126690381645,60.355428493044506],[5.3099750590917481,60.355351995051784],[5.3099038137886643,60.355228045265953],[5.3098716577431233,60.355161088230645],[5.3098597812926362,60.35510089629453],[5.309827200105909,60.355047320014137],[5.3098144464091739,60.35499937274782],[5.3098084915168622,60.354976961314975],[5.3097769956360805,60.354883327308521],[5.3097524428338065,60.354779639440778],[5.3099551159158898,60.354463486475979],[5.3100809008291279,60.354270495129313],[5.310193090256706,60.354077395809213],[5.3102625791364826,60.353984319019865],[5.3103539427206989,60.353827762996474],[5.3104347803829475,60.35369737621938],[5.3105148193860465,60.353568270531781],[5.3105143726889672,60.353565804321477],[5.3104904989969164,60.353454495401181],[5.3104482862784455,60.353243895780224],[5.3104403154884086,60.353214606274953],[5.3104045882555537,60.353083319748528],[5.3104028181778062,60.353074911473698],[5.3103742234030209,60.352942798317116],[5.3103561637016456,60.352845852314942],[5.3103388520912933,60.352846540081813],[5.3103321103145786,60.352846802289264],[5.3099145712659004,60.352863879961461],[5.309979074504283,60.352579124046372],[5.3095530070646246,60.352548145868006],[5.3093349456663734,60.352532202020534],[5.3092822336692542,60.352528311034376],[5.3093002135697489,60.352334123624424],[5.3089700811482414,60.352034091488989],[5.3090995369365919,60.351941692409454],[5.3090943854385522,60.35193239021924],[5.3089364497907257,60.351646749623853],[5.3098772541062385,60.351575717802277],[5.3098864072722058,60.351574983294419],[5.3098951886351493,60.35157432834319],[5.3098907536794213,60.35154746495418],[5.3098530065993197,60.351318607918252],[5.3100260711768348,60.35126432516077],[5.3101091612642746,60.351238265576555],[5.3100620024702243,60.351189147109956],[5.3099980012791841,60.351122465116589],[5.3100661500215773,60.351108538293985],[5.3099702214031916,60.351002418752671],[5.3097385605059584,60.350723692951284],[5.3096090569529091,60.350567870008128],[5.3094617977343352,60.350393271500074],[5.3093346003494029,60.350292125282287],[5.3091885374545384,60.350313325122066],[5.3090270244446671,60.350254638905596],[5.3089992797149863,60.35021351961727],[5.3089547562660711,60.350147548906151],[5.3089426709978831,60.350129632028654],[5.3089052477240521,60.350126120602766],[5.3087787971899001,60.350114266501443],[5.3082164953728936,60.3500767570739],[5.3081899041557925,60.350074984553103],[5.3081390386885223,60.349913758869427],[5.3081314480421984,60.349669874605276],[5.3081295015246202,60.349542815558884],[5.3081459564509759,60.349456715269277],[5.3072034160802009,60.349449037666652],[5.3071646740217133,60.349449012500934],[5.3068239719296457,60.349448827453692],[5.3068080219647245,60.349381421060144],[5.306810864799874,60.349252158058611],[5.3068235402758113,60.349143392109731],[5.3068834756310874,60.348984077186543],[5.3069012227565509,60.348953246176862],[5.3069314077632477,60.348900829376028],[5.3069452859871573,60.348873890625974],[5.3069847983773055,60.348797239891844],[5.3071616003448128,60.348661468882533],[5.3073121163421266,60.348573629874458],[5.3074649466883992,60.348491778337504],[5.3075086811389633,60.34846835682454],[5.3075374354975811,60.34844683796014],[5.3076800947764449,60.348340093492624],[5.3077958281701223,60.348198957324691],[5.3078757306609425,60.34806509460568],[5.3079111349523931,60.347999232321847],[5.3079503940020762,60.347926232563879],[5.3079887691140835,60.347809911486593],[5.3080178162016551,60.347660613696021],[5.3080591633687861,60.347420246471032],[5.3081345761450232,60.347023080818943],[5.3082203100905394,60.346630857899051],[5.3082395774706823,60.34646377907459],[5.3082062717691381,60.34634456725982],[5.3081480762025173,60.346204889467678],[5.3080819528437493,60.346096809994727],[5.308769021263406,60.345811134371644],[5.3083462888533655,60.345587956112027],[5.3083416677878406,60.345585517705189],[5.3081509076689981,60.345484823734992],[5.307551662607751,60.345168499115672],[5.3075488673908477,60.344858234278753],[5.3075468042076901,60.344621154759011],[5.3075448374780176,60.344395403206576],[5.3075977496526505,60.344216298366156],[5.3074413356725483,60.344210602657128],[5.3075227648981151,60.343859624703704],[5.3069953234621519,60.343860063941257],[5.3069745521787546,60.343859953917374],[5.3065911081935955,60.343857841947333],[5.3065157460359469,60.34385742754138],[5.3065118079724716,60.344033219725162],[5.3064992286804449,60.344580169557055],[5.3064334209525708,60.344586339566099],[5.3064218593432599,60.344587698941517],[5.3063986436963138,60.344590433096236],[5.3060907913963424,60.34462669840029],[5.3060822030780628,60.344627906722629],[5.3059430600040445,60.34464746135199],[5.3058008939188026,60.344667444112105],[5.3057117764889012,60.344679257423067],[5.3056360643049505,60.344689286255267],[5.3053885623398012,60.344723839599212],[5.3052999803653567,60.344736206830923],[5.3052326668320591,60.344743817452745],[5.3051794997004542,60.344749826069219],[5.3051401665615838,60.34475426894992],[5.305102119267799,60.344758567814957],[5.305096168335572,60.344755544012564],[5.3050273411258893,60.344720624550611],[5.304918001022334,60.344699606738303],[5.3048926443334912,60.344697382437168],[5.304835628716754,60.344692372027687],[5.3048423797410704,60.344618343074274],[5.30484242761539,60.344617760163722],[5.3048446206040705,60.344593750383957],[5.3048488306629649,60.34454760449448],[5.3048629761014974,60.344392742331259],[5.3047902838158922,60.344350803186352],[5.3047729366289014,60.344340793029652],[5.3047138456389957,60.344306710461531],[5.3046719109354683,60.344299378009232],[5.3046537172709476,60.344296202395057],[5.3039657059772765,60.344175934896498],[5.3038911203102668,60.344162894013927],[5.3037280768392696,60.344134394786273],[5.3037202662112852,60.344118331013235],[5.3036568176226604,60.343987762629801],[5.3036426263957477,60.34395854214366],[5.3036162940098448,60.343886486929811],[5.303583015553782,60.34379538088308],[5.3035434378461863,60.343687039662889],[5.3034757855690593,60.343501857832607],[5.303404264671908,60.343357716964697],[5.3032246670006424,60.342995764975825],[5.3031398499589244,60.342823974268811],[5.3029798375711117,60.342499535944192],[5.3028148496017264,60.34224785442575],[5.3026670456781977,60.342107027913649],[5.3025058130284517,60.341975894398118],[5.3023502990836455,60.341883929305737],[5.3020772187963194,60.341765231752063],[5.301849207718254,60.341685719154931],[5.3013421780105432,60.341550197266429],[5.3012861350343696,60.341535217240157],[5.3013470798506299,60.341506946926472],[5.3013655895889462,60.341498357076837],[5.3014461353145892,60.34146098794799],[5.3014996152981473,60.34143617698421],[5.3016596054367993,60.341340105455394],[5.3016615904851534,60.341338911338021],[5.3017032512816193,60.341313897083538],[5.3017244997682811,60.341301140928969],[5.3016805792856969,60.341285446915848],[5.3015482259018816,60.341051570169078],[5.3013615402140601,60.340841249026582],[5.3013411017302898,60.340818218039388],[5.3008729253317641,60.340499397528369],[5.3010445107982394,60.340444672571323],[5.3008437733121747,60.340305425769515],[5.3007837537557547,60.340322989479276],[5.3007322149297131,60.340217738610001],[5.3008467778808273,60.340152527465186],[5.3005074588879602,60.340022606831383],[5.3004381848681579,60.339996076375002],[5.3004981593171481,60.339934594411019],[5.3005387254248113,60.339892993476816],[5.3008917003116238,60.339920979772977],[5.3009568536455101,60.339821315449512],[5.3008016442184225,60.339339621186788],[5.3010473874442292,60.339270512760002],[5.3009173332035298,60.339054855624525],[5.3008528094913299,60.338894593898196],[5.3005913145084511,60.338913917100321],[5.3005688974217051,60.338780534594449],[5.3009668230733364,60.338782987468953],[5.300948338614706,60.338667691297232],[5.3011123523874693,60.338648969697367],[5.3011230442381594,60.338647748390287],[5.3012130281484868,60.338637760232466],[5.3013823574155294,60.338620453675951],[5.3015306777406188,60.338602921490342],[5.3017210255866187,60.338585750309697],[5.3018959110949035,60.338565811410874],[5.3021342583683273,60.338538380971073],[5.3022983369044159,60.338515713844053],[5.3024464189205487,60.338503477150766],[5.3026635786345047,60.338478512036545],[5.3027768872716345,60.338144153093531],[5.3029158869095427,60.338066407648242],[5.303119140902095,60.337954946370651],[5.3036218644205899,60.337675107675089],[5.3036130980658154,60.3376660551409],[5.3034053612213956,60.337446171516845],[5.3034100119904206,60.337445132459557],[5.3038937715494781,60.337336352786934],[5.3041497977016014,60.337222673275598],[5.3043541822256941,60.337339276153784],[5.3046610546451269,60.337204090060446],[5.3051054930038255,60.33729411298502],[5.3052833223109062,60.337297261839012],[5.305452899789648,60.337274474274103],[5.3055547136763073,60.337241622383885],[5.3056262792313973,60.337195345448585],[5.3056642479533735,60.337146965580509],[5.3056808414741132,60.337098081089351],[5.3056706209737028,60.337050608032037],[5.3055364847390996,60.336864413906106],[5.3053046412646818,60.336538339715602],[5.3051708852307211,60.335977521451845],[5.3051631691772263,60.335121436467411],[5.3051544955333902,60.334931361300761],[5.3051399805576036,60.334613489103518],[5.305134685366542,60.334500088624509],[5.305246453284064,60.333216246186957],[5.3052477042292665,60.333201989512787],[5.3053301948607405,60.33265317267135],[5.3053453217727302,60.332552510508023],[5.3055324693772823,60.332580906332872],[5.3056232158167713,60.332668792857923],[5.3056238206304149,60.332669375946963],[5.30687852503379,60.333884439258036],[5.3071919253805415,60.33396362166858],[5.3071593159836956,60.334490689950108],[5.3071988310465876,60.334668679043652],[5.307276788738764,60.334824187454871],[5.307102787726329,60.3349105634355],[5.3069597339259387,60.334981566731003],[5.306901432399405,60.335010506043041],[5.3068824905083511,60.335060943246717],[5.3069793538456764,60.335250306254814],[5.3069974071051735,60.335285611044917],[5.3071588190484613,60.335550940308686],[5.3075088190402013,60.3357475021675],[5.3075799447584675,60.335787446133153],[5.3079861261802535,60.336016344449312],[5.3082565521022493,60.336183925055671],[5.3085001359392745,60.336192870091843],[5.308743850095647,60.33619425012845],[5.3088508201142304,60.336198957525859],[5.3089156082397695,60.336201809551753],[5.3089415954526142,60.336202891232304],[5.3089428632091984,60.336449835782915],[5.3089330790185061,60.336648601389598],[5.3089298640615281,60.336713911111531],[5.3089276307752691,60.33675771208317],[5.3089306930062348,60.336977561744511],[5.3089195840290877,60.337109471318819],[5.3089249621045909,60.33723347989271],[5.3089055281338711,60.337365248013583],[5.3089108117043473,60.337493298705787],[5.3089005100396944,60.337581187916143],[5.3091909881623103,60.337582814770549],[5.3094894336965064,60.33757651893179],[5.309492695830536,60.337578137580209],[5.3096171215807351,60.337637142334742],[5.309761024204211,60.3377019012867],[5.3099445246067285,60.337786905225009],[5.3101518671226087,60.337891985956702],[5.310367352906324,60.337989203045808],[5.3106066815666306,60.338106496756765],[5.310798397541113,60.338199547446919],[5.3109961965135701,60.338298788944961],[5.3112374603504167,60.338413438679666],[5.3114182207633727,60.338505105572793],[5.3116680147686752,60.338612171505055],[5.3118700830487313,60.338726630503487],[5.3121417922485596,60.338841494598668],[5.3123678495663977,60.338955989596499],[5.3127144236396839,60.33912407419956],[5.3129745297115578,60.339250209296395],[5.3133727187096884,60.339443004380463],[5.3135601775314223,60.339525236549534],[5.3136212503074223,60.339557671392079],[5.3137555192019938,60.339621169634199],[5.3138409385103342,60.339662818869051],[5.314436720650245,60.339954212237096],[5.3152665570979085,60.34025901620344],[5.3158890222906425,60.340494156993124],[5.3163796242496701,60.340247641260476],[5.3162673048585596,60.340103680167317],[5.3161277662533228,60.33992615687221],[5.3159423501881484,60.339676353591209],[5.3158423000791046,60.339616503173858],[5.3163571316551694,60.339563278696687],[5.3166893312127081,60.339530218457988],[5.3176653657423891,60.339433096342901],[5.3177643062989262,60.339423246434578],[5.3178179811622357,60.339418100942254],[5.317972664157641,60.339403261549826],[5.3179976686113273,60.339400862664803],[5.3181963430920902,60.339377822661945],[5.3183629377838963,60.339358495259376],[5.3187820152441203,60.33931653944078],[5.3200904587457121,60.339177072452742],[5.3204605127392277,60.339137087979047],[5.3210484969793823,60.339073548979101],[5.3217427069628531,60.33900546165458],[5.3217436419985322,60.33900537069858],[5.3218833238909369,60.338991666402812],[5.32246841603631,60.338934269994191],[5.322750225382773,60.339104669015839],[5.3228357211497253,60.339208495120289],[5.3235053554378196,60.339223183169103],[5.3237778984246891,60.339311710109783],[5.3236055401991296,60.339399303276402],[5.3235445866417388,60.339430279610575],[5.3233450459524141,60.339516257276131],[5.3227392890419365,60.339540197648397],[5.3227379774061969,60.33954025122172],[5.3224984935302606,60.339549719479606],[5.3220812681155847,60.339547426173617],[5.3217064609591977,60.339605269101632],[5.3218004486638515,60.33982358977164],[5.3220081206075864,60.339868259049396],[5.3227011953578769,60.33982309100287],[5.323016587011109,60.339966375572025],[5.3232683093765294,60.340005880481797],[5.3236544492153657,60.339926325541093],[5.3237118866844657,60.339817746180366],[5.3240995242021691,60.33967285994607],[5.324186321633368,60.339716877353169],[5.3243848077612492,60.339685338021056],[5.3246126455741374,60.339811814872995],[5.3249370349937237,60.340042259962139],[5.3254123609789401,60.340404242761061],[5.325475626548517,60.340452911379934],[5.3256223012296422,60.340565744138139],[5.3258476741774112,60.34073917692546],[5.3260949117012792,60.340929428751082],[5.3261037666686617,60.340936145174481],[5.3263228251161534,60.341045217449555],[5.3267341416441916,60.341250009282057],[5.3268245624686825,60.341298313519403],[5.3268853736668298,60.341330797630469],[5.3277331312752851,60.341783665886574],[5.3278896862731759,60.341846039456783],[5.32790598428846,60.341852530054915],[5.3279774415696934,60.34188099355638],[5.3283251638211802,60.34201952272646],[5.3283428678925171,60.342026573446169],[5.328371076399228,60.342041482572348],[5.3283727714024653,60.342042374312392],[5.3284286231580298,60.342071898287081],[5.3288370205626272,60.342287711856578],[5.3288426860493088,60.342290708698037],[5.3289161298346324,60.34235650069774],[5.3290688817914171,60.342493351915166],[5.3291012467643615,60.342514361879672],[5.3291978499010604,60.342577090509131],[5.3296860947144982,60.342894112720259],[5.3297221873677278,60.342929552718758],[5.3299525815768813,60.343155742496897],[5.3299872540837034,60.343189785958906],[5.3299888469321601,60.34319287696615],[5.3301557140066622,60.343517296197128],[5.3304214484588899,60.343921645820679],[5.3304710578479062,60.34405236543131],[5.3305019222974801,60.344133671404286],[5.3305249786551965,60.344194421384202],[5.3305243438332317,60.344222806588782],[5.3305207218117481,60.344387100878087],[5.3305197304929219,60.344432203291355],[5.3305170120909349,60.344554916120892],[5.3305153521913136,60.344629993717845],[5.3305348261392815,60.344780985216637],[5.3305434397073981,60.344847924618804],[5.3306144280803904,60.345091749003011],[5.3306148705026244,60.345093298206059],[5.3306151729596678,60.345098672519626],[5.3306302877414655,60.345381975828786],[5.3307564284444524,60.34564405040156],[5.3307385284063455,60.345696298824961],[5.3307210647095111,60.345747247019766],[5.3307162482632302,60.345752821507347],[5.3306494107534368,60.345830107703094],[5.3304713067902965,60.346036060853422],[5.3305267080282599,60.346051765442269],[5.3309464058809022,60.346170702901141],[5.3317480471348517,60.346950005089411],[5.3317514967991171,60.346952715901239],[5.3320851930181865,60.347214847772982],[5.332198799339456,60.347342533554162],[5.3325840679746532,60.34777555116775],[5.3325945822839484,60.347786735089706],[5.3327697706242381,60.347972997437822],[5.3328049603693106,60.348010415859882],[5.3328115381820629,60.348017410468273],[5.3328154331146829,60.34802342321737],[5.33291788372083,60.348181504021873],[5.3329927643081891,60.348292471690009],[5.3331307422226599,60.348496932194912],[5.3332568426875202,60.348665067025877],[5.3333809098848244,60.348830485094524],[5.3334012753929354,60.348857634180121],[5.3334419242890174,60.348933645540001],[5.3334606593491136,60.348968686191341],[5.3335130894143301,60.349066729113062],[5.3335213236773207,60.349071738058761],[5.3338637288041699,60.349280086060496],[5.3338641878330897,60.349280359383826],[5.3339086645973532,60.349310213990996],[5.3341001473211502,60.349438770302143],[5.334199245945868,60.349507801344579],[5.3341996155741249,60.349508063211893],[5.3342434538567227,60.349538601157434],[5.3343041968021643,60.349580930588971],[5.3343897994432288,60.349637383172862],[5.3345451794702656,60.349739874697327],[5.3345591955806251,60.349749123713501],[5.3348530122967714,60.349930251494307],[5.334900869665355,60.349958769866895],[5.3350702816388011,60.350059742285183],[5.3351824565877655,60.350132054361389],[5.3351884533473219,60.350135833014377],[5.335193637482802,60.350139094903163],[5.3351943566732176,60.350139636054486],[5.3352309569146437,60.350163250839032],[5.3353878613210979,60.350264489024099],[5.3353243862958291,60.350296515896602],[5.3353222130550453,60.350297615431074],[5.3349311159869419,60.350494418941992],[5.3348783659791046,60.350445182701343],[5.3347766249359037,60.350350229349104],[5.334491531374062,60.350151168013014],[5.3341038720825713,60.349888282357242],[5.3339479541786403,60.349856925947428],[5.3337073293599548,60.349857836522396],[5.3336090008550752,60.349865882103224],[5.3334626146141346,60.349877868522114],[5.3330405732832062,60.349912420708819],[5.3327142851732923,60.349946019223133],[5.3324393553346674,60.349969709484284],[5.3325951903388598,60.350269488792456],[5.3326141026245839,60.350305855717799],[5.3326374126983085,60.350350703044207],[5.3326440866203031,60.350363623522973],[5.3328672396076566,60.350796056630998],[5.3331373630841279,60.350807439457505],[5.3335017099809816,60.35082279702079],[5.3334827968577097,60.350858892995909],[5.3334068132169126,60.35100395982851],[5.3333893985872969,60.351037211936529],[5.3333186675560063,60.351149095476025],[5.3332874724951331,60.351198433651803],[5.3331770802724305,60.35138413019925],[5.3331619821441283,60.351409518629573],[5.3330645250266127,60.351501753350959],[5.333033507742142,60.351531106651237],[5.3329920782527465,60.35157030227878],[5.332939133238586,60.351602367036783],[5.3327815781725478,60.351648442416966],[5.332730889619878,60.351570553915259],[5.332705021706083,60.351546192025538],[5.3327031846893487,60.351544460531606],[5.3325805900995045,60.351428976099058],[5.3324154405535875,60.3513748028343],[5.3322305098153837,60.351288444872708],[5.3321003329457524,60.351236225274491],[5.331911066574194,60.351235224892861],[5.3314894353975149,60.35122982229894],[5.3314310552475694,60.351229073299685],[5.3312311231183633,60.351247102093431],[5.3311746474802444,60.351258935118516],[5.3311217359094494,60.351277787446534],[5.3310026134794217,60.351328418355173],[5.3309483770977373,60.351351467478118],[5.3308806857784949,60.351364473730484],[5.3308428809758288,60.351371743864362],[5.3308452769555519,60.351374955898294],[5.3308870047883694,60.351431026087667],[5.3307920165009497,60.351453030714318],[5.330812503540157,60.351475707432115],[5.3304834975219304,60.35150266435295],[5.3304337052719672,60.351506034999844],[5.3302032803628299,60.351521620251923],[5.3301281397492248,60.351526825356281],[5.3301288326758307,60.351527599503925],[5.3301625228466518,60.351568356746384],[5.3301794307220112,60.351588822485937],[5.3304596424922268,60.351927596948038],[5.3305378220602684,60.352077611934476],[5.3306372054982898,60.352271355782975],[5.3307124842540139,60.35241814465396],[5.3307249241217924,60.352443987703602],[5.3308099857649651,60.352620734677906],[5.3308453712096293,60.352694336461226],[5.3309129278166312,60.352772224119853],[5.3309214532552467,60.352782067918497],[5.3310275060343715,60.352904296677067],[5.3310641715880012,60.352959588818273],[5.331171455715201,60.353121201769746],[5.3319244932550847,60.353101724579432],[5.3318763228667745,60.353209062084517],[5.330969202031171,60.353230729068251],[5.3309025547228028,60.35323232225219],[5.3308204095513307,60.353234287403076],[5.330775840008533,60.353235393606049],[5.3306633723601324,60.353764299470591],[5.3307249425092245,60.353763662746417],[5.3311333762179132,60.353759435932744],[5.3312734442640162,60.353757982243188],[5.3314114415443354,60.353756552128672],[5.3314362444946726,60.353934753776876],[5.3314552350838413,60.354128344522373],[5.331456971473977,60.354145649796749],[5.3314675453136049,60.35425326077636],[5.3314860058834022,60.354362689387393],[5.3315225464677543,60.354578803674165],[5.3316084080459953,60.354816754641782],[5.3316467546891788,60.354901969720551],[5.3316419748294512,60.354902529857107],[5.3314936193596942,60.354919556478841],[5.3313982692966864,60.354930496246425],[5.3315713884174318,60.355357541004459],[5.3317740011752015,60.35584984494816],[5.3318104959283987,60.355939925361234],[5.3319603021010202,60.35630979011097],[5.3320894961806351,60.356637110834271],[5.3321798204785322,60.356855140725926],[5.3322699841969268,60.357076222081581],[5.3323678171539868,60.357335436183234],[5.3323949616072115,60.357407371804193],[5.3324101834754085,60.357447708458686],[5.3327366867758359,60.357783979113158],[5.3327378420514391,60.357784999695092],[5.3329764507638808,60.358038130137061],[5.3329105685154987,60.358049614648344],[5.332913350230756,60.358055533729953],[5.3329698963223899,60.358183557862908],[5.3330318355548645,60.358323325537576],[5.3331306530299996,60.358526102262886],[5.3331477378416352,60.358561178189831],[5.3331540457293638,60.358574142427472],[5.3338721468456027,60.358567313954481],[5.3341157886191573,60.358564993069074],[5.3341290430062553,60.358564909289392],[5.3344303686304269,60.358615654340021],[5.3344641663983818,60.35862134133086],[5.3347695173529832,60.358715061228899],[5.3347868196683814,60.358722549211691],[5.3347959943297303,60.358726478415932],[5.3348796113709085,60.358762229573763],[5.3349632180130646,60.358804532767415],[5.3350471381604549,60.358839204602752],[5.3350938501926493,60.358861884689425],[5.3350942973178013,60.358862103748244],[5.3352021552345406,60.358914486197186],[5.3352899326184371,60.358958432175832],[5.3353881556313736,60.359004526689617],[5.3355083034905828,60.359060896972139],[5.3355764182469754,60.359047315551003],[5.3356622188402083,60.359030222024359],[5.335743880011238,60.359013958065397],[5.3357607136996723,60.359010602248091],[5.3357815831550415,60.359006692581467],[5.3357849928931778,60.359006058555551],[5.3358125712756843,60.359000895760325],[5.3358578133526793,60.358992417991807],[5.3359054642277028,60.358983494297696],[5.3360157833122432,60.358959238883742],[5.3360352257370929,60.358955433644432],[5.3360597521092723,60.358950627072986],[5.3360800256284282,60.358946530155251],[5.3361789823227026,60.358926509355378],[5.3362367598489966,60.358914817746488],[5.3362372432219445,60.358914714226607],[5.3363431970905122,60.358971303608726],[5.33650392465014,60.359057158328731],[5.3367632230561641,60.359195892951448],[5.3366843017811991,60.359231377854286],[5.3370830392179904,60.359463010189451],[5.3370919565420705,60.359499765890114],[5.3370949631145397,60.359512252423073],[5.3370966742792536,60.359519310353761],[5.3370995785688828,60.359524630501966],[5.3371314170663444,60.359584443426236],[5.3371335608695496,60.35958845730557],[5.3371375912970951,60.359596028567552],[5.337143683961604,60.359602685947557],[5.3371454844167205,60.359604748920219],[5.337195879595412,60.359659923068428],[5.3372424265947025,60.359700088761556],[5.3372430495441048,60.35970068117318],[5.3372513400159907,60.3597011793142],[5.337266317131264,60.359702077462309],[5.3372682837349892,60.359702176604955],[5.3373032534613607,60.359704227973239],[5.3373649984505995,60.359685975987517],[5.337496218838341,60.359828468472671],[5.3377470208037998,60.360100791509176],[5.3377613467231981,60.360116376279791],[5.3379512861914842,60.360325120198794],[5.338016243022115,60.360396550348916],[5.3381324170491169,60.360531535831235],[5.3382821981497148,60.36070561087751],[5.3382711521324762,60.360747425023007],[5.3382580519130762,60.360797029228095],[5.3382285433392171,60.360908729903826],[5.3383105387342971,60.361145481086687],[5.3383108029203532,60.361146360216672],[5.3383120968151143,60.361150027081166],[5.3382603735448297,60.361341110272448],[5.3382554075025537,60.361359480055405],[5.3382265904987678,60.361465824872646],[5.3382234664924439,60.361477162742176],[5.3381628832362686,60.361697042520689],[5.3381385204499345,60.361790701933458],[5.3381372112563525,60.361795735180259],[5.3381328915113864,60.361812388054197],[5.3381309478315746,60.361819839608756],[5.3381383271279725,60.361821831576208],[5.3382651774176448,60.361854520192097],[5.3383100774539418,60.361866084676464],[5.3383865208391974,60.361885834571019],[5.3384056188875704,60.361890764943773],[5.3384191264083647,60.361894255982143],[5.3384413980967791,60.361900010815681],[5.338472169660613,60.361907959241314],[5.3385610454987109,60.361930918775542],[5.3385646634310797,60.361931018449887],[5.3387622524865757,60.361939248222718],[5.3388119677321617,60.361950594646018],[5.3388950082760775,60.361962499559006],[5.3389709532868492,60.361977804218874],[5.3390242167392561,60.361985023871853],[5.3390672145355298,60.361989938389314],[5.3390978511652127,60.361993433814277],[5.339097446601472,60.362016432334293],[5.3390898152976458,60.362047231239877],[5.3390844959510488,60.362073599755504],[5.3390827323328436,60.362090278122032],[5.3390817192222713,60.362099948428721],[5.3390788321921701,60.362124047026015],[5.3390756686392429,60.36215836652088],[5.3390679397513408,60.362198438508607],[5.3390660815001203,60.362243112355571],[5.3390659041506279,60.362247277971896],[5.3390660246887007,60.362247820581253],[5.3385361694214994,60.362263478190293],[5.3384694073459116,60.362265449848529],[5.3384605058347558,60.362290425363852],[5.3384560007829096,60.362303073412235],[5.3384503837903203,60.362318836679314],[5.33843412092512,60.362364443921713],[5.3383889714842843,60.362491317148169],[5.3383721886423254,60.362538482986395],[5.3382961338809736,60.36275214819468],[5.3382947494660389,60.362755912040761],[5.3382814161353789,60.362754906526071],[5.3381195037158884,60.362742742609854],[5.3380341933987143,60.362736329383921],[5.3380165586909056,60.362735007584376],[5.3379890277674287,60.362732936730701],[5.3379622696900038,60.362730932107162],[5.3378896977823125,60.362725489965605],[5.3378884989157296,60.362731478995499],[5.337884192240816,60.362753021781451],[5.3378191660914878,60.363077203436575],[5.337760178369173,60.363371360249957],[5.3377527605713944,60.363408321874388],[5.3377418710526614,60.363460359841014],[5.337694874839678,60.363684739453717],[5.3376777351180236,60.363766571700864],[5.3376246598173802,60.364020022257534],[5.3375924384263831,60.364173919398127],[5.3375895497055561,60.364187681556473],[5.3369630154441028,60.364096532539833],[5.3369583461130938,60.364095774677573],[5.336918557169068,60.364212333058525],[5.3369068501392505,60.364246435049353],[5.3368829733670378,60.364316334026256],[5.3368478232807792,60.364399674174365],[5.3368147222470244,60.364478019445713],[5.3367123230656786,60.364753039107022],[5.3366493919046212,60.364915167707714],[5.3366352043080099,60.364951798889351],[5.3366349247610154,60.364952510237046],[5.3366276478940451,60.364974150894973],[5.336623995377141,60.364985015776455],[5.3366177583422179,60.365003539238742],[5.3365938354854601,60.365066246382256],[5.3365505044616999,60.365180549899975],[5.3365480389997728,60.365185695076555],[5.336515382880064,60.36525247580844],[5.3364448587866908,60.365442429126851],[5.3364292176013821,60.365498129056725],[5.3364258270421203,60.365510214556927],[5.3364161230619569,60.3655447312576],[5.3364128867076266,60.365544462286799],[5.3363796357034143,60.365541595313182],[5.3363602246303072,60.365539918759026],[5.3363355982043927,60.365537819808843],[5.3363314653258547,60.365537454218178],[5.3362967625153335,60.366119523710537],[5.3362959960093317,60.366132481486623],[5.336287613831276,60.366358392565978],[5.3362751070911152,60.366689800839801],[5.3362748737411403,60.366690585365745],[5.336273994831644,60.366722307322775],[5.3364136920193239,60.366742732113792],[5.3368984714383458,60.366813626657795],[5.3371344257399969,60.366848127416979],[5.3371221104561677,60.366872775105747],[5.3371011740210417,60.366914712114891],[5.3368017545110655,60.366877140926235],[5.3366875958347633,60.366862813333739],[5.3363231065204122,60.366817083997759],[5.3356820193441177,60.366736638066598],[5.3355148334512705,60.366715679331158],[5.3354568862748684,60.366708410163298],[5.3354183546688425,60.366791099534105],[5.3353604965408561,60.366915266723375],[5.3352973937059085,60.367045563027993],[5.3352647752639113,60.367095177166284],[5.3351193088393654,60.367188058718853],[5.3349794471388892,60.367376369241221],[5.3348468305446666,60.367566407414962],[5.3347234033623483,60.367729419797151],[5.3347029646033084,60.367756404916996],[5.3346342815522103,60.367836213354877],[5.3345303678873641,60.367990460946125],[5.3343867731670525,60.368166713748238],[5.3343386775942143,60.368242415971977],[5.3343115747093446,60.368285081376094],[5.3340811515327218,60.368586894866496],[5.3340529700093118,60.368623814002731],[5.3341576909593433,60.368730506569015],[5.3341620734040802,60.368734950743978],[5.334120838174055,60.368794825194705],[5.3341202106877637,60.368795724682201],[5.3341143801844044,60.368804480143595],[5.3340787172548749,60.368858216546982],[5.3339303403636604,60.369081614846372],[5.3337993214407655,60.369297672069365],[5.3336586245020801,60.369527789391697],[5.3336077344695587,60.369611036301855],[5.333606712686481,60.369612697894304],[5.3335897040473554,60.369641602089651],[5.3335638088562485,60.369685612961014],[5.3335096638629444,60.369777623408886],[5.3335002603376234,60.369793614640464],[5.3334528503587872,60.369874153187496],[5.3334035503524984,60.369957938245584],[5.3332985992773176,60.370136298696146],[5.3332595842926782,60.370202543878023],[5.3333999458952954,60.370229119850833],[5.3333991223003103,60.370230148748782],[5.3332542461769181,60.370411191892195],[5.3332307417552185,60.37044055502551],[5.333110037193026,60.370591291573994],[5.3329572992167744,60.370773942168654],[5.3328871081950879,60.370857860816066],[5.3327879151631112,60.370976437665867],[5.332644891148056,60.371147410668556],[5.3326017472315161,60.371206450112922],[5.3325891325923589,60.37122370991483],[5.3325552118811155,60.37127014173317],[5.332500707492696,60.371333999962879],[5.332475327753909,60.371363724700572],[5.3324547570289953,60.371387811709077],[5.3324485460766828,60.371395100530847],[5.3323918159146073,60.371421146969112],[5.3323424544466711,60.371443810415983],[5.3323379551507379,60.371445888376797],[5.3322584537456805,60.371479602552995],[5.332210021684646,60.371500134435585],[5.3321052306340393,60.37154453873994],[5.3320279749900061,60.371579905662394],[5.3319923030896161,60.371596241553497],[5.3319486328923409,60.371616230632718],[5.3319263966054091,60.371626402848449],[5.3319217082420343,60.371628547484278],[5.3316432673414562,60.371791630164374],[5.3315985540096378,60.371817819159297],[5.3311395273290589,60.372098255275908],[5.3311436988830829,60.372099413040964],[5.3311643214206619,60.372105195371766],[5.3313793939264,60.37216553667276],[5.3313864494016459,60.372167520040492],[5.3314080390235326,60.372173580690813],[5.3316088033942899,60.372229940440548],[5.331635029114504,60.372237225550968],[5.3313477655354236,60.372434929408946],[5.3313285686010792,60.372450506422751],[5.3312728481493972,60.372495617267504],[5.3311494259464967,60.37259552104819],[5.3311099617309878,60.37262747239371],[5.3310791475899446,60.372620150423231],[5.3310610595843766,60.37261587614902],[5.3309787689645249,60.372596446416125],[5.3309747229526128,60.372595462887624],[5.3309201413856213,60.372582559342746],[5.3308089810122707,60.372556274609821],[5.3304474293630042,60.37247073071515],[5.3304452721711906,60.372470221755997],[5.3304410442293024,60.372469242176592],[5.3304384818177946,60.372471526345223],[5.3304349921937044,60.372474629807236],[5.3303855218905749,60.372518708423826],[5.3302507962465686,60.37263885536639],[5.3301446186460097,60.372733562798061],[5.3300927821856021,60.372779787090082],[5.3300856778669585,60.372789199328324],[5.329959763932492,60.372955842502144],[5.3297333587616471,60.373255477624895],[5.3300499550150304,60.373332313035831],[5.3302094911595237,60.373371025282502],[5.3303302254083036,60.373400325150072],[5.3302695177599455,60.373452299748863],[5.3300264992063209,60.37366023765221],[5.3298864970171573,60.373712090211491],[5.3298850189342559,60.373712642623829],[5.3298717976509415,60.373717535689707],[5.32975647960156,60.373817446361414],[5.3297591103289959,60.373818103227187],[5.3298050540979709,60.373829546340602],[5.3301196859529236,60.373907918147403],[5.3302253546831153,60.373970597740005],[5.3302746657523734,60.373999858343936],[5.3304317411083568,60.374093024653263],[5.3304518375729133,60.37410494046884],[5.3305107077893172,60.374139911689817],[5.3299897196454609,60.374341515539747],[5.3296332078889366,60.374484921234192],[5.329507045257496,60.374530063898625],[5.3293470326418948,60.374588859609148],[5.3293774138105601,60.374608259112726],[5.329380224069233,60.374610062442287],[5.3292542718471383,60.374654941045897],[5.3292946555661294,60.374674176346701],[5.3295053851415126,60.374774811393983],[5.3295066405988463,60.374775430290754],[5.3288643744434747,60.374959300262312],[5.3286425851588861,60.375028235599977],[5.3284232403922465,60.375096411185794],[5.3276811911287325,60.375311054693285],[5.3276157580498058,60.375329982895998],[5.3276141029250725,60.375330494441528],[5.3275552112325277,60.375300554720845],[5.3274548463786466,60.375397011779263],[5.3273780730532874,60.375482256106054],[5.3273076459109152,60.375541789706979],[5.3272141258183225,60.37559843821878],[5.3271156241159705,60.375623580215375],[5.326978953650837,60.375653644714141],[5.3269765715888173,60.375654163131856],[5.3267853297341281,60.375701639806238],[5.3265824749002473,60.37574906496635],[5.3263859121684316,60.375779316469007],[5.3261477213458148,60.375855155939192],[5.3257928722679511,60.376004440218409],[5.3256587419524362,60.376075065492863],[5.3254557896214649,60.376128148882088],[5.3252354228237762,60.376181110124797],[5.3248429318365513,60.376216756159749],[5.3248196199458766,60.376218871073043],[5.3244957082362685,60.376262766658762],[5.3242577391864749,60.376341395363816],[5.3240952579827665,60.376383281899237],[5.3239271459581721,60.376425192303721],[5.3237303303367662,60.376464061693902],[5.3235331454512362,60.376514245744502],[5.323376738692474,60.37655054696269],[5.3232722772996599,60.376578577388983],[5.3231217571333875,60.376606142784922],[5.3229016867353849,60.37665641201729],[5.3227652324383685,60.376683197610376],[5.322651823229422,60.376740641198253],[5.3223573203702639,60.376866508877882],[5.3221813617090099,60.376923210428707],[5.3219725279420498,60.376959138240103],[5.3218175880566374,60.377006533796454],[5.3217696488733139,60.377021116581552],[5.3217009952251395,60.377039081031732],[5.321566121320469,60.37707435810259],[5.3214837499623728,60.377097084147458],[5.321360941908714,60.377130969142435],[5.3213416544662815,60.377136826067279],[5.3212868754394291,60.377153457487623],[5.3210676823408285,60.377220016775759],[5.3209038496610024,60.377285051801245],[5.3206935746004147,60.377378732119155],[5.32055018983033,60.377460421587919],[5.3203219748246058,60.377611668825168],[5.3201993939414614,60.377703641065118],[5.320107748949888,60.377776794271718],[5.3200890516846728,60.377791727503173],[5.319975441657224,60.377850871167524],[5.3198871522102271,60.377891570719818],[5.3198153462675499,60.377940636167935],[5.319789517666349,60.37797964917678],[5.3197801339196209,60.378020942029615],[5.3197338894515092,60.378034321672871],[5.3195628611584942,60.378083759120258],[5.3194139857891951,60.378126726935243],[5.3193129806877648,60.37815638707999],[5.3185349909855448,60.378384889332672],[5.3179277312886031,60.378354140107369],[5.3177226179655639,60.378344324475975],[5.317501759488767,60.378333748816459],[5.3174950772839402,60.378333437886958],[5.3171350080697604,60.378439951356569],[5.316980236531931,60.378485728307645],[5.3167721214044343,60.37854615214178],[5.3163866945709195,60.378658037198058],[5.3161804481641557,60.378717649051239],[5.3161797542080471,60.378717845540351],[5.3154501466608073,60.378928696787199],[5.3153747250232231,60.378877036234222],[5.3153729663797282,60.378875890925379],[5.315072317017183,60.379022605499024],[5.3148061193933271,60.379152504632977],[5.3146417837216839,60.379232699574452],[5.3146039672456959,60.379251146816209],[5.3144885559493051,60.379307458757246],[5.314327775783247,60.379385900320578],[5.3141992386629999,60.379448778093966],[5.3145987651298254,60.379706312027317],[5.3144509867195904,60.379760962722095],[5.3143942743956218,60.379781933111786],[5.3139668323890072,60.37994001496763],[5.3139360107321867,60.379918927840357],[5.3139077024160226,60.379899537265473],[5.3137855167456678,60.37981589329371],[5.3133395121733384,60.379970797988996],[5.3126424370724381,60.380037663813738],[5.3127113217941053,60.380102312462469],[5.312588598857797,60.380131086745386],[5.3124257611857333,60.3801709992889],[5.3123238627975038,60.380065499870717],[5.3119321479200128,60.380103026948035],[5.3119313223001701,60.380103102915967],[5.3119181062970222,60.380104372162826],[5.311086362156769,60.3801840594653],[5.3107385630379467,60.380217103021565],[5.3105102025353839,60.380239168922515],[5.3104795565982226,60.380242201397273],[5.310321440391558,60.380257866221406],[5.3103204647409754,60.380274979801989],[5.3103154739009257,60.380363465772447],[5.3103096598953767,60.380456494945747],[5.3101686926754086,60.380453948891997],[5.3101674250428106,60.380565988630075],[5.3101674243827492,60.380566635768233],[5.3101650893814174,60.380772753219169],[5.310378338326684,60.38093515744918],[5.3102941501470378,60.38098306555851],[5.3102926610389902,60.38098194563824],[5.3102469710300966,60.380947546810958],[5.3100877681445375,60.380827682873722],[5.3100752545479457,60.38081825740327],[5.3100736489052238,60.38081704436307],[5.3100535482770681,60.380825393876826]]]},"properties":{"OBJECTID":3,"OBJTYPE":"KpAngittHensynSone","KPANGITTHENSYN":530,"HENSYNSONENAVN":"H530_3","BESKRIVELSE":"Byfjellsgrense - vest","KOMM":"4601","PLANID":"65270000","SHAPE.STArea()":5738624.8147339998,"SHAPE.STLength()":17123.28882450347}},{"type":"Feature","id":4,"geometry":{"type":"Polygon","coordinates":[[[5.3630414236821222,60.304687435816994],[5.3628998007469697,60.304721718921286],[5.3628088182514766,60.304780461813053],[5.3627655325317622,60.304808406142705],[5.3626283787529028,60.304921178463182],[5.3625310378939988,60.305020768538867],[5.3625224837989425,60.305023086755838],[5.3623234913475493,60.30507691023935],[5.3621345165613334,60.305048048001808],[5.3619714574149988,60.305023140429434],[5.3616213280170646,60.304969682518582],[5.3611910051179379,60.304900489380152],[5.3610932027148746,60.304884766688012],[5.3607832470786967,60.304834933425596],[5.360818305124746,60.304740503985229],[5.3607569356477747,60.304665838283633],[5.3606756377296838,60.304639359596919],[5.3607149000389613,60.304614703112136],[5.360602527290828,60.304478023373548],[5.3606613320014009,60.304251338182034],[5.3606378862402453,60.304117518901805],[5.3605932722376988,60.304087758558239],[5.3605136606602226,60.304073477870418],[5.3604831835472817,60.304062674472846],[5.3603840500381841,60.304027536389675],[5.3603825919312591,60.304026804327847],[5.3602481273154501,60.303959391894558],[5.3601582879220473,60.303947500005023],[5.3601140563523577,60.303915287237238],[5.3600340636419004,60.303903458535572],[5.3599895564904578,60.303871444892074],[5.3598817681682753,60.303849461339425],[5.3598034805405756,60.303863960430796],[5.3596672978415931,60.303838825184236],[5.3595247314304331,60.303784977525382],[5.3595188437128671,60.303708713871011],[5.3594362662451873,60.303675539090676],[5.359379757530097,60.303709654036936],[5.3593243577156837,60.303714785807287],[5.3591920833964508,60.303673596653667],[5.3590662159387383,60.303598796842927],[5.3588673248108654,60.303565882742902],[5.3587766294878971,60.303574207603809],[5.3587834110712782,60.303538045764554],[5.3586605975210126,60.303497304321084],[5.358322791725568,60.303474375365788],[5.3582207711233467,60.303487620216671],[5.3581373407560129,60.30346179143514],[5.3580137128799459,60.30345340217],[5.3579871391871032,60.30339083493817],[5.3579140640887015,60.303368633698206],[5.3578246797481937,60.303343576109967],[5.3576837042044074,60.303275496917379],[5.3575803391836239,60.303084791279993],[5.3575123977016741,60.30309243635044],[5.3574781584743638,60.303081439110095],[5.3573504686909388,60.303040436747978],[5.3570730654026564,60.302992395473844],[5.3570514228532158,60.30296848636538],[5.3568820539758706,60.302931247181995],[5.356752393452556,60.302902737529259],[5.3566480743973068,60.302892737734247],[5.3565776097958615,60.302868908618237],[5.3565158671814723,60.302853929475638],[5.3563184697920381,60.30280605126535],[5.3563035147685252,60.302802423007755],[5.3560898179339445,60.302774518013315],[5.3556640663641861,60.302692129262766],[5.3555841761806118,60.302720845987643],[5.3554835852352323,60.302720466029406],[5.3555425737192728,60.302643987893461],[5.3556614842215637,60.302489798850893],[5.3536923798515108,60.301926805842953],[5.3536507481402076,60.30162813730859],[5.3536231580382463,60.30143026082132],[5.352560392068435,60.301080607481261],[5.3522271993465358,60.300970981837274],[5.3521388398732679,60.301032755762016],[5.3518582650230888,60.300904774356482],[5.3518059765850703,60.300880920809682],[5.3520365628307953,60.300746953518065],[5.352323488475986,60.300721277207799],[5.3524073785460082,60.300785411940851],[5.3525958284090605,60.300763176715066],[5.3526355627978219,60.300758489208249],[5.3526155475375443,60.300700882557315],[5.352606456750701,60.300674737946451],[5.3525015424499625,60.300498249196295],[5.3524696848653193,60.300440299110278],[5.352435368285966,60.30040568653488],[5.3521269541220571,60.300335381410669],[5.3521258529654903,60.30033323893629],[5.3522948186140029,60.300064400588269],[5.3523988632691202,60.300076769327511],[5.3524303110073141,60.30002168241748],[5.3525565619588242,60.299800448547266],[5.3526073248903563,60.299711512781393],[5.3528913931585311,60.29940015906125],[5.3526526811377808,60.299353683298534],[5.3524376157068936,60.299311811709892],[5.3526355146887727,60.299084196788655],[5.3530694844283264,60.2991888699881],[5.3532952135375682,60.298957524785322],[5.3537472970990088,60.298709648818701],[5.3540097554889092,60.298565741365465],[5.3540572392165933,60.298526617135074],[5.3542252543574955,60.298609707612115],[5.3549306851919765,60.298041690880012],[5.3543657242314096,60.297827824196418],[5.3540433593495971,60.297705790782999],[5.3540948782143127,60.29747099805229],[5.3541101519353784,60.297401427081297],[5.3541121311121636,60.297392448382176],[5.3541817200610806,60.297077124056777],[5.3541574748644232,60.297058580674715],[5.3539734129079006,60.296917767797765],[5.3539474387560846,60.296899140924126],[5.3537202521872542,60.296736155688208],[5.3536841402209978,60.296673334245611],[5.3513557042864415,60.297272830536492],[5.3507363724918742,60.297498375342457],[5.3511006313808487,60.297154050671431],[5.3508543141454927,60.296999837074559],[5.3499985707605626,60.297325891095213],[5.3501320745519303,60.29741754744046],[5.3494588879504397,60.297653496813766],[5.349021715908064,60.29736322563199],[5.3482337428729387,60.297518263780205],[5.3481839699547153,60.297528057610755],[5.34777367638595,60.29746920269266],[5.3477717895941836,60.297357374039599],[5.3478182201869728,60.297284930815906],[5.3478464118154401,60.297259847638323],[5.3479193059160126,60.297194972567503],[5.3480828415721886,60.297117904875222],[5.3480862052461831,60.297116325630618],[5.3480742614848626,60.297103116965353],[5.3480222287382917,60.29704559915379],[5.3480435001388891,60.297028154209222],[5.3480875570974273,60.296992029655357],[5.3481541016293157,60.296937459953305],[5.3482365439866539,60.296585388237915],[5.3483788373424854,60.296453321479383],[5.348580144608353,60.296266468533091],[5.348647118164239,60.296204306447429],[5.3486695241794804,60.296183504098323],[5.3488742709245809,60.295987712293716],[5.3492584499099003,60.295722389176326],[5.348550076356676,60.295709705913751],[5.3485125035967345,60.295709031710594],[5.3482970509843692,60.295579435764338],[5.3482189174493699,60.295334722527677],[5.3483479153009812,60.29502282352545],[5.3483501996198655,60.295017286755517],[5.3489879342223983,60.294326152169077],[5.3490291594239245,60.294290857282263],[5.3492210893015564,60.294126530640341],[5.3496607034297101,60.293750128141539],[5.3499761486631661,60.293542396502922],[5.350037040264211,60.293506743408457],[5.3501196704125054,60.293458349730436],[5.350159522159351,60.29340921995081],[5.3502196774946151,60.293335059278427],[5.3503674098731295,60.293170279669752],[5.350452514556383,60.293130852124619],[5.3506048688080199,60.293060278323956],[5.3506603359809057,60.293051961559968],[5.350765654436838,60.293036162237918],[5.3508273196168545,60.293032015559369],[5.35089112889764,60.293027801973565],[5.3510386871340625,60.293036542040049],[5.3510935529993597,60.293120588714828],[5.3511084792194978,60.293143091967352],[5.3510995356377382,60.293264132087288],[5.3510037868964844,60.293392294951289],[5.3509738434357681,60.293531785571339],[5.3509454876405549,60.293657046667434],[5.3509424431994281,60.293664207403268],[5.3508878374391493,60.293792656571519],[5.3508545456396686,60.293870953698999],[5.3507895671293317,60.293936901683317],[5.3507518904609466,60.293975143890961],[5.3507434822416471,60.294179150322364],[5.3507434692928868,60.294179428598838],[5.3507655494885702,60.294367905946999],[5.3507650656060024,60.294501069988996],[5.3507613892850889,60.294511619854816],[5.3507157561512937,60.294642400947005],[5.3507116404884352,60.294659158527921],[5.3506229978713096,60.295020021948659],[5.350592791171727,60.295143182809383],[5.3505971533846459,60.295141415248651],[5.350862964584933,60.295033370269593],[5.3525963464983626,60.294284050106477],[5.35297191424125,60.294525051696489],[5.3537991764688329,60.294238626445669],[5.353990417819257,60.294027473247375],[5.3543276236632646,60.293924960335012],[5.3552681942436626,60.293574353863853],[5.3552723886076068,60.293572788274837],[5.3553450512409739,60.293547468885954],[5.3553561664626796,60.293543594660143],[5.3554136135274781,60.293549351759054],[5.355527648204812,60.293560779362757],[5.355656910739186,60.293612505319047],[5.3556744014250679,60.293619502001356],[5.3557617862518905,60.29369572098841],[5.3557943008163171,60.293794566342932],[5.3558035377870263,60.293822656187807],[5.3558163221098685,60.293861485371522],[5.3558925540206239,60.293825100442682],[5.3559559526449618,60.293794843534656],[5.3560959709121061,60.293734791509578],[5.3561050612557182,60.293730888589401],[5.3562286211326429,60.293544721662677],[5.3563153405192496,60.293425583234772],[5.3563784761324742,60.293342262067071],[5.3566728749908075,60.293386054184175],[5.3567290717477389,60.293394418896071],[5.3568902216655907,60.293023094558635],[5.3570163487266127,60.293032587851201],[5.3570807235906042,60.293037428870406],[5.3571592256365221,60.293002903209683],[5.3573419404781557,60.292756844493162],[5.3578006901537627,60.292724252156255],[5.357770519839967,60.292350058014797],[5.3577401961785132,60.292235076768726],[5.3574934624856292,60.291783600037903],[5.3568986080562881,60.29131781183257],[5.356667920073118,60.291390753977616],[5.3564408249496305,60.291451103159829],[5.3559542856028415,60.291604213121509],[5.3557235271636596,60.29167466205395],[5.3557112873857555,60.291678397559927],[5.3555647671788069,60.291721804243643],[5.3554982385130305,60.291741512768851],[5.3552653156880847,60.291811218402799],[5.3550228256994021,60.291880651887368],[5.3547458639227381,60.291958656509621],[5.3545386518568607,60.292012421129137],[5.3536196076831306,60.291532956998807],[5.3533543486666515,60.291720665870542],[5.3533044940897243,60.291781134293522],[5.3531485128306757,60.291890997322632],[5.3529554159708672,60.292033132257998],[5.3528253754412054,60.291996266439426],[5.3527286160392027,60.291974165881925],[5.3519312854431389,60.29194986845993],[5.351527337817676,60.291951068417347],[5.350859566562062,60.292139606348371],[5.3506995613537125,60.292156607338434],[5.3504955347397436,60.292181916010243],[5.3503619051292874,60.292189719007268],[5.3496762663698343,60.292151833618007],[5.349536586693544,60.292146032081732],[5.3493503332322589,60.292140908644441],[5.3491218759512345,60.292127487315561],[5.3491301569002419,60.29202266156598],[5.3485956079588419,60.291985232811463],[5.3484028671529584,60.291971732327099],[5.348413135601092,60.291853505992115],[5.3483825426080118,60.291755178619347],[5.3484244628763378,60.29172303995346],[5.3484011099143434,60.291674841023827],[5.3484512382507665,60.291654810551307],[5.3484984583969855,60.291599529374892],[5.3485008534364917,60.29159672805244],[5.3484581203238521,60.291550368753917],[5.3484968268622044,60.291418256229989],[5.3485793064900538,60.291280211520004],[5.3485386104344785,60.29123798891419],[5.3484723599556911,60.291208311694128],[5.3484499643924641,60.291146027698211],[5.3483787642391993,60.291072145282129],[5.348382093252404,60.290987038115254],[5.3484543231955026,60.290867325930748],[5.3486198446004529,60.290672118490811],[5.348650853606614,60.290565958676119],[5.3486261540217201,60.290501121589642],[5.3486293176996522,60.290415542491729],[5.3486636918853225,60.290309888725133],[5.3487087863682676,60.290249299937621],[5.3489212923380078,60.290233736971601],[5.3492205212742601,60.289999405910415],[5.3493586955021808,60.289834355620272],[5.3493966232202137,60.289794970274706],[5.3495070047527804,60.289793252042891],[5.3495555809337949,60.289873063885508],[5.3495741681896414,60.289921140504461],[5.3496216855262064,60.29001044164432],[5.3496729101877607,60.290109354207381],[5.3498130199002922,60.290184547147973],[5.3499865356186769,60.290175055594133],[5.3500871058284876,60.290175439868712],[5.3502399160104233,60.290136841115626],[5.3503333004640705,60.290115626788257],[5.3504484277955502,60.29007122771408],[5.3506635738444279,60.289989150388934],[5.3508285946523806,60.289927104135224],[5.3509737069502092,60.289871637853629],[5.351122789167075,60.289823426158058],[5.3511445056458937,60.289714628545987],[5.3511702338977214,60.289655879385748],[5.3512426499923622,60.289650733948363],[5.3513727519082241,60.289656279531968],[5.3515202871214411,60.289665090617376],[5.3516800018632606,60.289693264283684],[5.3519501161658463,60.289719717989783],[5.3520797683567549,60.289747478185284],[5.352149563677508,60.289808844363563],[5.3521421595285092,60.289875224987647],[5.3521018541931316,60.289935955454361],[5.3521907412880694,60.289955044884323],[5.3522405940039404,60.289894585820441],[5.352253575797099,60.289821212940431],[5.3522052569282543,60.289739036410154],[5.3521755312746739,60.289704918231294],[5.3522301668686518,60.289644590651328],[5.3521831991628561,60.28963617198665],[5.352292658922237,60.289341916036342],[5.3522817365091555,60.289225084544825],[5.3526580692199568,60.289256415984184],[5.3527571999104993,60.289257181162782],[5.3528090706044447,60.289244684164565],[5.3528457970727006,60.28923583356508],[5.3529421099122132,60.289231343993507],[5.3529899201863795,60.289236262202834],[5.3530368359798803,60.289241083907108],[5.3531336844047726,60.289274655701035],[5.3532201974664311,60.289357890471486],[5.3532938579847196,60.289084050823931],[5.3533174233314167,60.289001468265468],[5.3533359777360348,60.288921120870363],[5.3533529274071077,60.288855002536138],[5.3533640368233915,60.288798233158026],[5.3533868275285226,60.288722756897094],[5.3532827553378066,60.288539163488899],[5.3532946823611143,60.288518090499522],[5.3534109487458412,60.28820211681473],[5.3534499720202584,60.288070515289569],[5.3530862785938806,60.288153260133704],[5.3528978889207748,60.288124308927607],[5.3528941515205162,60.288029075740099],[5.3528524737739538,60.287973237425611],[5.3527619811862941,60.287925566870314],[5.3527178190310662,60.287877399010767],[5.3527150112486312,60.287874328786422],[5.3526356773727963,60.287855502187057],[5.3526317291332752,60.287856652004649],[5.3526293148732647,60.28785735862585],[5.3525762562731414,60.287872896808572],[5.3525998767111806,60.287918729438488],[5.3525818624705028,60.287951526365049],[5.3525205375118592,60.287857092106471],[5.3524839669240212,60.287821051106427],[5.3524212670714011,60.287759241907452],[5.3523366159731056,60.287702222153591],[5.3523355156841825,60.287701373987247],[5.3522660321576003,60.287647961907552],[5.35223657209335,60.287611478132817],[5.3522039102646897,60.287517831624029],[5.3521438854902499,60.287368740038396],[5.3520820341551314,60.287279045786434],[5.3517375983757205,60.287194543508754],[5.3514026095362839,60.28711235834151],[5.3508761648453627,60.286983193397681],[5.3504913652109893,60.286888778349642],[5.3502590449472329,60.286831776356799],[5.3487284821306771,60.286468621594956],[5.34813233268655,60.286316665774983],[5.3475812972756671,60.286189722662336],[5.3472695680195077,60.286107420871126],[5.3465744823944297,60.285940842904445],[5.3459225243474604,60.286545960261215],[5.3458431188095386,60.286545661110573],[5.3457951171511784,60.286546712097682],[5.345733295788075,60.286542636728299],[5.3456855403780326,60.286541321578312],[5.3456375206749129,60.286542372011418],[5.345594548029883,60.286541188545051],[5.3455608575544318,60.286542642567007],[5.3455221200107843,60.286546330459856],[5.3454836648157098,60.286547653238557],[5.3453878896964255,60.28654738834144],[5.3452785783250354,60.286539622926654],[5.3452263225618522,60.286535810780123],[5.3451883799845827,60.286532383856745],[5.345131077155477,60.286530805539286],[5.34502125427103,60.286527780568939],[5.3449403391366266,60.286523169909501],[5.3448259979047252,60.286517647438131],[5.3447212051694919,60.28651237890989],[5.3446777028731898,60.286515935303527],[5.3446378352880854,60.286512724838211],[5.3446277332825947,60.286511916251037],[5.3420886392397753,60.286387244041038],[5.3403048042811463,60.285980893167739],[5.340216466520487,60.285960767953725],[5.3395943965060901,60.285819059480644],[5.3393504903786884,60.286403979823582],[5.3392373804927935,60.286675224490708],[5.3392326897600721,60.286684946160726],[5.3392295091250341,60.286691527664999],[5.339153940575053,60.286847967918199],[5.339079384046439,60.287002314842589],[5.3390627966668571,60.287036641586809],[5.3390447624162949,60.287069661073524],[5.3388799927063371,60.287371343456826],[5.3388266628354124,60.287468985064869],[5.3387923662084606,60.287531801165997],[5.3384422213955398,60.288172913481361],[5.3406626201461274,60.288215880877381],[5.3417721904980455,60.28823733325212],[5.3418218342722534,60.28823829735709],[5.3417688722025121,60.288657089396381],[5.3417612264507399,60.288717512988335],[5.3417100638406305,60.289121982496724],[5.3393289116763683,60.288943865872305],[5.3385109320898509,60.288877166325392],[5.3380953767105357,60.288843282915572],[5.3380850425367949,60.288842440469082],[5.3380782971476295,60.288841885809148],[5.3380497369923194,60.288989106600923],[5.3380324079769359,60.289078384703643],[5.3379065887387496,60.289103827643281],[5.337647208369301,60.288968389496482],[5.3375947650240034,60.288941002117319],[5.3375115110621536,60.288958038000942],[5.3366541863372161,60.289133516219927],[5.3365806819335351,60.289385314405934],[5.3369745483563573,60.290029137566293],[5.3369397477963654,60.29033983446746],[5.3373196713213922,60.290819416143059],[5.3373135068354367,60.291625695754696],[5.3374238848338864,60.292084983939063],[5.337584104869431,60.292214710408111],[5.3375378407574576,60.292570068001723],[5.3374671140568788,60.293663734469177],[5.3371204370587657,60.29392726453468],[5.3368511744876805,60.294066259659935],[5.3368250164669755,60.294079765992805],[5.3367753610384545,60.293975705009252],[5.33674113594184,60.293903951129323],[5.3367146887161816,60.293903230096198],[5.3366653314621972,60.29390189464106],[5.3365982232249385,60.293827066864665],[5.3365727380461996,60.293780101010789],[5.336514342113186,60.293733538944359],[5.3364918873253213,60.293708498095441],[5.3364802332705441,60.293695502998077],[5.3364675814820384,60.293681392782553],[5.3363532455751574,60.293553911433314],[5.3362501346267921,60.293525843968936],[5.3361293728884416,60.293531678057079],[5.336021940429732,60.293459925194554],[5.3358123440297645,60.293412424038529],[5.335737047709836,60.293406812703203],[5.3356069266753998,60.293397116900245],[5.3356072960384768,60.293373784682473],[5.3356199389247738,60.292587808003226],[5.3356206529022288,60.292331303798562],[5.3355367456441289,60.29167883263883],[5.3350466859180665,60.291648653404827],[5.334540187424551,60.291551424492901],[5.3340729488995882,60.29148857953188],[5.3339123855017494,60.291724336536561],[5.3337192275003762,60.291738028407764],[5.3332833140688001,60.291566650268628],[5.3325502616266602,60.291353757791107],[5.3321978896504723,60.291420122629283],[5.3319914677183258,60.291381124800886],[5.3321167421960878,60.2912148893205],[5.33218283473638,60.29112719315826],[5.3319796771351466,60.291098819720091],[5.3318432291475322,60.291079759164418],[5.3315418211933272,60.291067256914864],[5.331499901393804,60.291065513851457],[5.3314987763566597,60.290970467996999],[5.3310576825561551,60.290949869590378],[5.3309236920124903,60.29094361235844],[5.3305285115906971,60.290925153467434],[5.3302124755042515,60.290910392089586],[5.3302241882245651,60.290870718264848],[5.3302290347165702,60.290854313903004],[5.3302611462986658,60.290744996935878],[5.3302735844529936,60.290703536530408],[5.3301559577418995,60.290683934048751],[5.3298244588572707,60.290628701405261],[5.3296575461702638,60.290600886308745],[5.3296806953864575,60.290394625903083],[5.3296844601938789,60.290337043401628],[5.3296940113551834,60.290190475413148],[5.3297240720338515,60.28996537802248],[5.3297350260733793,60.289814534469443],[5.3297416622431646,60.289723298456138],[5.3297625980847592,60.289513678133119],[5.3297669626012754,60.289464462306618],[5.3297709356226965,60.289419702815557],[5.3297397197301315,60.289287269335993],[5.3297302244175464,60.28924700896691],[5.3297190107197165,60.289199474509779],[5.3296526881063064,60.289192885314264],[5.3296043599742973,60.289154534947251],[5.3295126583346981,60.289081764244756],[5.3295006398984253,60.28907108632621],[5.3292813481617856,60.288876231060271],[5.3291399702839861,60.288741172469166],[5.3290706400376022,60.288661542048615],[5.3289869439903104,60.288579087332621],[5.3289306217343455,60.288514386655955],[5.3290363774031553,60.288496118019111],[5.3295320683333101,60.288410491728271],[5.3295612211175722,60.288405455736573],[5.3296296229830915,60.288386243301133],[5.3297206261222652,60.288360681075865],[5.3298926129293154,60.288312362301802],[5.3300007712068869,60.288267185611183],[5.3300634932648867,60.288240984800616],[5.3301677857729866,60.288165392670336],[5.3306424769069407,60.28794783626055],[5.3306337454177557,60.28788478489902],[5.3306239462572789,60.287814144890852],[5.3303202310775868,60.287617873529769],[5.3300783789248927,60.287575555446757],[5.329984007088397,60.287559040554868],[5.3295345914140517,60.287480402540005],[5.3294638703486132,60.287468028914006],[5.3290766204754272,60.28740025893957],[5.3290176897212769,60.28738994597613],[5.3289491800458269,60.287359647732856],[5.3282932787399879,60.287069524342442],[5.3282749735839383,60.287005839303013],[5.3281692778920693,60.286638026893129],[5.3281618298690701,60.286621965489559],[5.3280420433922391,60.286363401890512],[5.3280418262868103,60.286362110560262],[5.3280345671990776,60.286317759307323],[5.3278771388940154,60.285357635089355],[5.3278303866017858,60.285240491413035],[5.327720005689673,60.284963842588304],[5.3276977133645893,60.284907956743105],[5.3269830875079123,60.284813906470703],[5.3269425209308343,60.284808568008067],[5.3272430891300706,60.284495413435508],[5.3273005112072971,60.284435594983101],[5.327356539754418,60.284330625794702],[5.3274218325231111,60.284208278019882],[5.3274261633434552,60.283999114943526],[5.3274137059684721,60.28393932169768],[5.327396926289933,60.283796132459045],[5.3271659634148305,60.283245175761785],[5.3270534759049575,60.283091220670364],[5.3270458716485649,60.283080592755645],[5.3270331329660952,60.283063135429941],[5.3269783968394417,60.283008283759678],[5.3268838782833532,60.282913564310469],[5.326682786000041,60.282712043747601],[5.3266499848858615,60.282679164330737],[5.3265002379375037,60.282513535002046],[5.3264625273613122,60.282471827937776],[5.3264398555574592,60.282431121482261],[5.3264146993511918,60.282385941977914],[5.3263549272087296,60.282278593840907],[5.3263319107484994,60.282099593127995],[5.32636025993666,60.282100378064889],[5.3267711699573717,60.282111754724205],[5.3269722487511295,60.282069764452451],[5.3270757054190438,60.28207034542681],[5.3271876284267874,60.282070971930494],[5.3277199113515525,60.282321135251543],[5.3282233607241967,60.282316049407918],[5.328278569227245,60.280847132102537],[5.3282785124940544,60.280843121763532],[5.328208592774013,60.280843092280897],[5.3279561525771575,60.280842999811597],[5.3278427207599428,60.280842952309058],[5.3277543729681538,60.280841001382299],[5.3275300048522727,60.280749177756618],[5.3273801047327964,60.280847288052932],[5.3267870320876192,60.280855210098039],[5.326770281376743,60.280855438441954],[5.3267595676994608,60.280855582251867],[5.3262955983461504,60.280861809230458],[5.3262769589816621,60.280861931287056],[5.3262615766698316,60.280828212764227],[5.3263356190666924,60.280766059649579],[5.326365630649212,60.280726722008609],[5.3263763848193229,60.280730408360206],[5.3263830784894886,60.280732696956939],[5.3264101488695035,60.280741958398913],[5.3264340493259557,60.280699817970252],[5.3264101607970051,60.280693170340236],[5.3264047189182699,60.280691662432318],[5.3263945388330791,60.280688827888561],[5.3264759971293145,60.280582064473762],[5.3265159670258404,60.280527866266141],[5.3265270675709866,60.280512830620282],[5.3265550781806006,60.280474866678347],[5.3267496963188279,60.280213366044215],[5.3267805397589267,60.280171930123174],[5.3268502256239252,60.280082619404766],[5.326909361934665,60.280006660798399],[5.3269091131076527,60.280002105840474],[5.3269078300577197,60.279978871571053],[5.3269076946420828,60.279976530869533],[5.3269062045734357,60.279949497814926],[5.3270144784254922,60.279795542030072],[5.3271370876350783,60.279599171860134],[5.3271489273713142,60.279550297792156],[5.3271817193965214,60.27941490734073],[5.3272306084444212,60.279192713287138],[5.327228849881668,60.279112120645429],[5.3272274862643281,60.279049937941565],[5.327186697947937,60.278901365063973],[5.3271825792315131,60.278877108526899],[5.3271821941437496,60.278874895738042],[5.3271818491045755,60.278872809893755],[5.3271578509537187,60.278731712668488],[5.327134848921002,60.278552721461075],[5.3271850317563141,60.278404285106085],[5.3273989047887866,60.278120073160402],[5.3276820008138825,60.277816367002444],[5.3279483882117527,60.277533607930643],[5.3281224413929982,60.277348170563684],[5.3281735591908319,60.277293273824],[5.3282476619864507,60.277213702235052],[5.3283505990986262,60.277107163850424],[5.3284638793614283,60.276993765967887],[5.328632080715777,60.276817684661289],[5.328973526518582,60.276463270171021],[5.329203779649113,60.276225088573661],[5.3293093845600774,60.276115845993907],[5.3296131172766898,60.275884056189895],[5.3296195879118375,60.275875741299359],[5.3298914958466739,60.275526681359146],[5.3299431654043765,60.275460357237257],[5.3300688740107871,60.275309461401491],[5.3300924849142923,60.275281118421915],[5.3303692200784898,60.274948954324493],[5.3306387813289735,60.274615836299837],[5.330850442567014,60.274479002003588],[5.3310388026042066,60.274188578685028],[5.3310762149036472,60.274130902070759],[5.3314201869331566,60.274052419777682],[5.3319839780034863,60.274020453017833],[5.3321629331691591,60.274053597200414],[5.3321726308649335,60.274055393333427],[5.3323825948653374,60.274094275185732],[5.3324267397469018,60.274102452567007],[5.3326709808270243,60.274144879202311],[5.332942526346331,60.274199942620726],[5.3329199667050835,60.274230238596175],[5.332974415038545,60.274240462304235],[5.333213238990214,60.274311383720985],[5.3332389668984899,60.27429544861532],[5.3335645746250604,60.274403777329518],[5.3335898028680351,60.274412168526901],[5.3344135192554205,60.274686899147881],[5.3349407009500593,60.274865365473673],[5.3351864471014814,60.27494856359251],[5.3352849874344228,60.274925615362015],[5.3352952814880039,60.274923221236293],[5.3354750242513518,60.274881366703788],[5.3355699216883181,60.274859270393321],[5.3356940312047154,60.274905509539551],[5.3357834016580661,60.274962671492389],[5.3359027065661646,60.275179994645768],[5.3360161998384195,60.27532106274073],[5.3363495271216523,60.27567985685296],[5.3367485392718166,60.276027817310421],[5.3367944923622268,60.276067888401236],[5.3367981958061126,60.276070534332575],[5.3370782390166571,60.276270731729085],[5.3371067824154697,60.276291725360643],[5.3371803581609578,60.276345825590383],[5.3372983141951291,60.276432555932537],[5.3373437146796689,60.276465933298027],[5.337354878291114,60.276475499380652],[5.3374273747678398,60.276537632100919],[5.3374347236586619,60.276543929004362],[5.3374908707993391,60.276592056071529],[5.3375272184877787,60.276623206034508],[5.3376348207732285,60.276680537339516],[5.337866150122502,60.27680378810922],[5.3380753941539183,60.276859502516075],[5.3381601169766775,60.276873372942788],[5.3382011207130402,60.276880068426372],[5.3383199110578197,60.276899543948389],[5.3385434938939662,60.276912851436748],[5.3387503220974164,60.276895226093359],[5.3389082161802319,60.276881768811464],[5.3390624146433607,60.276854430423086],[5.3391601100593933,60.276837118522316],[5.3393916322063175,60.276779295190359],[5.3394145213882824,60.276768826311979],[5.3394232380179227,60.276764842362589],[5.3394880343052185,60.276735198434949],[5.3395632260382744,60.276700798913005],[5.3395671372629261,60.276705796418874],[5.3395764622600108,60.276718052976911],[5.3397266003532833,60.27690982439524],[5.3397485143290533,60.2769388137852],[5.3397907947173309,60.27699477244802],[5.3398642414410791,60.277091983980441],[5.3399631727346373,60.277363442977027],[5.3400103372963006,60.27748172574681],[5.3400276240001068,60.277525067434702],[5.3400379709828218,60.277551005242316],[5.340047231397075,60.277577919753291],[5.3402130973042743,60.278059877371085],[5.3403071741982915,60.278483525290092],[5.3406458901850407,60.279180142694138],[5.34088359157633,60.279554001817857],[5.3409106052327724,60.279596488080983],[5.3411419838808278,60.279945203001311],[5.3411967921586507,60.280069007996886],[5.3413466848265738,60.280407565651558],[5.3414307785105555,60.280597756015709],[5.3426713111407951,60.280596283738284],[5.3427092264284974,60.280385674813743],[5.3428299052982986,60.280334308149328],[5.3429919697879722,60.280341157163448],[5.3433119724518114,60.280221895350351],[5.3436070450010558,60.280194011828449],[5.3437579667723885,60.280129204563437],[5.344004075664774,60.279940978727176],[5.3452832642913224,60.279636153797405],[5.3457052169620942,60.279502707145689],[5.3462641725202635,60.279074516780767],[5.3462655787293691,60.279073431984258],[5.3464552455188938,60.279218969619272],[5.3466451480237955,60.279233708478401],[5.3467729716475532,60.279232051026639],[5.3468895032712762,60.279260525488894],[5.3471149019875019,60.279315609244577],[5.3471481199194733,60.279314591364859],[5.3472782860373975,60.279310598072527],[5.347318820673622,60.279321861697596],[5.3481421973267054,60.279550788256465],[5.3481472441210247,60.279548545303605],[5.3481835798713746,60.279426838930888],[5.3482111084198305,60.279334578065487],[5.3482196189250377,60.279337302035763],[5.3489509181616262,60.27957134696878],[5.3490727754582208,60.279601431080451],[5.3494495861246696,60.279694463697766],[5.349692814124273,60.279703528749494],[5.3499564525727843,60.279658461906152],[5.3502327904656122,60.27958521548242],[5.3504999867016947,60.279078883266948],[5.3509401731136972,60.279086613658102],[5.3509779273618614,60.279087274543308],[5.3519141138183315,60.279371438186871],[5.3518366740999221,60.279378827297002],[5.3518644663137653,60.27994558439336],[5.3516000635852521,60.28008337376604],[5.3517979553853072,60.280155408551245],[5.3514959697500171,60.280458633913717],[5.3509079227591387,60.280449598480189],[5.3506859867842227,60.2809168555601],[5.3505484384320274,60.281248384427641],[5.3504728035331155,60.281542167185862],[5.3504639284125375,60.281576617352023],[5.3503101246144977,60.281710318977517],[5.350271988779741,60.281880494368771],[5.3501675322567994,60.28195654601226],[5.3501051770419163,60.282001946644861],[5.3497558498489521,60.282042283868016],[5.3497431521052707,60.282156084173863],[5.3499280473796187,60.282215863705026],[5.3503117210543856,60.282262918869719],[5.3505734463552104,60.282312092563451],[5.3505805099351527,60.282311082433722],[5.3507348319369132,60.282289099516255],[5.3508789921464857,60.282234884057772],[5.3510211819352298,60.282248313036014],[5.3513383038072639,60.28235780917435],[5.3511541777547844,60.282459722735474],[5.3510894896935728,60.282495532224523],[5.3508617015026685,60.282691402241923],[5.3507070780359562,60.282789416839677],[5.3506633426223082,60.282880953733269],[5.3509383619796207,60.282899438169274],[5.350962833024469,60.282901081886585],[5.3510896441909006,60.282966398847584],[5.3512037046365846,60.28293148868817],[5.3513220053083144,60.282944251347665],[5.3513034180676167,60.282896183905976],[5.3513796713380097,60.282820793925872],[5.3515187463323288,60.282683315495184],[5.3518628090544684,60.282479208527718],[5.3519522066618936,60.282426173662699],[5.3522085084610298,60.282380837368713],[5.3522591067470699,60.28218484871654],[5.3523731461807031,60.282149928056597],[5.3525044682327243,60.282174947987372],[5.3529184342837066,60.281941373546168],[5.3523214937660804,60.281625325959808],[5.3523649291863853,60.281450541144125],[5.352500091584818,60.281329393607805],[5.3525245453794374,60.281307478650241],[5.3527110138329848,60.281267421270144],[5.3527463895795204,60.281313469273975],[5.3530911978989852,60.281314210814706],[5.3535657182332157,60.281267023320552],[5.3537045852478604,60.281324202311737],[5.3541141872347096,60.281430579765996],[5.3541546243658784,60.281377141906376],[5.353911431800535,60.281187199953507],[5.3540365892057586,60.281095508797655],[5.3540687685376032,60.281003284930051],[5.3540672801776541,60.280948910728839],[5.3539393800986215,60.28080746406318],[5.3539634313012492,60.280634528059814],[5.3540509913744927,60.280665471549433],[5.3541849763301386,60.28052377917377],[5.3543561618616824,60.28041939397913],[5.3545770722520469,60.280327960532382],[5.3546059373158013,60.280240768746005],[5.3545311033521186,60.280138827440133],[5.3547382908790997,60.279921173810145],[5.3550282963096132,60.279845713469278],[5.3551884481688532,60.279740718587085],[5.3552366572521102,60.279650786426934],[5.3552743585537366,60.279580438359744],[5.3553094171273266,60.279503591170766],[5.3553553718484572,60.279402856228806],[5.3562803123785399,60.279525764757459],[5.3564009622270694,60.279265743962121],[5.3564157992392989,60.279233767196807],[5.3564252289466623,60.279213452333522],[5.3564094596992993,60.27896807478038],[5.3565964253525582,60.278803432484871],[5.3570321399976697,60.278321679338227],[5.3565949134602304,60.278115169966988],[5.356500825008669,60.2780707283749],[5.3568552676064636,60.277768924309463],[5.3571399967185425,60.277534180112497],[5.3575053783806661,60.277392016354341],[5.3577814363488816,60.27732111104195],[5.3580762413796421,60.277124688359009],[5.3581085568388254,60.277033213512034],[5.3581461492427858,60.276926846388193],[5.3581127945552707,60.276808626790704],[5.3581015153472826,60.276768661568475],[5.357966952916752,60.276600880426372],[5.3580302738976462,60.276553273924939],[5.3581226098922485,60.276483840792494],[5.3581279895990725,60.276411112775875],[5.3581688467453379,60.276249711121373],[5.3581216961027174,60.276111869222753],[5.3581146509430972,60.276091263796275],[5.3580325818651469,60.275882113244343],[5.3580509844247226,60.275664081204773],[5.3580626170372661,60.275526226124661],[5.3584219447191792,60.27517265526982],[5.3584710421587971,60.275083213953074],[5.3586346351336935,60.275033011659893],[5.3586239689406874,60.274961514997486],[5.3586353480776134,60.274897472388389],[5.358740290371462,60.274771939548891],[5.3590038870973906,60.274639094520182],[5.3590726379077012,60.274604444705197],[5.3591008705581071,60.274581985262536],[5.3592370997690102,60.274481174196666],[5.3592716981576114,60.274366033173159],[5.3594525006709466,60.274137501629909],[5.3594185263056699,60.274098522582293],[5.3594423612801858,60.2740563752618],[5.3593224584197046,60.273972227648045],[5.359130965235809,60.273928916556628],[5.3584623773898246,60.273870136870066],[5.3581250518216406,60.273846612657188],[5.3578402411157864,60.273867330830889],[5.3574544752916538,60.274020826394725],[5.3572043675376042,60.27406483159541],[5.3570938387555715,60.274034706259251],[5.3568538353293045,60.274038496748425],[5.3565867918420063,60.274030291031742],[5.3563364351447564,60.273999641332871],[5.3562185772138928,60.273887935378042],[5.3562143409366607,60.273806035986759],[5.3562420046013743,60.273726774467789],[5.3563689985072696,60.273483034943631],[5.3560844609397398,60.27338153614776],[5.3555351736117576,60.273317443646427],[5.3550912586377013,60.272110498796252],[5.355484246724326,60.272107032012435],[5.3557472841166547,60.272074530773963],[5.3559604641154408,60.272044012021382],[5.3562612353403924,60.271937019024833],[5.3562645701404881,60.271935834309375],[5.3563976317500686,60.271815830397031],[5.3564373477119176,60.271717036123668],[5.3565358143638946,60.271597151471902],[5.3566035119432218,60.271514711125093],[5.3568056215869042,60.271118357636745],[5.3571247573133549,60.270875040914554],[5.3574821043153342,60.270718384711287],[5.3580384252689619,60.270443109524145],[5.3583821643102025,60.270417295096571],[5.3590961779490787,60.269919709202746],[5.3593214674413305,60.269720136579551],[5.3598571811194677,60.269543140078973],[5.3603539857001801,60.269388119452309],[5.3603687934999806,60.269383501396142],[5.3604176043954892,60.269368266586454],[5.3604909977098059,60.269260993820225],[5.3605262129161773,60.26920953234859],[5.360636395484847,60.269115232085447],[5.3606550910492548,60.269099242842884],[5.3606761234961438,60.269075417159542],[5.360731895520634,60.269012376696082],[5.3607517030581446,60.268989802696815],[5.3608620591388565,60.268949750301879],[5.3609672872503884,60.26891155250064],[5.3610929906225637,60.268977414447257],[5.3612115647964265,60.269039539379932],[5.3616395608792491,60.269108354013433],[5.3621980471913515,60.269209283173176],[5.3624520236710431,60.269163928348483],[5.3625386808659554,60.269170879634906],[5.3627749611354742,60.269144246518628],[5.3632655044922277,60.269167205820771],[5.3639515725631028,60.268981498415663],[5.3642801768892987,60.268738425337283],[5.3645128190860358,60.268739291933535],[5.3647826454727889,60.268740305323796],[5.3648384807057719,60.268769321084257],[5.3650061648888139,60.268855743937671],[5.3650452318764223,60.268875923190926],[5.3662105001734437,60.268470274070303],[5.3663908488551293,60.268422580294043],[5.3665853258072795,60.268371156738624],[5.3665846968523638,60.26832824836395],[5.3665842052277437,60.268295023919507],[5.3667141941231309,60.268284536120326],[5.3667822553153801,60.268279048107829],[5.3668716808398127,60.268279789743083],[5.3670309734485864,60.268281105668393],[5.3671378352609116,60.26829298454367],[5.3672579584360482,60.268306341040535],[5.3675122992257505,60.268387026617923],[5.3675400228995098,60.268401007290407],[5.3677117622321191,60.268487618568514],[5.3679231554196107,60.268567127259246],[5.367864519677938,60.268630020161787],[5.3678382323288423,60.268658206021627],[5.3677752840880508,60.2687257175225],[5.3677613541207778,60.268743797598127],[5.3677361407708846,60.268776488913581],[5.3675192406876251,60.269057844393735],[5.3675321357790438,60.269061972511253],[5.3678844526021612,60.269174857062247],[5.3678330012919071,60.269256480108176],[5.3678187253519933,60.269279143627514],[5.3677798524495097,60.269340842960538],[5.3677503579778172,60.269384553288411],[5.3677025635382529,60.269455391864156],[5.3673775401647159,60.269937168731019],[5.3673558833895747,60.269968941738057],[5.3673280709082922,60.270003844792157],[5.367294246278961,60.270048083597281],[5.3672753219279565,60.270081809931447],[5.3677171243293769,60.270155737236408],[5.3678224296648622,60.269961575053038],[5.3678546881187543,60.269843555049114],[5.3679092878386108,60.269826022294097],[5.3680393329583369,60.269646468894194],[5.3681156477290077,60.26960575715691],[5.3682166814349941,60.269601386845501],[5.3684630245661689,60.269624777114615],[5.3688310935340615,60.269672899719126],[5.368896645133904,60.269678801670374],[5.3690586144834436,60.269693400770279],[5.3691266007557417,60.269675398061004],[5.3692213942670657,60.26965029146853],[5.3693470979363793,60.269561352674685],[5.3693667525306994,60.269547446795258],[5.3694962060274527,60.26945585116966],[5.3695283872680557,60.269433084328718],[5.3695887646475722,60.269390362682032],[5.3697274374008517,60.269431467358586],[5.3698827348250138,60.269477502898233],[5.3699688367116085,60.2695030214106],[5.3700436378181386,60.269519332431749],[5.3700090677062589,60.269574247254866],[5.3700045876989879,60.269581360052605],[5.3700680348513181,60.2696568164166],[5.3702366706461859,60.269732697370493],[5.3703557699242044,60.269766929161143],[5.3705940162438148,60.2698352948455],[5.3708390966309176,60.269913347437843],[5.3709524971366704,60.269965533702475],[5.3711852748383935,60.270072640004592],[5.371274389000007,60.270110670512089],[5.3714180133736935,60.270171952149376],[5.371637829809063,60.270265751260766],[5.3715191315450452,60.270340170324971],[5.3714380830037465,60.270295970116798],[5.3714356253555682,60.270294635573649],[5.3711763385050357,60.270153243152272],[5.3708324108485339,60.270224142516746],[5.3707892836410647,60.270233029236465],[5.3707896950097203,60.270236662680574],[5.3707950594821252,60.270284563026337],[5.3707965099418828,60.270297428675384],[5.3708186876635562,60.270311517526487],[5.3709166465017146,60.270373734446487],[5.3709227655589444,60.270377622909159],[5.3709530419565121,60.270396840780229],[5.3709621388827937,60.270487455627141],[5.370989776661375,60.270508767424083],[5.3709974379649754,60.270514576579295],[5.3710503761573509,60.270526711618849],[5.3710926567663098,60.270536397947524],[5.3712027153933555,60.270561627211983],[5.3712448898415772,60.270571292610185],[5.3714463824449359,60.270569901532802],[5.3714783440158582,60.270569679257846],[5.3715227817489293,60.27056937580091],[5.37153132282294,60.270621928919013],[5.3714932648235285,60.270623116944797],[5.3714871817198775,60.270623310073034],[5.3714475072388082,60.270624552737949],[5.371218178066453,60.270631716661683],[5.3711661930349681,60.270633341525254],[5.3711621895359354,60.27063566777025],[5.3711302386504185,60.27065423489519],[5.3710752352307036,60.270686183763701],[5.3710180651782018,60.270719394583757],[5.3710177497133165,60.270719628631248],[5.371014325494551,60.270789516002317],[5.3710131493234634,60.270813832484549],[5.3710102388765675,60.270874026804087],[5.3712812884026881,60.270927811024144],[5.3713267559401539,60.27093682944804],[5.3714412213009997,60.270959536540047],[5.3715893553400438,60.27096956552591],[5.3716447256011461,60.270973318058495],[5.3716938818153412,60.270976648937165],[5.3717358367397621,60.270979486226111],[5.3718486515380688,60.271084828950464],[5.3718407765378791,60.2710912287749],[5.3718118070051819,60.27111473115702],[5.3717712355253759,60.271130752726513],[5.3717318752005188,60.271146295091754],[5.3715414506039156,60.271221484764617],[5.3713385038510681,60.271360811984515],[5.3713262039017167,60.271369256862535],[5.3712149762464225,60.27144561478223],[5.37077860947457,60.271698753128824],[5.3707073828972769,60.271662398171387],[5.370477288030342,60.271609661521879],[5.3703144251955512,60.271673352902368],[5.3701419719554666,60.271740790348765],[5.3701444859679217,60.271745532933686],[5.3702726630123108,60.271986936273017],[5.3704805099938113,60.272003058344133],[5.3708513724890548,60.27181965583322],[5.3710480123254341,60.272023338867299],[5.3705519768660084,60.272135807973555],[5.3708611327306466,60.272370189936581],[5.3710000989804998,60.272335010381404],[5.371050250082841,60.272357782887958],[5.3711698298016541,60.272617887833619],[5.371737424911216,60.272464572415622],[5.3718921835289919,60.27243090243212],[5.3720519098985342,60.272396163733731],[5.3722133233453233,60.272361057535143],[5.3721494241475281,60.272238330851081],[5.3721304153642437,60.272201840810155],[5.3721528550559947,60.272085924354684],[5.3722026745388396,60.272068268068118],[5.3722620048406977,60.272099326455141],[5.3722841357865141,60.272110915066406],[5.3724424745494082,60.27241013404074],[5.372465476319582,60.272591494794369],[5.3722423345733441,60.272747105856965],[5.3716018619700758,60.272742451461319],[5.3712951137214633,60.272740226903949],[5.3711436280441598,60.272774552006567],[5.3706359506462524,60.272889588327267],[5.3706530796431746,60.273037497115205],[5.3701729983332971,60.273160477200328],[5.3699836681052595,60.273168068648644],[5.369802573165642,60.273203541463758],[5.3695995438464221,60.273307379213257],[5.3695511682130004,60.273484414542303],[5.3697688459852229,60.273723422999716],[5.3699069486394482,60.273834600457135],[5.3699095063892193,60.273836665796786],[5.3700156545746864,60.273782711859127],[5.3700160573031974,60.273782507165379],[5.3703604130921727,60.27380730784563],[5.3703843443207804,60.273809032186783],[5.3706301570233652,60.273826731827739],[5.3706311217236857,60.273828313154731],[5.3707403086007872,60.274008850407562],[5.3707515479959946,60.274027439600481],[5.3708939010374346,60.274254866934662],[5.3708743166236879,60.274431467856736],[5.3708662931837656,60.274503817958013],[5.3708569496401113,60.274546785932706],[5.3708369810848922,60.274638565015728],[5.3707833015745932,60.274684131055331],[5.3703348440510705,60.275064775164168],[5.3698975881681292,60.275423793569416],[5.3698743791702759,60.275848842172529],[5.3699502606022262,60.276009548794249],[5.3703202776823336,60.2767932481134],[5.37030879527435,60.276981440552568],[5.3703085375088619,60.276985559019977],[5.3702096951379401,60.277000318573869],[5.3700734388360551,60.277020669607111],[5.3693036762902651,60.276706622252092],[5.3691298245393808,60.276635694266872],[5.3688353997940998,60.27669903735385],[5.3687778772103885,60.276742645959445],[5.3687964860384243,60.276790720146856],[5.3689149273655872,60.276824737017726],[5.3690940919938308,60.276827402504097],[5.3692860162076679,60.276865784972522],[5.369328314304294,60.276874240830423],[5.369455449297309,60.276979977191537],[5.3694833877500354,60.277073489566391],[5.3696678412430563,60.277223595360169],[5.3697110722421293,60.277351213385572],[5.3698647528394696,60.277804821568743],[5.3699492167642662,60.278054115550056],[5.3700514309787879,60.278123028359232],[5.3703279182265646,60.278309419214644],[5.3704752092998085,60.278381677059521],[5.3708462975963869,60.278563724888393],[5.3709199002996861,60.278584828816342],[5.3709736973295099,60.278626216285204],[5.370993174107177,60.27865818025851],[5.3710965824614139,60.278686498838702],[5.3712725772959988,60.27877283416219],[5.3716224997481072,60.278976411359459],[5.371641457724893,60.27898743684873],[5.3717508432358425,60.279119209031414],[5.3718511928302712,60.279240092159576],[5.3718646055273744,60.279350256963006],[5.3717949571272161,60.279460118767197],[5.3708586547965691,60.279854325226736],[5.3706546264912411,60.279940224708042],[5.3705637766410437,60.280068533716637],[5.3706721771774371,60.280256985487931],[5.370770628073152,60.280301320157491],[5.3709139166595561,60.280365854954709],[5.3711590462514822,60.280375471722131],[5.3713144458611284,60.280381573422289],[5.371598998079552,60.280488619449983],[5.3717097990783289,60.280530307091013],[5.3719289025604207,60.280541062227925],[5.3719747922745649,60.280558962920217],[5.3721817722866598,60.280635960595454],[5.3724597813932107,60.280676853516546],[5.3726563263929599,60.280675099483695],[5.3728740675870004,60.280654887931966],[5.3729955917680536,60.280681992388473],[5.3731548075318392,60.280757691763398],[5.3732211140989126,60.280817728785472],[5.3732766620989958,60.280868034249409],[5.3733696260104669,60.281239174879367],[5.3735498295064481,60.281341602567601],[5.3737585651507693,60.281417207514686],[5.373968815150671,60.281493365818292],[5.3740805686511788,60.281565385047884],[5.374196110117972,60.281666925530303],[5.3742202081054513,60.28168810373581],[5.3750889587812223,60.281973428555986],[5.3758536101423369,60.28237718852121],[5.3766687513079292,60.282844151083424],[5.3768168839769128,60.282947684542137],[5.3770865908179051,60.283136175545984],[5.3786446163660724,60.283901648659239],[5.3790045620270428,60.284111230300766],[5.3782262854176297,60.284231559770696],[5.3781956425641591,60.284236592547231],[5.3780433988256799,60.284270483216446],[5.3775985894784455,60.284308287253793],[5.3767863973080727,60.284376477812771],[5.3768143070398153,60.284427177348789],[5.3768246795227226,60.284463134028606],[5.3767830774534344,60.284492907867758],[5.376672506495642,60.284539835046587],[5.3766288708634278,60.284572276682709],[5.376604645732554,60.284590292280122],[5.3766785265457671,60.284732100416015],[5.3767152506526878,60.284802589602151],[5.3767724771396592,60.284977746848917],[5.376837018682858,60.285043719586511],[5.3768594135509691,60.285144214943223],[5.3768886924575083,60.285225870619378],[5.3769333347181067,60.28529842745553],[5.3769655959465013,60.285439620285231],[5.3769758187280585,60.285563556574083],[5.3770612210197486,60.285787047522881],[5.3772039840970702,60.286054914372677],[5.3773642170343265,60.286587110164305],[5.3774049532383685,60.28677423824098],[5.3775033874708118,60.287226326193185],[5.3775642269605628,60.287505752623503],[5.3775654546267457,60.287677421262636],[5.3775677040111001,60.287993357442787],[5.3775676052643107,60.288351581036508],[5.3775675618669663,60.28855695596836],[5.3783467446111839,60.289436713067815],[5.3785579882757624,60.290167792203604],[5.3785580081011073,60.29021028804366],[5.3785580685955026,60.29036768767881],[5.378558133479844,60.290512621065581],[5.3787141130165059,60.290704744778822],[5.3790542528789764,60.290704516611349],[5.3790256465896205,60.290746536964498],[5.3788956972552375,60.2907953103906],[5.3785624216529664,60.290776706862673],[5.3785235751023457,60.290911194921584],[5.3785890031287833,60.290922696396819],[5.3789558898341037,60.290987201896442],[5.3789623416627483,60.29098273113955],[5.3794273017442906,60.291066763754081],[5.3788696839923267,60.291679244976358],[5.3773241533922995,60.29194014065498],[5.3770935109737916,60.291979072212371],[5.3769657345730719,60.292000642557866],[5.3765518654814093,60.29206790752589],[5.3764623092224877,60.292082467658958],[5.3760971407772873,60.292265118897561],[5.3758693212974107,60.29237542743509],[5.3756714988914389,60.292474663666894],[5.3754023258181123,60.292612370082495],[5.3750426990285742,60.292788042475095],[5.3746165190391881,60.293002315078226],[5.3745685423490102,60.293046187284006],[5.3740995432349843,60.293430519535356],[5.3741030468589228,60.293485307403358],[5.3741153294256705,60.293547471611319],[5.3741262794264255,60.293621490570253],[5.374130307734907,60.293671547091805],[5.3741378064489478,60.293733580597262],[5.3741519636480559,60.293821951170941],[5.3741520483275957,60.293907573426829],[5.3747876767124518,60.294008166483614],[5.3748803034785704,60.294036851728656],[5.375487374863563,60.294222281194195],[5.37621531628126,60.294527528716493],[5.3764919009755356,60.294601331018555],[5.3768276708468195,60.294684217500198],[5.3771168733425014,60.294884734340208],[5.3773376139536611,60.295102400427993],[5.3773673904440606,60.295131759105111],[5.3778692903746004,60.295222997148727],[5.3781986738140377,60.295282867157937],[5.3787278555373881,60.29516639659915],[5.3786752233744659,60.295284698696484],[5.3786066217775117,60.295438948478136],[5.3786015695371976,60.295445488710413],[5.3783804159181727,60.2957320586587],[5.3780080645215262,60.296214512303756],[5.3784723078451204,60.296305663815012],[5.3784877907596451,60.296382178714815],[5.3783592662683262,60.296547520357628],[5.3784504727196323,60.296566394197548],[5.37886026850106,60.296651169085685],[5.3790289453727764,60.296686069547704],[5.3792057839516083,60.296722657487308],[5.3792457228705457,60.296730919454539],[5.3805820392010588,60.297007373895852],[5.3806008051050256,60.297011256134901],[5.3810338738670032,60.297100847146133],[5.3809254195409668,60.297599815230789],[5.3807897781997438,60.298223774926889],[5.3807533525799025,60.298379738945286],[5.3806182699027119,60.298604350419929],[5.3803120113555432,60.298817157316904],[5.3801923698446057,60.298874132056326],[5.3795987835510237,60.299156793416742],[5.379249506236504,60.299042996293387],[5.3791725095133343,60.299017904598244],[5.3791686642934726,60.29901664923942],[5.3790692997953187,60.298918809631473],[5.3790523458729416,60.298725725342933],[5.378966321526792,60.298445155040994],[5.3789508372098416,60.298394633504067],[5.3789228310897474,60.298303306378564],[5.3788869108664104,60.29818614753372],[5.3787962946208934,60.297187256638331],[5.3786904183518649,60.297174427218195],[5.3785136367499273,60.297153002941251],[5.3784416941255753,60.297144289948427],[5.3781226371507183,60.297299668787737],[5.3778954270555461,60.297490853995164],[5.3775967520699304,60.29771556411638],[5.3772918066323729,60.297835841602456],[5.3772715277912697,60.2978521496075],[5.3771613936907459,60.297940650429254],[5.3770403751228146,60.298084714541098],[5.3769670865369772,60.298171803179677],[5.3767137183547984,60.298364897058462],[5.3766934439528082,60.298380342257907],[5.3765029780453784,60.298468285453254],[5.3763291279727667,60.298598620088157],[5.3755758588041198,60.299094567154086],[5.3752015618261915,60.299272213416181],[5.3751619189315942,60.299296216349376],[5.3748933687686105,60.29945880059131],[5.3748224417833086,60.299503115797897],[5.3750984580147128,60.299640378105579],[5.3753461666619975,60.299760841146188],[5.3758738959423784,60.300017478197773],[5.3758800140052827,60.300020449503563],[5.3762123965383495,60.300182086851173],[5.376079986344906,60.300209381616831],[5.3755075767511666,60.300272226772528],[5.3754306177880506,60.300274888929977],[5.3752962806731839,60.300210767134658],[5.3752667816562232,60.300196686273459],[5.3750786178318233,60.300208202517773],[5.3746020237752683,60.300271278624749],[5.3745382672141231,60.300283252932196],[5.3744025592256142,60.300308748257862],[5.3743945084556382,60.300310793334553],[5.3743792071861067,60.300314689633318],[5.3737023364741798,60.300487006033826],[5.3736022726544537,60.300502841523958],[5.3730487496262196,60.300590432949157],[5.3726544483386922,60.300689042490482],[5.3725392626287647,60.300690658339612],[5.3724355068416916,60.300630074713901],[5.372359902601362,60.300585917531834],[5.3722017543362073,60.300493557488849],[5.3722843723197995,60.300461777838606],[5.3724090084247909,60.300413835541463],[5.3725059108115314,60.300376550000507],[5.3727673844424011,60.300275965035929],[5.3726894672061407,60.300235681582656],[5.3726821529137654,60.300231904464475],[5.3724274923630659,60.300100209044565],[5.3719728097047703,60.30025808715795],[5.3719639944111899,60.300261144816687],[5.3721172502672703,60.300391372857391],[5.3720422785579922,60.300423774844475],[5.3719688406266846,60.300346888288281],[5.3719354791495713,60.300373659554083],[5.3716815726534497,60.300577371763133],[5.3718419394115529,60.300690366692265],[5.371968729317377,60.300779694952247],[5.3717562098679341,60.300785255893636],[5.3716130951162215,60.300789001666104],[5.3715787864098452,60.300709589291202],[5.3714675787764206,60.300718440467314],[5.3714540801839181,60.300753735982745],[5.3713712825180941,60.300765745542222],[5.3713128231284921,60.300688045710359],[5.3711705914829704,60.300717449020013],[5.3710496779852974,60.300554812398197],[5.3706349504218398,60.300664757751804],[5.3707681226213921,60.300889558670832],[5.3704897114974441,60.300957445648528],[5.3705442354040462,60.301015767903117],[5.3707583992439396,60.300985950177761],[5.3709502887588041,60.301305885796666],[5.3709686574941076,60.301336524887169],[5.3711249665134781,60.301309879444297],[5.3712076334651986,60.301361223100884],[5.3713467910651591,60.3014476453627],[5.3714259005070666,60.301496779429719],[5.3716136187600512,60.301613371454025],[5.3714916969681141,60.30161314852522],[5.3713503541261751,60.301673342434881],[5.3712970232676627,60.301769530530237],[5.3709441536705986,60.301894137856053],[5.3709301663489466,60.301899076360947],[5.3708595968599733,60.30193044764853],[5.3706357832205871,60.301998021201186],[5.3705273896303831,60.302030748941391],[5.370123819617473,60.302169535167842],[5.3695799940245239,60.302190336170199],[5.3692215471278946,60.302201824827151],[5.3691889745301111,60.302202866303155],[5.3691654170544032,60.302203624068895],[5.3691874895195797,60.302216235846878],[5.3692210067411237,60.302235389381721],[5.3693023826339692,60.302281881327552],[5.3695223262355887,60.302407545890979],[5.3687541643841534,60.302487146363212],[5.3682704131460746,60.302614215379727],[5.3679098215031908,60.302754171037954],[5.3677731390385448,60.302711845310021],[5.3676236230830456,60.302665537079335],[5.3674465464986794,60.302610699787017],[5.367373818826513,60.302593645529527],[5.3673353369235617,60.302584620006023],[5.3672748603883225,60.30257043559704],[5.3671440405272515,60.302538605897482],[5.3669995711748841,60.302503454404828],[5.3670281649102698,60.302553698264475],[5.3670941700360819,60.302669697992449],[5.3670957904669354,60.30267255560257],[5.3671670003388749,60.302764870396537],[5.3672896766745373,60.302833966366116],[5.3672487445212926,60.302909568202736],[5.3672414533499122,60.302923021517884],[5.3671871977188479,60.302956670982979],[5.3670126777532827,60.303064928447348],[5.3669011404751128,60.303125547132446],[5.3668601776411196,60.303110809078959],[5.3667811039070541,60.303132427200254],[5.3668457557432889,60.303155660224881],[5.3667333885716531,60.303216732432595],[5.3666256950745401,60.303239014191504],[5.3666024841176094,60.303243816639501],[5.3660025195294603,60.3033679483772],[5.3659664982955668,60.303307623065614],[5.3659085164464129,60.303308300692748],[5.3655162470749937,60.303345125727716],[5.3652741966294926,60.303367035249671],[5.365380245864209,60.303737784514084],[5.3653907883096892,60.303774591675385],[5.3653975829530429,60.303798353407124],[5.3657801040120319,60.303849254851798],[5.3659655510012225,60.303733046968247],[5.3663380332361639,60.303831236778798],[5.366000320216167,60.304066934534973],[5.3654474594597872,60.304470345357608],[5.3651932721932081,60.30460131629853],[5.3650352046449585,60.304654170093976],[5.3648620750650577,60.304692122488035],[5.3644376832683678,60.30475897496882],[5.3640066170597889,60.304756686839944],[5.3639247407665991,60.30475052536913],[5.36366080613334,60.304730676341357],[5.3634764902847971,60.304709277889806],[5.3632574831609485,60.304683845857937],[5.3630414236821222,60.304687435816994]]]},"properties":{"OBJECTID":4,"OBJTYPE":"KpAngittHensynSone","KPANGITTHENSYN":530,"HENSYNSONENAVN":"H530_4","BESKRIVELSE":"Byfjellsgrense - sør","KOMM":"4601","PLANID":"65270000","SHAPE.STArea()":5954971.8287829999,"SHAPE.STLength()":23630.378345048575}},{"type":"Feature","id":5,"geometry":{"type":"Polygon","coordinates":[[[5.2817027911342231,60.486127063842225],[5.2804994779814223,60.486246406098076],[5.280303674458219,60.486247061089216],[5.2800822861701731,60.486247801469474],[5.2795704546631095,60.486213691555818],[5.2794000930931597,60.486184216546157],[5.279254451920929,60.486159017984264],[5.2791545270767823,60.486108930798878],[5.2790976667311567,60.486080422780113],[5.2790550862884009,60.486059072771098],[5.2788390554214448,60.485866692864313],[5.2788161604805959,60.48574995074452],[5.2785115156834541,60.485734781783258],[5.2780846186747929,60.485720161066162],[5.2776318256527901,60.48571945756693],[5.2774001657772747,60.485719097506276],[5.2771801281938719,60.485687458657573],[5.2771035922492073,60.4856764576298],[5.2768114521591594,60.485589637262095],[5.2767633918109782,60.485554471019427],[5.276726977750271,60.485527818614685],[5.2767236113409561,60.485473030276125],[5.2768308769855565,60.485331647421027],[5.276882622195175,60.48526343344875],[5.2771754895766341,60.484979108132556],[5.2775887082886932,60.484748191974376],[5.277864474665714,60.484594096445726],[5.278377040787845,60.484503745066021],[5.2784076552611214,60.484518711935706],[5.2784080512813434,60.484518911753128],[5.2789448389697728,60.484334074977689],[5.2789670819791459,60.484326426887989],[5.2793445647256005,60.484195060439625],[5.2794067167430914,60.484173426295968],[5.2792983117446601,60.484084883769476],[5.2793322465722161,60.484066290717941],[5.2792487587410166,60.484015556916077],[5.2792467488343799,60.484014341288209],[5.2794882806865306,60.483944864808514],[5.2799602103196674,60.483809105180015],[5.2799852897517985,60.483812456984097],[5.2801542948925499,60.483835071442321],[5.280578778542564,60.483660323811314],[5.2807034180760475,60.483609010210714],[5.2808442751958831,60.48356827908254],[5.2809844681269036,60.483519673449983],[5.2811178317586105,60.483473438736702],[5.281288946630049,60.483416294083206],[5.2814425787789769,60.483367065388997],[5.2817699501086635,60.483299917783903],[5.2818310929794698,60.48328737758326],[5.2819583121463021,60.483264861628022],[5.2820694877694025,60.483245178602274],[5.2822395410518554,60.483215076062599],[5.2825463409850411,60.483158300386386],[5.2827000028248357,60.483110850820573],[5.2828123309101791,60.483076170833336],[5.2829360258763058,60.483037978845324],[5.2834418670767889,60.482879729864528],[5.2836801624968928,60.482782058268342],[5.2839742122267284,60.482657160682045],[5.2840448956705535,60.482632544612272],[5.2841316847725937,60.482602319557479],[5.2843167448045332,60.482544346703804],[5.2844411360870422,60.482498290035196],[5.2848876741347315,60.482365508787943],[5.2854149662639562,60.482207913751303],[5.2854434681148597,60.482201409876041],[5.285899962393005,60.482097252164969],[5.286252336604286,60.482019276909369],[5.2865440712876657,60.48195471997272],[5.2870031154961685,60.481767253982959],[5.287159675657346,60.481582457801075],[5.2873546031435197,60.481530148912832],[5.2874175223143398,60.481478952030606],[5.2879701119465174,60.48132000297489],[5.2880216952204613,60.481259465716938],[5.2880304402118323,60.481207379369494],[5.2879186590644451,60.48106242022709],[5.2878510418107556,60.48101921690585],[5.2877957289051416,60.481014925276696],[5.2879494405385588,60.480851135537627],[5.288217916331825,60.480755258991181],[5.2883518395221047,60.480709509402189],[5.2886574191033677,60.480605129100475],[5.289287444672329,60.480452709412091],[5.2896284266116558,60.480368530040565],[5.2896362419104888,60.480366599490971],[5.2899796537918942,60.480305434083895],[5.2900932624914736,60.480285201187762],[5.2903259086239647,60.480243762737075],[5.2906494642023345,60.480242363277796],[5.2913760510901868,60.480241019379378],[5.2919495493185371,60.480239958806436],[5.2925566563587818,60.480238833339243],[5.2933807533475949,60.48023730675348],[5.293824298067296,60.480236478457869],[5.2944458146729172,60.480235313794672],[5.295066766501427,60.480234148501523],[5.2953796649798255,60.480228297587999],[5.2954070790358152,60.480189331680137],[5.2954707570985393,60.480008828981525],[5.2954711572718045,60.48000771657366],[5.2955729732202972,60.479717907204744],[5.2952383913553787,60.479017530311026],[5.2948386419350273,60.478847068860581],[5.2944087577208574,60.478850122743303],[5.2940461531500089,60.478649790232261],[5.2936050860499853,60.478461529168406],[5.2932625098917141,60.478423459966564],[5.2927378997387544,60.478249526664818],[5.2924374463641,60.478228536753491],[5.2919611885369164,60.478179606952502],[5.2917069210463099,60.478001302289293],[5.2915585695111105,60.477992417897035],[5.291411527543799,60.47800808988876],[5.2911444469280013,60.47798400825846],[5.2905710414201774,60.47794827804239],[5.2896422010756092,60.477824250346217],[5.2893557459229683,60.477785999175055],[5.2893478299279728,60.477816051331779],[5.2892364633488382,60.478239283110817],[5.2891311791707789,60.478317209341007],[5.2889000205892067,60.478358327384107],[5.2886708278536689,60.478340051062737],[5.2883004455906901,60.47833449604537],[5.2879641388873297,60.478367928056798],[5.2878324820095122,60.478423717281444],[5.2875998757354967,60.47851949571367],[5.2873480616592712,60.478614738476573],[5.2872390647524501,60.478683041212228],[5.2865960098281581,60.478786406793745],[5.2862603293404176,60.478772294817794],[5.2860733645096607,60.478721898428311],[5.2859840056188121,60.478702760870839],[5.2857194672894545,60.478718818247152],[5.2855812835190328,60.47872720764925],[5.2852929302713738,60.478804781495143],[5.2847907965465382,60.478810553544847],[5.2844098782745643,60.478861023901096],[5.2840567987088169,60.478872577175622],[5.2839478145454981,60.478934495994856],[5.2836364485109364,60.479044717275016],[5.2829972722364182,60.479072069681891],[5.2826651762766872,60.478990716951927],[5.2824965095984791,60.478864721672743],[5.2823381311723265,60.478937143490839],[5.2818832949788304,60.478995799667793],[5.2813865515234575,60.479047783698803],[5.2810061118602381,60.479129914826068],[5.2806111631643349,60.479128398624368],[5.2803769065103996,60.479112339589911],[5.2800333338164513,60.479040915463756],[5.2792985389413332,60.478977593034827],[5.2789253529469864,60.479038510590961],[5.2786945181827756,60.479160488668555],[5.2782260789755231,60.479337659743173],[5.277899399768355,60.47941794939041],[5.2773137468999076,60.479561875281966],[5.2767189933202374,60.479657771108478],[5.276366990822873,60.479659824598421],[5.2761556313366729,60.479282175283764],[5.2753053900193754,60.47930121813755],[5.2732662755667334,60.478259620410462],[5.2726535745566618,60.47826626227485],[5.2725014159907095,60.478290543101132],[5.2721845157033105,60.47870023882853],[5.2721997276516657,60.478819572104172],[5.2723030205436459,60.478927096445886],[5.2729246679547304,60.479094317212045],[5.273354779232573,60.479125378017372],[5.2736135047967974,60.479180181789339],[5.273561026609574,60.479259564525819],[5.2732953858841896,60.479306837221117],[5.2723962922974632,60.479331622756277],[5.2716973180208608,60.479585553549271],[5.2716813585962399,60.479682613153777],[5.2719893734912491,60.479769710556837],[5.2722889841468294,60.479804259547514],[5.2727286347279065,60.47975234753995],[5.2732373982356453,60.47981176528495],[5.2736645119449843,60.479994941562637],[5.2741091211412998,60.479983593481059],[5.2746716319288653,60.480120613479933],[5.2737583443907914,60.480272314362828],[5.2733919063839956,60.480400000657227],[5.273319348691146,60.48052780843377],[5.2726101739818123,60.480500634389372],[5.2721191321932643,60.480749626077014],[5.2716725660795172,60.480903603907727],[5.2715347869970035,60.480933868082225],[5.2707731107751519,60.481086754005752],[5.2707051301250667,60.481008872059206],[5.2700051764630347,60.481136525172431],[5.26966788574713,60.481232407743043],[5.2691495424240662,60.481336315597709],[5.2686897462701241,60.481503935285083],[5.2683073299790983,60.481693441495182],[5.2684450134559508,60.481746419646278],[5.2678080602486048,60.482083180209877],[5.2689465134702811,60.482787427968319],[5.2689025895506614,60.48279907830279],[5.2682474112285194,60.482972838152733],[5.2678322149250585,60.483082947263981],[5.267796369216291,60.483092450595784],[5.267363171409924,60.483014492520383],[5.2671111263399668,60.483046458696556],[5.2669249815347632,60.483129698283044],[5.2666370304049011,60.483205392935908],[5.2663208912895199,60.483261223604082],[5.2661442464229911,60.483276128660883],[5.2659414399128162,60.483287127346543],[5.2657440121070147,60.483288739751423],[5.2656350791394599,60.483289632434285],[5.2654651891905058,60.483168623020113],[5.2654075312255069,60.483060314081534],[5.2652363877951496,60.483060343462355],[5.2650290436863241,60.483023269204018],[5.2648266118101628,60.483017099761504],[5.2646200318080574,60.483023388539301],[5.2645427382244332,60.482997222309969],[5.2643208387629015,60.482791223495184],[5.2641193072412999,60.482638674408442],[5.264242660188053,60.482507459413277],[5.2643516497681624,60.482391517429939],[5.2648696461904194,60.482207692708059],[5.2652983878976318,60.482093037904882],[5.2653166725115934,60.482088148411187],[5.2657681861887289,60.481967407150087],[5.2658121779281686,60.481955642900047],[5.2657707124327189,60.481945456288607],[5.2653278928818059,60.481836696773883],[5.2652508777563458,60.48181778339773],[5.2653362706272082,60.481763909543631],[5.2654094661468589,60.481717738380908],[5.2656192239073913,60.481647207365498],[5.2671097843854371,60.481145979539562],[5.2675771880988664,60.480949303067604],[5.2682946614633481,60.480642600590272],[5.2681388227066916,60.480516001775683],[5.2671851018368097,60.480290036360579],[5.2673624084259005,60.480010520428458],[5.2673096450728849,60.47974692150472],[5.2670716820208732,60.479271821817505],[5.2671757557372292,60.479219009710135],[5.2672927693652802,60.479159621023094],[5.2674578796544154,60.479153595853738],[5.2688404852161463,60.479103125029674],[5.2682667923469726,60.478744102783658],[5.26681922801406,60.478775201646769],[5.2667973568020239,60.478775667364907],[5.2668169066075432,60.478771792897284],[5.2674269718044311,60.478650744042369],[5.2670788990355568,60.478472736726161],[5.2672225844891729,60.478339931965841],[5.2670009749790507,60.478182671670318],[5.2672308601685209,60.478114248610716],[5.267257957791406,60.478106181245401],[5.2672439654863057,60.478097367021711],[5.2667076780773012,60.477759384720869],[5.2666976253761115,60.477753053784831],[5.2667086201234898,60.477751195691646],[5.267172913530108,60.477672820944328],[5.2673941025937765,60.477635478685571],[5.2687761134885633,60.476389775333075],[5.2681322602574188,60.476387784138559],[5.2686374872884274,60.476119322675515],[5.2687452652873787,60.47602008024942],[5.2687860708468115,60.475982411183082],[5.2688500113936101,60.475973182308969],[5.2689114936740369,60.476004503242287],[5.269200399257568,60.475877597660372],[5.2692844009431123,60.475840697790318],[5.2692149066717153,60.475808739174752],[5.2692090412880388,60.47580241783605],[5.269197503628356,60.475789996288114],[5.2692111227426244,60.475784310527388],[5.2692399670510639,60.475772273896958],[5.2693382514934655,60.475788230438773],[5.2693726402205758,60.475768672942436],[5.2694147866509562,60.475783174101615],[5.2695924355056585,60.475669331100335],[5.2695459933782907,60.475649586298729],[5.2695818533642829,60.47562657345869],[5.2695323485388448,60.475597511774716],[5.2695217941383055,60.475570673397598],[5.2696027251939341,60.475540833151619],[5.269692933239047,60.475553381371547],[5.2699540398431992,60.475589707510856],[5.2699852563998348,60.475596954392842],[5.2701526474860874,60.475514507647262],[5.270357388698427,60.475413655509975],[5.270393990687996,60.475419516060271],[5.2706241808678804,60.475372605451938],[5.2711160527124115,60.475272366015687],[5.2710860496971454,60.475252021295589],[5.271542539772673,60.475108481453624],[5.2724599755417225,60.475060442814495],[5.2734998693392887,60.474722307446839],[5.273652027408235,60.474542760158855],[5.2741223784453011,60.474359655169671],[5.2752364436744008,60.473826888570279],[5.2753608260855387,60.473767402845752],[5.2762202185187945,60.473356400910184],[5.2762156563854257,60.473348075964836],[5.2762043152645042,60.473327418198288],[5.2762662157805993,60.473323683693508],[5.2773961105473077,60.473255574792496],[5.2777232722200127,60.473250093285543],[5.278729167231532,60.47323322930027],[5.2787327167686895,60.473230856658333],[5.27881087733937,60.47317851667669],[5.2790267375089446,60.473033982482384],[5.2790916422993117,60.472990530085994],[5.2792340558048307,60.47289516866573],[5.2791484831751889,60.472812673976463],[5.2786206756574732,60.472303856375582],[5.278261987579981,60.472286311682907],[5.2757589707922614,60.472163833455824],[5.2755327590652232,60.472146983118002],[5.2751516344993368,60.472026838279447],[5.275106966391129,60.472012753743989],[5.2749782334104323,60.471972166497139],[5.2749198409932898,60.47195376117245],[5.2749308796760026,60.471946897137727],[5.2749534286022683,60.471932867659412],[5.2749939562083874,60.471907665031566],[5.2749322125404285,60.471894981483629],[5.2746714360962832,60.471841398171499],[5.2745716623631544,60.47182089155524],[5.2742522062265564,60.471705893342381],[5.2741963362879023,60.471706604658777],[5.2737733521947572,60.471712012281223],[5.2736918630379961,60.471713049351571],[5.2738034009111843,60.471572534932669],[5.2738170668642628,60.471571335270532],[5.2738290414815294,60.471570277049658],[5.2739170905743196,60.471562529303327],[5.2743311079909017,60.471526085191634],[5.2746985403394646,60.47160522205936],[5.2749848076589343,60.471666879718285],[5.2749975861654832,60.471663893391593],[5.2755638636254307,60.471531527732644],[5.2756951777127261,60.47149247753984],[5.2757893175057644,60.471464486227084],[5.2760832984016224,60.471415898848392],[5.2766649019848488,60.471404293676322],[5.2767609456610565,60.471414618478597],[5.2767835737508744,60.471452274147431],[5.2769955605480412,60.471421661661338],[5.2774584119064816,60.471354825877803],[5.2776054134187991,60.471333595804992],[5.2793272502168564,60.47142145856931],[5.2797038172423409,60.471440677402001],[5.2798016749912966,60.471445666623033],[5.2799639063285753,60.47170970076359],[5.2799933688004295,60.471710155064429],[5.2803002941565138,60.471714924365855],[5.2806092197909216,60.471664416429086],[5.2808872128171274,60.471618967457552],[5.2810138333775551,60.471598261161567],[5.2813929325538673,60.471562339334788],[5.2814559927715514,60.471304147372827],[5.2815400310711826,60.470960720150757],[5.2829120629409658,60.47038690847409],[5.2839953866978195,60.469934722168425],[5.2854648234387023,60.469690446332095],[5.2858568235613328,60.469562202291037],[5.2877418063522814,60.468945480283026],[5.2876704775536023,60.468780992211727],[5.2874731874908019,60.468326076624038],[5.2873407748177002,60.468020755259893],[5.2869836070067908,60.467927108473553],[5.2855446233506553,60.467549742966867],[5.2842384976952577,60.467208309070713],[5.2826628398411284,60.467780655101329],[5.2821132927707186,60.46798239403887],[5.2820240986663984,60.467967338516324],[5.2819027916294239,60.467946865338661],[5.2818657499606863,60.467940609054786],[5.2817787267255696,60.467856367615482],[5.2817931109372109,60.467706924170585],[5.2818040716045385,60.467593095918346],[5.2818492646230872,60.467477302091375],[5.2819514283323965,60.467215509719644],[5.2820158957948413,60.46705030558013],[5.2820767498453618,60.46689439339012],[5.2823933057127865,60.466401436413101],[5.2826055455800356,60.4662407522111],[5.2828273594712085,60.46610200585063],[5.283012212364306,60.46599780355924],[5.2830608678695636,60.466013111378068],[5.2833655885063022,60.465872705073039],[5.283968588379385,60.465622972284073],[5.285310892094782,60.465077963789533],[5.286761383407125,60.464486190572188],[5.2869625421096176,60.464404117689035],[5.286994781267456,60.464439450823768],[5.2874304329659427,60.464268080913129],[5.2875401383646654,60.464293609868669],[5.2876503355252771,60.464245259334547],[5.287959093832324,60.464109809430049],[5.2882539557464501,60.463980452150913],[5.2888139423872564,60.463735791781637],[5.2892512299424022,60.46348048390324],[5.289320559344997,60.463527204435422],[5.2894484194754474,60.4636133605852],[5.2895645847837089,60.463691631594997],[5.289910093101021,60.463561812286336],[5.2899931120435051,60.463530625509527],[5.2903380838572351,60.463405949504001],[5.2905509060512186,60.46332903208755],[5.2906105423548171,60.463307485291466],[5.2906426582690615,60.463299463390207],[5.2909238866592467,60.46322922346998],[5.2909799772406174,60.463253058658303],[5.2908691225257618,60.46332174303685],[5.2908448464711846,60.463387661384147],[5.2907778140626212,60.463474913639608],[5.290583582561279,60.463532179439085],[5.2904463529778596,60.463572633607619],[5.2904323545819141,60.463579488284857],[5.2902672167801752,60.463660277504779],[5.2901332144836042,60.463761699173034],[5.2900654209908078,60.463818306700801],[5.2898884420224199,60.463966070203355],[5.2898167028491834,60.464098465109544],[5.2898110724500809,60.464108869537007],[5.2896648601816976,60.464198274809085],[5.289369360128533,60.464378967670086],[5.2893595485382283,60.46439696757151],[5.2892403604992637,60.464614328153736],[5.2892326528190194,60.464780532266069],[5.2891256972173037,60.464905492045077],[5.2890829841235485,60.46499427507846],[5.2891071079148819,60.465029920823888],[5.2878972545849514,60.465428265277019],[5.2879549996977877,60.465880307038631],[5.28867882866414,60.465918284945822],[5.2896964438983112,60.465606070091951],[5.2898529573709876,60.465495074063178],[5.2904354073933888,60.465722658524541],[5.2908835555272473,60.465357262034502],[5.2910033472701681,60.46535080085382],[5.2911514560865145,60.465251020459519],[5.2927915293931038,60.465706090714953],[5.2929522049068245,60.465604788618663],[5.2929973955646057,60.465616994194065],[5.2939068228078305,60.465418045424073],[5.294199204156933,60.465905886665425],[5.2928909427962045,60.46594030673392],[5.2926553869574731,60.466031282181518],[5.290209837354741,60.466483313029492],[5.2901577927079408,60.466653612195671],[5.2900909522821413,60.466901454921953],[5.2909361281235148,60.467008226025882],[5.291468072961,60.466989745913729],[5.2915770209578339,60.466921439195154],[5.2932594110328486,60.46695162555617],[5.2933163619415513,60.467043578927431],[5.2928710045722438,60.467442605508353],[5.2930525034571474,60.467709252704807],[5.2920240359763362,60.468409504608104],[5.2928499647943061,60.468444152992845],[5.292865314397873,60.468447959818093],[5.2928509587688266,60.468458885524385],[5.2928773008741796,60.468467348639741],[5.2928352872542055,60.468497278816614],[5.292942516475228,60.46853396941971],[5.2930062142387948,60.468487924472619],[5.2934932171090399,60.468659177426865],[5.2943998596270481,60.468979175463971],[5.2948284286093852,60.469367437800166],[5.2950443307836093,60.469413261605482],[5.2951861659359123,60.469381433385422],[5.295618144554993,60.469957732847583],[5.2967489019047846,60.470106562661471],[5.297246847389566,60.470274195354904],[5.2984911195292392,60.470632868843644],[5.2989708089340706,60.470777921233413],[5.2990574966414909,60.471016793272611],[5.2990370932678417,60.471102333998978],[5.2984737526949628,60.471482164539204],[5.2987119438890558,60.471560060356232],[5.2989128889345034,60.471625775377099],[5.2990123971390535,60.471625412294173],[5.299003854816787,60.471646998467989],[5.2991444204502587,60.471661330355865],[5.2991588313984499,60.471625957432302],[5.2992763119889803,60.471625419366887],[5.3002268909040664,60.471621022766044],[5.300553297874937,60.471546857170281],[5.3014781346314148,60.47146314342055],[5.3024282524167274,60.471546659450098],[5.3025054244788228,60.471553448569303],[5.3027039178015087,60.471570894668012],[5.3029176994395915,60.47151261634869],[5.3029962802552166,60.471548602163395],[5.3032107229330911,60.471646791176958],[5.3034443680720793,60.471710350691495],[5.303638371559769,60.471748370700219],[5.303727100408735,60.471765762346756],[5.3039003993227221,60.471769591394384],[5.3039984718099378,60.471771764365059],[5.3040177775543995,60.471772192181227],[5.3041499583037499,60.471775113691116],[5.3044850839641189,60.471751119171039],[5.3046618867575104,60.471711532365418],[5.3048064038930569,60.471679175069767],[5.3050623826510241,60.471588780501911],[5.3050738513642468,60.471609591816261],[5.3051067042901323,60.471669196313591],[5.3051486850677811,60.471745385620125],[5.3051552041850183,60.471757215205571],[5.3052859808764836,60.471994509858206],[5.3044975907675793,60.472278599513999],[5.3030720799963191,60.472499343642852],[5.3032882773863985,60.472727353405318],[5.3028865197553472,60.472988727002054],[5.3029269186544052,60.473032093020571],[5.3036884138611473,60.473082976711765],[5.3041368573060286,60.47315833731011],[5.305438060784522,60.473477859019411],[5.3054820426711702,60.473488660315127],[5.3063633772255629,60.473346917664323],[5.3070047916573202,60.473243755850696],[5.3071235566765287,60.47321612888247],[5.3087002456748635,60.472839144912506],[5.3099046729423298,60.473784854735094],[5.3089886593119759,60.474278690019325],[5.3089210959164195,60.474315116745714],[5.3085603499407981,60.474509593505623],[5.3089497393478666,60.474662576898197],[5.3088909226420933,60.474741211956598],[5.3093447196609143,60.474920157015291],[5.3091886576988845,60.475024491759115],[5.3091581793600895,60.475028141428858],[5.3091213650200331,60.47502201613036],[5.3090671589661946,60.474995571961458],[5.3089769244996283,60.474966340855865],[5.3089019988032042,60.474955249638803],[5.3087927115604563,60.474954414562426],[5.3086854207069027,60.474971089832685],[5.3086011969019005,60.475002048332939],[5.3085398415649001,60.47504375223545],[5.3085034974136063,60.475087928870707],[5.3084920391538857,60.475188674866651],[5.3080621537084536,60.47510304015799],[5.307799644140804,60.475113012982021],[5.3074911617789198,60.475093164395339],[5.3073570731062558,60.475101932196885],[5.3070148835859232,60.475187568726795],[5.3063650070579991,60.475309866297657],[5.3063714410421925,60.47550742618882],[5.3069809766912464,60.475866776727997],[5.3073696235844974,60.475965544990295],[5.3065643721265383,60.476140603099765],[5.3063509956099661,60.476279757032849],[5.3062785217764521,60.476429828375473],[5.3063106364722001,60.476549740932661],[5.306538575155245,60.476705885496806],[5.3068095948534264,60.4767799930002],[5.3075671736996215,60.476770073650378],[5.3082396992934484,60.476703099711912],[5.3084282391591779,60.476679472256315],[5.3086914511893024,60.476924890593097],[5.3092194082713595,60.477493623827407],[5.3098011534119633,60.477716639005436],[5.3105745302897907,60.477651224130042],[5.3106204118094116,60.477732202164709],[5.3106902539031031,60.477815946963197],[5.310758052608656,60.477897325162743],[5.310751943002165,60.477930565124595],[5.3108400976025933,60.478058598483493],[5.3108750754915492,60.478120641918451],[5.3108776078023983,60.478159882629342],[5.3109218303576231,60.478161107210504],[5.3109253717857801,60.478232643509422],[5.31090633517067,60.47829421585417],[5.3105905036478092,60.478741450296937],[5.3105875963206346,60.478745558286327],[5.3105917625304659,60.478817839949834],[5.3105957123778129,60.478886097893628],[5.310660929335989,60.479032973542438],[5.3107750392610038,60.479154265440521],[5.3109997950442231,60.479315841185475],[5.3109999215871877,60.479316330052313],[5.3110350742908992,60.479447821087462],[5.3110389485005332,60.479462282519229],[5.311045608062404,60.479487166494806],[5.3103188897085607,60.479730639140506],[5.3097656932274706,60.479889625632097],[5.309689539997227,60.479911487802454],[5.3095064607712787,60.479964129775105],[5.3092661521923796,60.480049817692432],[5.3092214557295119,60.480006460729008],[5.3091686410410928,60.479955220891647],[5.3087023493989935,60.480055868316022],[5.3084768110695899,60.480104546161648],[5.307499332389062,60.480315520119582],[5.3075250999834065,60.480359557495895],[5.3071617115640519,60.480474952093417],[5.306939902461786,60.480545383424385],[5.3056796009275313,60.480945571297347],[5.3052211956627717,60.481110287047379],[5.3044946222269038,60.481320414014156],[5.3037346100140113,60.481486645717816],[5.303712549719517,60.481493880421546],[5.3034716094370999,60.48157288056035],[5.3034199766888808,60.481589819947317],[5.3033925455671493,60.481595916877275],[5.3032273219405743,60.481632651446866],[5.3032397067687151,60.481622739507138],[5.3033938831517675,60.481499123690412],[5.3035700955470313,60.481448735075233],[5.3038522326862205,60.481199283259471],[5.3039186385100132,60.481140580751159],[5.3039241956407439,60.481125850397909],[5.3039721448361972,60.480998612866962],[5.303823358346162,60.480929769868169],[5.303510419484839,60.480909402933833],[5.3026895932075098,60.480947656459939],[5.3019217651344395,60.481019293322937],[5.3012198748935182,60.481102490710818],[5.3005207103345393,60.481220373919271],[5.3002005685162636,60.481466031350443],[5.2999151665734141,60.481644494942195],[5.2998816893717509,60.481665433640138],[5.2992988325403418,60.482029897956551],[5.2990924308224079,60.482176255068353],[5.29909122317083,60.482177102371992],[5.2990566845389759,60.482201588725665],[5.2986760839478846,60.482397476219241],[5.2985605845039574,60.482514260814419],[5.2985084005966296,60.482635941274182],[5.298494353921785,60.482668546945376],[5.298754904685512,60.482681429956813],[5.2989177994673335,60.482689478488268],[5.2980202271885322,60.482930594586861],[5.29704789016838,60.483179541054632],[5.2967763837957058,60.483249051352537],[5.2963141580318425,60.483367387009039],[5.2950351021488338,60.483706951474154],[5.2943113091603218,60.483899098950147],[5.2927648915347651,60.484231826267894],[5.2925335958568418,60.484324027966998],[5.2923555247397447,60.484395005960096],[5.2920175855963274,60.48452971096328],[5.2918365347378229,60.484577972846253],[5.291823721596943,60.48458139132719],[5.2918277649225764,60.484586015982728],[5.291836513065312,60.484596011755443],[5.2917944261466561,60.484607900421722],[5.2917369036245567,60.484624159226691],[5.2916969731672348,60.484670407226076],[5.2916647073168264,60.484707763393317],[5.2910507708605001,60.484892812625965],[5.2898973650940739,60.485150870010337],[5.2897365792908619,60.485208223349474],[5.2893753156889893,60.485290913298243],[5.2890233049746413,60.485350499389718],[5.2887963941274547,60.485388914155763],[5.288624741900672,60.485401902830851],[5.2884745323498477,60.485413268479824],[5.288354161328523,60.485392612879416],[5.2883421916953255,60.485390562675164],[5.2881269704548117,60.485404170624797],[5.2874547935811567,60.485446662529192],[5.2873489291676909,60.485436611958058],[5.2873085800417714,60.485418805328166],[5.2868915311507374,60.485390573333063],[5.2868865095050932,60.48531667521636],[5.2866700574054182,60.485313024883965],[5.286324179240351,60.485369907573563],[5.2863114998794423,60.485371990008986],[5.2858225895931454,60.485474895786489],[5.2855340805411668,60.485502554697774],[5.2852851819082671,60.485538391146328],[5.2851455746616036,60.485563728904182],[5.2845469065822783,60.485672387497971],[5.284335620040908,60.485749736521051],[5.2824709778653398,60.486142845289343],[5.2822962775501265,60.486179667862487],[5.2820143729830455,60.486239097640535],[5.2819436824767303,60.486179770425899],[5.2819264336332088,60.48616529424541],[5.2818758219934123,60.486109897913074],[5.2817027911342231,60.486127063842225]]]},"properties":{"OBJECTID":5,"OBJTYPE":"KpAngittHensynSone","KPANGITTHENSYN":530,"HENSYNSONENAVN":"H530_1","BESKRIVELSE":"Byfjellsgrense - nord","KOMM":"4601","PLANID":"65270000","SHAPE.STArea()":2717139.2433075001,"SHAPE.STLength()":15593.564993655837}},{"type":"Feature","id":6,"geometry":{"type":"Polygon","coordinates":[[[5.3378013811838336,60.46236108416899],[5.3377545721845996,60.462404287983318],[5.3375105323937238,60.462297360019505],[5.3373119614240814,60.462181076125091],[5.3372302907950129,60.462115392154217],[5.3372036572554347,60.462093969107315],[5.3371947641807171,60.46207889419388],[5.3371411661075427,60.461987988702546],[5.3370912414670926,60.46189808302389],[5.3371131595423016,60.461782829502361],[5.337186910388831,60.461674394393391],[5.3374046977810368,60.461512127195753],[5.3374172844160999,60.461490254816439],[5.3374653615601719,60.461406747514381],[5.3374352513042957,60.461294467276488],[5.3373593283149434,60.461207531806842],[5.3373229540273446,60.461191790987826],[5.3370894752510383,60.461090725105237],[5.3368498979486629,60.461070204011982],[5.3365705218196489,60.461087865624279],[5.3363766715052749,60.461141512859442],[5.3363093742900558,60.461160136391968],[5.3359249064366274,60.461244563232924],[5.3356634071935591,60.461336057613096],[5.3353955478342767,60.461420994954445],[5.335205528389098,60.461509691660915],[5.3350475408578646,60.461608077938273],[5.334910775659182,60.461639367762025],[5.3348496365300271,60.461639051379514],[5.3347938099067314,60.461638755341397],[5.3345427266011134,60.461566950999185],[5.3342334528408717,60.46147129892838],[5.3341946721644007,60.461459310935588],[5.3341871159725844,60.461458689493895],[5.333987461651887,60.461442282168434],[5.3340022887178771,60.46141170834867],[5.3341098847435591,60.461189761000121],[5.3342319381590473,60.460950172430557],[5.3343094329534129,60.460960215026994],[5.3343502982816249,60.460880357109687],[5.3345130228037814,60.460557759234668],[5.3344579864725681,60.46041324383404],[5.3344207488402011,60.46036098675053],[5.334318899947867,60.460218418481738],[5.3342964654700999,60.460185461793742],[5.3342577654029917,60.460128589458613],[5.3341611946359215,60.459986678646388],[5.3340708607021918,60.459738888875329],[5.3341853457734114,60.459463427307135],[5.334216793146898,60.45936057031777],[5.3342231413511669,60.459257561714359],[5.3342480639416117,60.459080283437629],[5.3342459976230643,60.45891637355642],[5.3341904150317303,60.45867836670206],[5.3341691488512701,60.458618459857455],[5.3341497870523966,60.458370754190881],[5.334114636210967,60.458135556728941],[5.334034678898492,60.458073863401992],[5.3339254574262611,60.457989595215352],[5.3333828597529385,60.457801635597718],[5.3334152799761609,60.457261804022281],[5.3334902996419675,60.457072333133489],[5.3336396949429776,60.456730674158599],[5.3336479782039401,60.456578284251499],[5.3336495221825713,60.456416271286081],[5.3337197179676661,60.456349642706662],[5.3337808632783164,60.456291609211696],[5.3338663437364229,60.456210481130377],[5.3338724117603498,60.456129144091065],[5.3338765509833399,60.456073603727674],[5.3339039020047441,60.455843838906418],[5.3338302822189583,60.455853748251826],[5.3335246618792986,60.455894867106785],[5.3333728215723344,60.455915295689827],[5.3331541522144557,60.455884665007765],[5.3328449056667928,60.455841347066396],[5.3326001290105252,60.455772138571504],[5.3324764381202643,60.455756166573984],[5.332198529651536,60.455720271517606],[5.3320661660707271,60.455646698128206],[5.3320638658712616,60.455633224507977],[5.3320621829715327,60.455623309206807],[5.332029119010234,60.455431508952707],[5.3320271073187353,60.455419831912174],[5.332024401935274,60.455404145042174],[5.3320225702288608,60.45539345266338],[5.3320225429927675,60.455388858988378],[5.3320223136232361,60.455353017071261],[5.3322099069783073,60.45526735045717],[5.332302230488323,60.455225231482679],[5.3323269048257442,60.45521396590042],[5.3326069959145705,60.454993382293971],[5.3326123394879632,60.45498876576562],[5.3326912734778773,60.454907107604186],[5.3328631109378799,60.454729327522159],[5.3330292099277514,60.454541268614349],[5.3330339641391911,60.454535746018742],[5.3330375153998641,60.454531691309505],[5.3331693818138914,60.454362022959778],[5.3331116547501596,60.454288717189307],[5.333098874790231,60.454272483270707],[5.3330851550045555,60.454255064003803],[5.3329993225756009,60.454162333880149],[5.3329932449076676,60.454155883821066],[5.332922269406831,60.454080658161281],[5.3328703259495391,60.454025604603274],[5.3327823039951445,60.45394696129793],[5.3327303776286872,60.453900464826305],[5.3326895364941578,60.45386860966817],[5.3326553681091191,60.453841962627585],[5.3325533821490243,60.45376242223513],[5.3324398347367303,60.453659409941665],[5.3323896785008831,60.453616584282123],[5.3323563861614005,60.453588145685821],[5.3319805167092831,60.453335229985512],[5.3316524446327458,60.453146870293345],[5.3315789119833594,60.453104649626511],[5.3315753150175924,60.453102663025206],[5.3315738930012637,60.452950886485439],[5.3315518905890933,60.452912880761765],[5.3314928864199826,60.452810974745759],[5.331367065287421,60.452673135844762],[5.3312606705193648,60.452550195068824],[5.3311846344764859,60.452452493425099],[5.3311624501155253,60.452424001024049],[5.3311017641214287,60.452346028749766],[5.3310728970331258,60.452311617773624],[5.3309021463894357,60.452188179666017],[5.3308182933802408,60.452113307909897],[5.330795068937503,60.452092579475519],[5.3307173481178882,60.452023188608003],[5.3306158481334975,60.451986317537148],[5.3304591324498789,60.451929391183405],[5.3304025533212833,60.451908839988199],[5.3302634966756601,60.451784665571878],[5.3301597949138522,60.451692069995794],[5.3301551100751743,60.451687473776161],[5.3300927770982662,60.451626047648929],[5.330079799701184,60.451633329867896],[5.3299516584331172,60.451705226278719],[5.3298565440246364,60.451758582627107],[5.3297513306050677,60.451688720952752],[5.3294886888955268,60.451514319845188],[5.3293281805169928,60.45140773597371],[5.329210461471761,60.451329565587152],[5.3291933840297254,60.451318219141186],[5.3289058101985942,60.451119913060623],[5.3288366520475776,60.451072220711836],[5.3288361463507741,60.451071865219788],[5.3287613672884824,60.451020296761293],[5.328684951496224,60.450967595562261],[5.3284621387776898,60.450796681255689],[5.3284465194045447,60.45078467383501],[5.3285387218495339,60.450684302174096],[5.3285666500844995,60.450653883456759],[5.3286504924609135,60.450671448184288],[5.3288314911059658,60.450709362377729],[5.3289298611226705,60.450638452844188],[5.3290233978782684,60.450571023216789],[5.3290404529069049,60.450558730292819],[5.3290407896118746,60.450558487908367],[5.329129552575842,60.450494494884737],[5.329281306690886,60.450385086701566],[5.3293322534024128,60.450348363600995],[5.3290131412381294,60.450269188647155],[5.3287711583936632,60.450257492316787],[5.3286535684831415,60.450251814177321],[5.3285468833174621,60.450140133975978],[5.3285234047797347,60.450115560148312],[5.3283661064030987,60.449789537234018],[5.3280914805075579,60.44945524503764],[5.3280494672453189,60.449416300240188],[5.3279623610982609,60.449335557318491],[5.3280311973986656,60.449272390656667],[5.3281905884275353,60.449126136278053],[5.3282260521504297,60.449093588545239],[5.3280821395193279,60.448891970555202],[5.3280748900451433,60.448866765625553],[5.3280206771208851,60.448847231283942],[5.3279337548317489,60.448815910160661],[5.3278439837841791,60.448623371066056],[5.3278273650876207,60.448587697180564],[5.3277882681954161,60.448503802133068],[5.3276949250080206,60.448303443563574],[5.3275858656495849,60.448135422161137],[5.3275773573981944,60.448122325448381],[5.3274789557436035,60.447981553340689],[5.3274503485480666,60.447935733650858],[5.3273190712722984,60.447725268297376],[5.3273158367021489,60.447720082794199],[5.3272627114486903,60.447645714482647],[5.3272534275143428,60.447632722179883],[5.3272516696071905,60.447630246888032],[5.3270896504940932,60.44740350056378],[5.3270403108310793,60.447334440711266],[5.3267992877622872,60.447226252149363],[5.3266344185357815,60.447166228539707],[5.3266252099030709,60.447162873555072],[5.3264639578684347,60.447104171911505],[5.3260955165780306,60.447249230626099],[5.3255841038894838,60.447453529342432],[5.3255389526568626,60.447490006493993],[5.3253724062762915,60.44762452850393],[5.3253294180470911,60.447659249685067],[5.3252634981072342,60.447724122342287],[5.3251935999267896,60.447785559550191],[5.3248200578467717,60.447696665323377],[5.3248195621706484,60.447696543782769],[5.3246275485171628,60.447650841497648],[5.3246673446985398,60.447561348473663],[5.3246873249320599,60.447516437945183],[5.3247268543787385,60.447427530763427],[5.3247786344112749,60.447375723302351],[5.3248772282470558,60.447277085500424],[5.3249916084494071,60.447158543198434],[5.3249972174709397,60.447151255833845],[5.3251794009034219,60.44691529418759],[5.3247991428248458,60.44681734302219],[5.3244179622675931,60.446720650565119],[5.3244130631197324,60.446719409766899],[5.3244207664151384,60.446708405217528],[5.3244569218288795,60.446656723793794],[5.3244616751065212,60.446649925150787],[5.3245339751229359,60.446571746794945],[5.3246714370078534,60.446479458245449],[5.324783776781957,60.446396632684248],[5.3248883046984608,60.44636936290005],[5.3254070820064889,60.44623400274908],[5.325420334938018,60.446230548572885],[5.3256018517841097,60.446183184451385],[5.3256394344927553,60.446170505779463],[5.3258744658604993,60.446091191300411],[5.3261004360978825,60.446014934019558],[5.3262833258639457,60.446016718137891],[5.3262985906073821,60.446016869710377],[5.3265415952983171,60.446019242684123],[5.3267809113127669,60.446021576358334],[5.3268865857178982,60.446022604406267],[5.326875646486779,60.445947970634741],[5.3268742765422532,60.445938684036719],[5.3268718456431303,60.445910295322633],[5.326861822833159,60.445793271772992],[5.3268645522848459,60.445769124026093],[5.3268648571324047,60.445766427004983],[5.3268709338156848,60.445712665786807],[5.3268857348290366,60.445671369149501],[5.3268874888269497,60.445666474061937],[5.3268905406454161,60.445657983570193],[5.3268920322607078,60.445653800295155],[5.3269082729061612,60.445633566647508],[5.3269368570732967,60.445597962272075],[5.3269666008903958,60.445569319745424],[5.3269800563721583,60.445556343576243],[5.3270121410247473,60.4455393423532],[5.3270244481603335,60.445532823939033],[5.3270568603179447,60.445515660966798],[5.3270663265925853,60.44551705463423],[5.3270823606282462,60.445519411463991],[5.3271562844597744,60.445530286231893],[5.3273058615489672,60.445560397383645],[5.327306893178303,60.445560605605806],[5.3275614644323541,60.445608056810066],[5.3278301509630808,60.445658269720766],[5.3279101187201734,60.445674748591685],[5.3280327337757489,60.445697149420198],[5.3280455094982528,60.445681008553009],[5.3281714201602961,60.445577315665872],[5.3282879370712024,60.44550442660654],[5.3284951210337308,60.445351697560291],[5.3285957257639653,60.445371010160265],[5.328677638552092,60.44525947924533],[5.3290321199105168,60.445332710381841],[5.3293742725115676,60.444901456241801],[5.3293552678817928,60.444878048466165],[5.3293549960113689,60.444877717397446],[5.3293124003087797,60.444825283629129],[5.3291893222962381,60.444673810546874],[5.3292271102762276,60.444464889654512],[5.329236899412523,60.444443129651674],[5.3293385976776468,60.444217104820446],[5.3294009650984728,60.444093350065636],[5.3294170990636855,60.443925375256704],[5.3294185473631988,60.443910297147781],[5.3294335636763535,60.44377879233339],[5.3294353052352523,60.443763533559228],[5.3294090306972333,60.443760849709001],[5.3291975550724091,60.443739271536963],[5.3284088341763916,60.443780618104931],[5.3284080348718801,60.443502682794048],[5.3280314185173596,60.443654531274319],[5.3278414215691736,60.443656840612313],[5.3280279466392688,60.443443106332907],[5.3280808762711578,60.443382467187384],[5.3280869764216652,60.443375489870299],[5.3280879784924764,60.443374349051169],[5.3282039747218217,60.443241432018858],[5.3284639350057343,60.442943454474005],[5.3284658698443357,60.442908292305113],[5.3284673083168554,60.442882032681091],[5.3284820809157134,60.442611492632892],[5.3284912069968717,60.442444717725152],[5.328492439926765,60.442422209474209],[5.3285461107602261,60.442389768445061],[5.3288003282124885,60.442236107359768],[5.3286873031409865,60.442173848420019],[5.3293497427629593,60.441897340812282],[5.3294734473766932,60.441845708377869],[5.3298213797550664,60.441704866914108],[5.3298590646673798,60.441689610396459],[5.3297699808234382,60.441398904893774],[5.3297338648857329,60.441306679588969],[5.3298264298173299,60.441219889604646],[5.3299293755054746,60.44110237669711],[5.3301003282454138,60.440928675243448],[5.3302222707420839,60.440813663241791],[5.3302695802008637,60.440832853819664],[5.3303327249186818,60.440790732441641],[5.3303047432614772,60.440759850835654],[5.3303103155200011,60.440757218124673],[5.3306618594091661,60.440591819852571],[5.330698125034333,60.440559311736799],[5.330803115940645,60.440465205779276],[5.3309972807096253,60.440411784093115],[5.331014006739597,60.44040718477693],[5.3316324252990333,60.440237050339711],[5.3317988040575282,60.440191274709328],[5.3316053705626691,60.439990524489922],[5.3310882276423595,60.440047116709067],[5.3307601769309603,60.44009631783959],[5.3305992594552345,60.440152839736477],[5.3305696371199822,60.440163240379441],[5.3303345617176552,60.440289514965428],[5.330239521577476,60.440314488529992],[5.3301317169629208,60.440266279290974],[5.3297967728316431,60.440116497493626],[5.3294118755134745,60.440016722567734],[5.3294634659203952,60.439815813167449],[5.3295154331015349,60.439613494018857],[5.3296948548838969,60.439661134833536],[5.3299727649488009,60.43969675021669],[5.3302990002181723,60.439710328079343],[5.3305877654758138,60.43971424366098],[5.3308485191908712,60.439687545932458],[5.3310625594802925,60.439639606555076],[5.3312062803620535,60.439553956054603],[5.3313122955177636,60.439465558500913],[5.331340380025992,60.43943138666944],[5.3313753404458879,60.439388829657396],[5.3314008699367301,60.439299454227324],[5.331436692109949,60.439173996491043],[5.3318205448971074,60.438923559492373],[5.3318234975184957,60.438918670423078],[5.3319562494074582,60.438699360127224],[5.3317404619994955,60.438656472587546],[5.3317535150638982,60.438645084813693],[5.3317937202074184,60.438610033519716],[5.3317629639821877,60.438447399699989],[5.3317283782375444,60.438360610000522],[5.3317477406846976,60.438309911261548],[5.3318428457662748,60.438247871504991],[5.3318885149439108,60.438218067030526],[5.3320441679364787,60.438176984129576],[5.3320769180611842,60.438168341176826],[5.3322646656961759,60.438131351153558],[5.3323726497409814,60.438110067521919],[5.3323866387276713,60.438107307114834],[5.3326106443397485,60.438096671111701],[5.3327851776513349,60.438142465411026],[5.3328707400409447,60.438196594179978],[5.3329078460361172,60.438257360446393],[5.3329623903446866,60.43834670395978],[5.3330174844624407,60.438445203508202],[5.3331099479457471,60.438526846091335],[5.3332479018039702,60.438587361271566],[5.3333234132332166,60.438607902882183],[5.3333813834893151,60.438623673946068],[5.3334688421030574,60.438647465693151],[5.333497091078371,60.438650832366157],[5.3338621233105403,60.438694313142982],[5.3338730476489857,60.438695503836534],[5.3340318686355008,60.438714384682896],[5.334244514215106,60.438732257883437],[5.3342752165345431,60.438734838078737],[5.3351437480770114,60.438807828079099],[5.3351609164891203,60.438807842358187],[5.335483579477323,60.438808186648359],[5.335568274162469,60.438808271157527],[5.3355782218282206,60.438808284345328],[5.3359723474192942,60.438751992237037],[5.336141581326256,60.438699962390011],[5.3363069702963983,60.438649120800477],[5.3364067205051517,60.438713955988106],[5.3366406576461669,60.438866019436801],[5.3369029517015427,60.438685763809438],[5.3369166743786618,60.438676326430596],[5.3369314737590114,60.438686548688089],[5.3371163781723299,60.438814225466096],[5.337160693121314,60.438844826953165],[5.3375729124667357,60.438798070044236],[5.3378410927777651,60.438767644373051],[5.337996038629373,60.438750065976343],[5.3378861481544879,60.438525935708554],[5.3379414398304297,60.438490425883934],[5.3384299867066183,60.438525886074785],[5.3385093721324495,60.438558080942343],[5.3388284817230218,60.438687487257468],[5.3388341788230438,60.438542755948347],[5.3388346486477358,60.438530994473162],[5.3400540615908527,60.438284881297967],[5.3400602035747857,60.438283639042005],[5.3400833475142546,60.438094716702146],[5.3400891021706354,60.438047804332435],[5.340098262182841,60.43797306860494],[5.3401313228078902,60.437973600095027],[5.340386751947972,60.437977674655272],[5.340541030970078,60.438006201888506],[5.3405581179229813,60.438009359067863],[5.3409526277207204,60.438082302692372],[5.3409510115398406,60.438092459735955],[5.3409409051001591,60.438155907406866],[5.3409106631580059,60.438345722247547],[5.3408871982942836,60.438492940120881],[5.3408517348594238,60.438715561720919],[5.3408361349400337,60.438813426530913],[5.3409016972535763,60.438811552613956],[5.3412100726387282,60.438802762848688],[5.3413545346836973,60.438798644170511],[5.3413445395112529,60.438807618185223],[5.3412232298610087,60.438916464135794],[5.3415830907333062,60.439080500172409],[5.3416459496507755,60.439045924871593],[5.3422537434896427,60.438711633974378],[5.3426141271021157,60.438606093368058],[5.3427329757589428,60.438571285271763],[5.3428537240020981,60.438635505875176],[5.3430370472622783,60.438600401590413],[5.343114395051292,60.438585592967037],[5.3431424734899311,60.438537774834437],[5.3431679878213965,60.438494317374946],[5.3432023500307686,60.43850220013374],[5.3436256940004707,60.438599287686742],[5.3442282136187931,60.438737462666026],[5.3443968384055358,60.438769165573859],[5.3444355792204874,60.438776449202905],[5.3443795708408715,60.439038998306351],[5.3443745422314137,60.439062525774403],[5.3447639852895934,60.439099671909219],[5.3449697111675309,60.439119297196861],[5.3449078770639602,60.43894162219609],[5.3448169783776223,60.438851133180869],[5.3450376757402376,60.438900003176563],[5.3452781997510597,60.438948221727593],[5.3453812431246099,60.438968883062877],[5.3454570925808866,60.439070939576226],[5.3455813708084232,60.439083923699506],[5.3457972595805883,60.438994379176236],[5.3461221844220139,60.438909552988164],[5.3462422402010743,60.438820451160751],[5.3464608651421761,60.438377049288931],[5.3466512079687307,60.438214376651821],[5.3468900262712324,60.438080618443564],[5.347044456187624,60.438138281409799],[5.3471856025625248,60.438190986778274],[5.3478756437754855,60.438302668183965],[5.3480366129559052,60.438112079867096],[5.3475717705021513,60.437891369763015],[5.3475259616381834,60.437869620085394],[5.3476405648029681,60.437791908166382],[5.348150943383903,60.437660852960661],[5.348328976604324,60.43761817233861],[5.3483828326923888,60.437679357315588],[5.3485290940962216,60.437845531773064],[5.3489235562346025,60.437852307185004],[5.3489060283558389,60.437629758963148],[5.3489052688102472,60.437620004084373],[5.3492259699620028,60.437609835326953],[5.3494874877321319,60.437495039868644],[5.3495649060888653,60.437459952525259],[5.3498983344786879,60.437586353840246],[5.3499452097699862,60.437604123258971],[5.3503328844871136,60.437843049022753],[5.3508117187157902,60.437649092531686],[5.3504555491221764,60.437472492115489],[5.3503187709203672,60.437404675307768],[5.350973906084068,60.437218518129022],[5.351113935923224,60.437195958893618],[5.351339772807103,60.437164013196615],[5.3524276328639457,60.436707935158111],[5.3536466298480105,60.436167178852642],[5.3539572164499525,60.436006882732201],[5.3547371234337433,60.435604287813803],[5.3557139003785377,60.435165473383016],[5.3558689443161374,60.435095818826028],[5.3561691102554398,60.434991146992878],[5.3566226157313581,60.434853731139626],[5.3566826608972855,60.43484339368166],[5.3569832970868045,60.434791609371118],[5.3572859235991555,60.43476717541666],[5.3575836419332967,60.434709278981131],[5.3576493795338358,60.43469649933941],[5.3582803804047519,60.434553625748961],[5.3585163626511196,60.43450019496786],[5.3586148084616836,60.434477901597518],[5.3589833416730333,60.43438992418897],[5.3591403174677126,60.434352450916549],[5.3599176045028072,60.434166896549719],[5.3599848152402627,60.434150848499272],[5.3600720744943313,60.434130018799877],[5.360273507391569,60.434013308541473],[5.3606336231168736,60.433861857126196],[5.360995567239752,60.433709636878099],[5.361571853356887,60.433461423279887],[5.3621892235905051,60.433276158492582],[5.3623409441092038,60.433210153957063],[5.3623891505144226,60.433166288887691],[5.362369234734417,60.433092196014627],[5.3623209472171105,60.433048201421983],[5.3623206005797055,60.433047886357237],[5.3623413613612732,60.4329913801228],[5.3624354160982106,60.432967795610459],[5.3628084832986227,60.432944699329909],[5.3637243712195986,60.432886486680111],[5.3640169500277457,60.43285167883429],[5.3644185220367548,60.432831729583235],[5.365376790777157,60.432824609353212],[5.3657653598920314,60.432878029183279],[5.3660151222128318,60.432968076996431],[5.3663210446640175,60.433114070564642],[5.3663851127565554,60.43314464397119],[5.3660821994594485,60.433271921571432],[5.3655497781087487,60.433300194121948],[5.3653310245657639,60.433363185318207],[5.3652295499965428,60.433453152030367],[5.3652504048730458,60.433567868597372],[5.3647674524971638,60.433885238538217],[5.3646715890712064,60.434011031340972],[5.3646929722647911,60.434121007817843],[5.3647671004283923,60.434189615167995],[5.3651142745886853,60.434291034240339],[5.3652610064784323,60.434333896113635],[5.3657234405604006,60.434458297332313],[5.3661675267028306,60.434617860167052],[5.3664682823340604,60.434773940306705],[5.3664722532123008,60.434775999088721],[5.3664609231535039,60.434796829460751],[5.3664480185964711,60.434820519959302],[5.3664748714141259,60.434832469948788],[5.3665786124070367,60.434878614745735],[5.3666359574806703,60.434904123982406],[5.3666412213040164,60.434904051956046],[5.3666937870135802,60.434903329701342],[5.3666942938856366,60.434903676091139],[5.3668432189259416,60.435006860185226],[5.3670332114262198,60.4351385063107],[5.3672768282872045,60.435197474072687],[5.3677669970132893,60.435289324395043],[5.3681702427783771,60.435340755258537],[5.3684373585855729,60.435447926166525],[5.368374004207352,60.435541317041171],[5.3684782417450148,60.435598852540522],[5.368911932030902,60.435722457900731],[5.3690657146556378,60.43572427104391],[5.3694101052862315,60.435687529759207],[5.3696160105019022,60.43566556175],[5.369976271060878,60.435561599690985],[5.3701430490792967,60.43551346953749],[5.3706163253260986,60.435455037670934],[5.3712132896989848,60.435452285903096],[5.3720071140234538,60.435324104951576],[5.3721572017797765,60.435197825851638],[5.3722165303505482,60.435147906092361],[5.3724478629057577,60.434953249833065],[5.3727131784888913,60.4348177969555],[5.3730970779943235,60.434654665378019],[5.3737563479223125,60.434912811580219],[5.3738515041751072,60.434922531299307],[5.3744217262052638,60.434814408538756],[5.3746023533423681,60.434747991307191],[5.3746622521688554,60.434685413120476],[5.3746712916453454,60.434604345712891],[5.3746757349280463,60.434564497501597],[5.3744821062617323,60.434402267776505],[5.3744852787482857,60.434373817574574],[5.3745518776637793,60.434337585744061],[5.3748151570639067,60.434306710688098],[5.3748529868395627,60.434010483906427],[5.3748003248857072,60.433835448183082],[5.3745999879803357,60.433604080601775],[5.3745239907202782,60.433552064798299],[5.3741625111010114,60.433428071853221],[5.3739099158602963,60.433304500646102],[5.3737610123139117,60.433231650526999],[5.3737361166146504,60.433109689349756],[5.3736918647012999,60.433075192500006],[5.3735471300784772,60.433035576161103],[5.3734610414156201,60.433030857784722],[5.3732840882063506,60.433083639912176],[5.3731597578894315,60.433092439771194],[5.3729660631294118,60.433059730610282],[5.3727549734938442,60.433072268670642],[5.3725610739333849,60.433156315406045],[5.3719715542439861,60.433239897038185],[5.3718552423394375,60.433246253830418],[5.3716737223145268,60.433256162829785],[5.3716335220543758,60.433239967266182],[5.3713491098939237,60.433125392400342],[5.370864410054029,60.433103036843541],[5.3704393554590357,60.432932944541115],[5.3701780874671163,60.432659327528839],[5.3699094968862848,60.432378041229768],[5.36979054799622,60.43225346889588],[5.3690259013014003,60.431452638027977],[5.3693813072535166,60.431252015474755],[5.3683736631181223,60.431163568875206],[5.3677919868735051,60.431126358793477],[5.3674868497584489,60.430932097545082],[5.3667960818983351,60.43071206565218],[5.3662515624647096,60.430563082086039],[5.3658994105778941,60.43051384825737],[5.3656968266361789,60.430450398214049],[5.3655725217384056,60.430459200517028],[5.365414546561726,60.430162265571759],[5.3649758472663152,60.429894244542425],[5.3645877556088708,60.429725141673813],[5.3644243571533989,60.429476825861499],[5.3635288684276867,60.429488942364642],[5.3634505853423917,60.429361834665066],[5.3633999333131799,60.429205039650135],[5.3635741090960343,60.428587939085261],[5.363366433764555,60.428515205294197],[5.3634445253910119,60.428313114436932],[5.3634025108750434,60.42830282564087],[5.3637748756256638,60.427895409830519],[5.3639559004903443,60.42793083390243],[5.3642222797120001,60.427911390098089],[5.3644399050202818,60.42781507908591],[5.3646614889074886,60.427640401945013],[5.3646113579397641,60.42757244073735],[5.3648883903909361,60.427439112551085],[5.3650316781264564,60.427384164066488],[5.3650619848559389,60.427285117577824],[5.3653189072990379,60.427396763477141],[5.3656451685795226,60.427189270409549],[5.366024877267086,60.427235312344258],[5.36636877429964,60.427128173348521],[5.3666176635338871,60.427182532817774],[5.3669071849222094,60.427045371187745],[5.3672244837388163,60.427004095701484],[5.3676754760260321,60.426885612874749],[5.3679216988393748,60.426920869634479],[5.3681619842082915,60.426879862940304],[5.3684073743444447,60.426879431894953],[5.3688199874063516,60.426759898003219],[5.3690674671919068,60.426632442236063],[5.3691313384713242,60.426599545288028],[5.3698789187905067,60.425849447929544],[5.3688181078502497,60.425268791489174],[5.3685009356184858,60.425093680054488],[5.3685021225361895,60.425093307985634],[5.3689995706092146,60.424936065591531],[5.3689017392488863,60.424864431765222],[5.3689390134397739,60.424832148457178],[5.3694133795965486,60.424676252177754],[5.3692443820149975,60.424552740038372],[5.368889611064203,60.424671471180226],[5.3688818155875895,60.424666225226687],[5.368536153434003,60.424433532561707],[5.3689029209871357,60.424281263136599],[5.3691639583562347,60.424239014659008],[5.3691918676754575,60.424161302375509],[5.369123329816107,60.424102664541145],[5.3691172230410471,60.424097437710081],[5.3689677487719045,60.424057686196143],[5.3688871893455294,60.424070749621627],[5.3683320478457359,60.424160768951822],[5.3681643364215725,60.424187964409597],[5.3678804819193129,60.424016124330038],[5.3678426593278674,60.424010337388481],[5.3678026336336178,60.423924155985382],[5.3677844889790522,60.423885093437583],[5.3675698421563647,60.423804320043182],[5.3671126731111025,60.423806113277422],[5.3668395469259531,60.423710664719565],[5.3665882994033831,60.423677650091918],[5.3665850320591399,60.423577677694503],[5.3665214943469772,60.423555540211389],[5.366510959795221,60.423551873103214],[5.3664299107438307,60.423538074631196],[5.3658123501883885,60.423432922146908],[5.3654519136704977,60.423430214803616],[5.3639687173730364,60.423916877829143],[5.3637592169591173,60.423985618842913],[5.3633140336070682,60.424124568497959],[5.3632969100512593,60.424129915767715],[5.363016589906155,60.424217401623409],[5.3628423505033727,60.424278215831613],[5.362672366898293,60.424337546284875],[5.3623693842516271,60.424443295160657],[5.3622457309872011,60.424486454835943],[5.3620794981621378,60.424546039896192],[5.3618960293597269,60.424611804666718],[5.3614970618791657,60.424754816237176],[5.3614225332659338,60.424781531081585],[5.3608526086957697,60.424985811304438],[5.3591877137324495,60.425506255925377],[5.3591336152177576,60.425473866164587],[5.3589721524480698,60.425455175743572],[5.3588291132932024,60.42548693551047],[5.3587249724248878,60.425542481111187],[5.3584222161194228,60.425649396062553],[5.3575024965504037,60.425950032003094],[5.3574950783997188,60.425976819938953],[5.356853578204757,60.426203365425131],[5.356794440463891,60.426258820343541],[5.3564404063879634,60.426413222013437],[5.3543600468875789,60.427076800517504],[5.3534875421988586,60.427350157509856],[5.3527695263750852,60.427575432625098],[5.3519665301094292,60.427829275505047],[5.3518668995321592,60.427859836142801],[5.3517470082382363,60.427899359633365],[5.3516718723412628,60.427925836928708],[5.3516020716422492,60.427947705773207],[5.3515328036396346,60.427964825528981],[5.3501556287709722,60.428405065907732],[5.3500810224338728,60.428426802198892],[5.3502754626991536,60.428680393203337],[5.3504730143761021,60.428938041894313],[5.3499918281428975,60.429045555403491],[5.3501952437183853,60.429393847900023],[5.3502102369396312,60.42941951545518],[5.3500758082354318,60.42952206750148],[5.3494476558941884,60.429681723945421],[5.3494299276988446,60.429685120510094],[5.349386908310036,60.429693359982927],[5.3480593179512388,60.429947782409506],[5.34748655550829,60.430057547104681],[5.3474318350256684,60.430069581369864],[5.3468946041785186,60.430187715887641],[5.3468251751343088,60.430209763345154],[5.3463579494094908,60.430358138662903],[5.3461241966035988,60.43040054461266],[5.3459590487677495,60.43043050675918],[5.3456329187801481,60.430426495910176],[5.345514757109429,60.430383811830239],[5.3453178565973758,60.430312684412335],[5.3452351425521147,60.43026363020298],[5.3449810036906902,60.43011288708766],[5.3447226861932497,60.430000632420224],[5.3437501910985414,60.429774564333044],[5.3435793713024555,60.429747275454176],[5.3432784957364303,60.429699200899101],[5.3432664743483347,60.429697279715093],[5.343253047959065,60.429697504028468],[5.3430076296069222,60.429701681257889],[5.3406829391546911,60.429741227833858],[5.339645162110517,60.429811109603286],[5.3386941602353133,60.430037246794313],[5.3384416369341086,60.430100128197324],[5.3374697003221705,60.43034213820755],[5.3360703252838055,60.430712850134377],[5.334880517115776,60.431030734607454],[5.3347749429550886,60.431058935128398],[5.3347561938247656,60.43106394648936],[5.3343218187589594,60.431179992317077],[5.3342960224750309,60.431143634948938],[5.3340938145728503,60.430858777648176],[5.3340911480223827,60.43085501008305],[5.3336401079465006,60.430939360930331],[5.3334990429499651,60.430965737883007],[5.332214049858278,60.431205988952676],[5.3316400415948149,60.431313827885404],[5.3315745903705505,60.431326126262263],[5.3301251994137724,60.431598417046189],[5.3297238285067055,60.431673815138588],[5.3297033737437562,60.431677655254973],[5.3297007586047478,60.431674724908817],[5.3296782994099576,60.431649603879968],[5.3293576918909382,60.431290979511104],[5.3284721528672732,60.431583377061301],[5.3277141753195503,60.431833646851203],[5.3278195946693963,60.431912685142883],[5.3268976985216083,60.432263121837529],[5.3268954933829846,60.432263968784994],[5.3269705984133173,60.432311287852372],[5.327110199431381,60.432399233515881],[5.3270901570059497,60.432422597908101],[5.3270329199842834,60.432489319378391],[5.3268799169386298,60.432712047905888],[5.326791858928507,60.432827668153195],[5.326651873553458,60.43301144153299],[5.3264902504738325,60.433083470034923],[5.3262482799144184,60.433179346297514],[5.3259143830814466,60.433288872292465],[5.3259136839561547,60.433289104662101],[5.3258022018413103,60.433325674006127],[5.3257511875174224,60.433337936732364],[5.3256141427914372,60.433370906066074],[5.3254316941095023,60.433414764772486],[5.3251371099085389,60.433482132182142],[5.3245238523226792,60.433622401736244],[5.3245034684994845,60.433630584330686],[5.324298484210507,60.433712890789494],[5.3239145998801156,60.433867131837992],[5.3236736168692893,60.43388177786543],[5.3234561712409381,60.433857139171586],[5.3232638678219315,60.433835315854971],[5.3229348615493421,60.433735662131845],[5.3226976780510906,60.433663819252665],[5.3227341047629633,60.433277435234238],[5.3224783246261538,60.432962783767017],[5.3224568047983771,60.432936312197533],[5.3217732233837527,60.433037504807366],[5.321464831105807,60.433085427619311],[5.3210333285377898,60.433149361358559],[5.320741044006696,60.433233303013537],[5.3206484854974496,60.433122364786911],[5.3201056886238893,60.433171803881478],[5.320141471484904,60.433310042875021],[5.3200736298106426,60.433353827194232],[5.3197942251322488,60.433360572830708],[5.3194746891771869,60.433414025338173],[5.3191938053633159,60.433475916342019],[5.3188957078401575,60.43357097351344],[5.318670102441085,60.433674659406073],[5.3183474696267243,60.433857876157923],[5.3182679736044962,60.433902245057965],[5.3178722395877003,60.434123094577302],[5.3175562413429667,60.434300480003436],[5.3174535224714914,60.434358146658312],[5.3173703736829694,60.434324279546068],[5.317149960057713,60.434234500750236],[5.3170825450209778,60.434207036963414],[5.3170805067233857,60.434207852418986],[5.3169530025520064,60.434258909651241],[5.3167676121269025,60.434296473518167],[5.3166385901976678,60.434293981663011],[5.3165744624451632,60.434269448857854],[5.31648031998657,60.434233425355778],[5.3163949405237227,60.434186031537408],[5.3163066300027619,60.434093885136669],[5.3162523043161976,60.434000342324687],[5.315930477445864,60.434128145529996],[5.315923589426216,60.434133401732311],[5.3157895879011479,60.434235843411471],[5.315750283313732,60.434265890621006],[5.3157373112501975,60.434274924231552],[5.3156393558369714,60.434343165702437],[5.3155478956699547,60.434406886072878],[5.3155226286372184,60.434424432707893],[5.3155222194863194,60.434424673051772],[5.3153761223729967,60.434469659427407],[5.3152966563455095,60.434494136564894],[5.3152219960178142,60.43451712882019],[5.3151491259310406,60.434539568387365],[5.3151448372831807,60.434537292485714],[5.3150514006143794,60.434487346774731],[5.3149111177947415,60.434412357124252],[5.314788072120785,60.434345906999219],[5.3147099278308705,60.434303691855703],[5.3145554291739669,60.434210214903452],[5.3144999133559265,60.434176625705589],[5.3143126746770601,60.434058818575743],[5.3141214909904368,60.43391807182558],[5.3140966819435977,60.433900936346376],[5.3139209599745998,60.433779582601794],[5.3137111286372125,60.433636521112732],[5.3135290033804372,60.433507349456228],[5.3131716281676615,60.433546526291806],[5.3131507951420582,60.433566181709828],[5.3129304575677985,60.433773988935478],[5.3126468185811024,60.433625914933707],[5.3126621209970439,60.433611732999914],[5.3129069447669339,60.433384776498151],[5.3125404219724768,60.433270026452021],[5.312508704773383,60.433260096572894],[5.3124898784561516,60.433254200020613],[5.3122817321871301,60.433189038833753],[5.3123802226395203,60.433096069985751],[5.3123998561459729,60.433077531943859],[5.3123981755905509,60.433077116864503],[5.3119994738236862,60.432979162502726],[5.3116854057386629,60.432737124941845],[5.3115804494913172,60.432795066723372],[5.3115033027771839,60.432909236535089],[5.3113339709656922,60.433098599740823],[5.3111729527145926,60.433262756467769],[5.3109485020321427,60.433453827366847],[5.3108626203356284,60.433604876189058],[5.3108176154757052,60.433684163375737],[5.3107049037871512,60.433803998316236],[5.3105817263563573,60.433876786248781],[5.310209853560246,60.434096513667946],[5.3101707882717042,60.434119600069621],[5.3101342341516418,60.434140589910939],[5.3101279503034648,60.434144199755302],[5.3101071737944627,60.43415612641617],[5.3100320859058741,60.434175167110183],[5.3097101250797074,60.434013908093206],[5.3096135028233808,60.433965514899853],[5.3096044691692637,60.433960986021418],[5.309055287240124,60.434091996611137],[5.3084503223670181,60.434240153428711],[5.3076873667813649,60.434426259548424],[5.3078853841459406,60.434532241265501],[5.3077865473469883,60.434557003609306],[5.3076171640704182,60.434573606946593],[5.3071740713988955,60.434874105519945],[5.3070967149190693,60.434884587775315],[5.3069808095600433,60.434900292194385],[5.3067947396102948,60.434949777974651],[5.3066158288856142,60.435036134262738],[5.3063409147660909,60.435203596789009],[5.3063600111206188,60.435232889157895],[5.3063947914825258,60.435254437442097],[5.3062317858645862,60.435342924424653],[5.3060928984714915,60.435398410535733],[5.3055001175384771,60.435707872583286],[5.3052261464331911,60.43583652987693],[5.3047684980290404,60.436078642768031],[5.3042368835921518,60.436300993604092],[5.3037592500709572,60.43650920187887],[5.3036014026470069,60.436582593997173],[5.3035346216171044,60.436614867914585],[5.3034537280456497,60.436652888865581],[5.303384837240734,60.436686119796398],[5.3033191672205016,60.43671341799913],[5.3028217540044809,60.436471749786335],[5.3020962568389018,60.436906582884731],[5.3024426014185959,60.437056151969188],[5.3019562142156227,60.437335028557868],[5.3018976835910161,60.437317133629691],[5.3018115640823167,60.437379474562036],[5.3014547552418474,60.437637753101434],[5.3013863702345025,60.437670817360647],[5.3013414562270622,60.437691500762213],[5.3012942600973423,60.437716255346885],[5.3012537709770289,60.43773481460498],[5.3012108841110575,60.437756543006152],[5.3012123268084848,60.437788940922765],[5.3012157218713289,60.437818247191224],[5.3012169841933767,60.437845516772626],[5.3011047787141177,60.43786774575559],[5.3009347500640516,60.437902299607558],[5.3008627043215153,60.437915577537517],[5.3008137835441955,60.437926711721893],[5.300758540647716,60.437937939838847],[5.3007053748580617,60.43794913577667],[5.3006119909703378,60.437967393292105],[5.3005227836546238,60.437982513062451],[5.3004899102971672,60.437940540909175],[5.3004724722883472,60.437915248572985],[5.2998722654281414,60.437865129037853],[5.2997433699185654,60.437986033813473],[5.2993250018501472,60.438125316515872],[5.2988385127759461,60.438279781618675],[5.2986160071884196,60.438353770198127],[5.2985479807649591,60.438326621448404],[5.2984831819507079,60.438296686159582],[5.297631977782733,60.437932356374013],[5.2972992770064407,60.438015681535703],[5.2971899885528515,60.438052189944734],[5.2971008782666429,60.438080810590208],[5.2969821209087824,60.438123796655105],[5.2968732021523506,60.43816184311418],[5.2967842828103047,60.438190378987272],[5.2966655144309618,60.438233454361033],[5.2964624018821045,60.438303215168673],[5.2965118876754076,60.438379734283266],[5.2965732814109918,60.4384328375697],[5.296606540368141,60.438420298421896],[5.2967940180012221,60.438577506600929],[5.2963750203065247,60.438734901293145],[5.2961295054621518,60.438557399884651],[5.2955641611523818,60.438698154159077],[5.2955306541401397,60.438706479624457],[5.2957793253834202,60.438918513227534],[5.2957714963258509,60.438932946309663],[5.2954152191233073,60.438930941022811],[5.2949511417373172,60.438979145118836],[5.2946340295068097,60.439026405259597],[5.2943864953834678,60.439088454925432],[5.2942272512677437,60.439140288606104],[5.2941415089038921,60.439188775440137],[5.294130091062919,60.439185221768476],[5.2941112801003509,60.43918110273507],[5.2941014609109747,60.439179481115524],[5.2938491299089625,60.439127244576511],[5.2936382554067896,60.439035264995439],[5.2934804948896765,60.439133258203206],[5.2933659580309884,60.43920439330585],[5.2932898963531354,60.439314719216391],[5.29309585921047,60.439595054696575],[5.2930577749893866,60.439654665329357],[5.293035133982543,60.439685404077011],[5.2930297911405795,60.43991598562765],[5.2921082756420601,60.440034223055505],[5.2921405539850408,60.440223247931485],[5.291960595375647,60.440222189978591],[5.2917501659099342,60.440268190752427],[5.2916096170991276,60.440309127104577],[5.2915465760992664,60.440332358419134],[5.2914526637743231,60.440418906345741],[5.2912101866095256,60.440573581265483],[5.2908459280516595,60.440485143548393],[5.2907278791338426,60.440456417146628],[5.2906459590666373,60.440503210727684],[5.2903124817951142,60.440626405824183],[5.2901024015082792,60.440659740253622],[5.2892434797351378,60.440787073329915],[5.2888809494192195,60.440737687782779],[5.2887313293881784,60.440721013652869],[5.2886756498768355,60.440714796337311],[5.2885474912180541,60.440701335959275],[5.2885415221751479,60.440646879903888],[5.2882334863085614,60.440625257908785],[5.2879688558896323,60.440645652720022],[5.2877517847283375,60.440671687739076],[5.2876938408122562,60.440642297801418],[5.2876656410888341,60.44060411981323],[5.2876702286213924,60.44056236202222],[5.2877371400378159,60.440522791734317],[5.2881514275966834,60.440379834859364],[5.2884737277086797,60.440267281235862],[5.2886439539065657,60.440210205562678],[5.2886509930108891,60.440205907645741],[5.2887372986156942,60.440152586144443],[5.2888689086601692,60.440022688568632],[5.2889575834519613,60.43992152509842],[5.2891179048585615,60.439818943370838],[5.2891818851430621,60.439754033448637],[5.2894563277301589,60.439641240052097],[5.2894925411753269,60.439618789926449],[5.2896241238932991,60.439536888693198],[5.2897177306980501,60.439459411718417],[5.2896473072877264,60.439399285181707],[5.2896385067738754,60.439391768305327],[5.2896182059085994,60.439398474007128],[5.2892917398249972,60.439506365937824],[5.2889911497246613,60.439605702526372],[5.2888292665544725,60.439659200119436],[5.2887647887072209,60.439680511506609],[5.2887340158403333,60.439690673256976],[5.2886122202323174,60.439729846278738],[5.2885064567134101,60.439763857477423],[5.2883470066539244,60.439815148300866],[5.2883328631270352,60.439819697521607],[5.2883059477793033,60.439828411754746],[5.2879308912669511,60.439955546917133],[5.2878550180031594,60.439975012085327],[5.2876771499210493,60.440020638190063],[5.2876703822028901,60.440022399921524],[5.2876638966975156,60.440024079639613],[5.2872720443988266,60.440129253462416],[5.2872994880367781,60.440076744915359],[5.2873644562093665,60.439952423346043],[5.2874118425582584,60.439934887413202],[5.2875745129887957,60.439874690142865],[5.287991257971365,60.439701547641675],[5.2882090627059855,60.439611050375632],[5.2887722667525106,60.439384338180261],[5.289612927065968,60.439047152233179],[5.2896171013944464,60.439045479909602],[5.2896286937860841,60.438929583740986],[5.2896431896806586,60.438809921493423],[5.2896786917766381,60.438517064116262],[5.2898351869229945,60.438331592380329],[5.2899773039798825,60.438158932607649],[5.2897654548359725,60.438075638082438],[5.2900867580079334,60.437765183886441],[5.2901437730790946,60.437710092484991],[5.2901450847870262,60.437708798769108],[5.289882704845402,60.437582210326518],[5.2900080516132428,60.437538928749568],[5.2902085690821137,60.437469680547636],[5.2902908860350513,60.437439427979619],[5.2905299782026693,60.437351542966297],[5.291006957909576,60.437181832248633],[5.291293936311912,60.437079272048571],[5.2914605105675871,60.437019736466446],[5.2916400656931106,60.436955618754993],[5.2917799746004617,60.436909002154977],[5.2920854184920278,60.437066268199196],[5.2921376690360082,60.437099308734304],[5.2922325023692034,60.4371592600409],[5.2923930796465051,60.437360397654345],[5.292501233695722,60.437515025354749],[5.29256487837511,60.437606052195271],[5.292571269351793,60.437600729345007],[5.2929637541008301,60.437268522208811],[5.292996208109547,60.437093182907773],[5.2930035467119465,60.437053551015381],[5.2930165728130429,60.436948732369672],[5.2930240317995318,60.436888745264767],[5.2930278353563383,60.436858102121057],[5.2930350084599347,60.436785469463679],[5.2930436817326694,60.436697607415041],[5.2930464310393761,60.436669829152073],[5.2930521717820191,60.436612149135385],[5.293053704672829,60.436596633029097],[5.2930834210854361,60.436386594433181],[5.2930849044643216,60.436369279281998],[5.2930969929107077,60.436227699218342],[5.2930305919850715,60.436191954956236],[5.2928673744761676,60.436104096355216],[5.2927156938624274,60.436027515647986],[5.2926441962990145,60.435995323424912],[5.2925835270362969,60.435968016820404],[5.2925015875583581,60.435917826652641],[5.2924373388406423,60.435884910424278],[5.2923245992105361,60.435827147910622],[5.2923128332911729,60.435826020198114],[5.2922303247976066,60.435818140061329],[5.292229685182793,60.435817529013804],[5.2921722460228304,60.435763661777521],[5.2921268664718681,60.4357211052195],[5.2920364547201615,60.4356362983414],[5.2919731620712902,60.435559131963174],[5.2919729721090523,60.435558883985998],[5.291967431258616,60.435552132186807],[5.2919403342067364,60.435519109169419],[5.2918580339458252,60.435447066855453],[5.2916458743196078,60.435404393696103],[5.2913567166723814,60.435391483380663],[5.291099137208735,60.435329746854016],[5.2907505810013937,60.435252441397225],[5.2907526402157146,60.435165851166722],[5.2908087773327974,60.4351298802762],[5.2912708405533717,60.434833790942101],[5.2913351936419462,60.434687366372827],[5.2914852225189328,60.434522296279013],[5.2918592718880939,60.434110715465508],[5.2916085698146684,60.433878752453381],[5.2915568801864739,60.433815652239772],[5.2913845570619857,60.433605278390985],[5.2913772626983349,60.433596365437118],[5.2918002779332767,60.433461578977337],[5.2920006405311764,60.433397735260762],[5.2920545759543032,60.433380551125929],[5.2922721409611571,60.433310651746517],[5.2924296742490409,60.433260040557961],[5.292740791436743,60.433159948030784],[5.292744100789089,60.433158835773867],[5.2929211348566847,60.433099230589399],[5.2929908063643829,60.433075770105368],[5.2931053933398555,60.433037345613819],[5.2932159990413687,60.433007519839414],[5.2932247238791383,60.433005165205508],[5.2935318761794079,60.432899927028203],[5.2936777383281131,60.432945281373279],[5.293796378475502,60.432982165531428],[5.2939882515539054,60.432894299431247],[5.2941464970396934,60.432821442043469],[5.2944260388701476,60.432692746568584],[5.2947961037774069,60.43268327505082],[5.2948686493353794,60.432780750619571],[5.2949929285656765,60.432766719035961],[5.2949966859205526,60.432766302308934],[5.2951028219575287,60.432754291279466],[5.2951597293855341,60.4327478667919],[5.295182222630987,60.432750919766185],[5.2952614515069527,60.432761664075109],[5.295247600215732,60.432894395540927],[5.2951770927046917,60.432917869851529],[5.2951675374570746,60.432913469242749],[5.2951186883595387,60.432890986906969],[5.2949965185023729,60.432930550239028],[5.295025465654815,60.432970167623154],[5.2945222602259392,60.433126595426856],[5.2941864864967014,60.433230859188001],[5.2942429075004673,60.433353323102885],[5.2944601721799627,60.433484669438926],[5.2945725563047006,60.433495887788851],[5.2948258451201209,60.4335313692524],[5.2948296041218557,60.433531896348065],[5.2949272468935327,60.433495335562434],[5.2949276263207166,60.433495516902916],[5.29502831357728,60.43354362988741],[5.2951314561207115,60.433510511777143],[5.2952503202654144,60.433472366307619],[5.2952718201345821,60.433465468501055],[5.2955000070250957,60.433360544519267],[5.2956038916582342,60.433278765985911],[5.2957056361859856,60.4333094615546],[5.2957544950865989,60.433324204986029],[5.2958282279327591,60.433346489764205],[5.2961969520411332,60.43318920900078],[5.296204472552307,60.433182578175561],[5.2964984772150849,60.432922557181641],[5.2965862554813299,60.432852823527433],[5.2966524632772183,60.432780871727537],[5.2967382964926442,60.432785686859525],[5.2967776066138672,60.432758287684642],[5.296783540140563,60.432696613190096],[5.2968841443092511,60.43262283195763],[5.2967189345491219,60.432513413448959],[5.296813794331074,60.432501240123578],[5.2967295864645996,60.432442405548628],[5.2966573051954926,60.43239190237454],[5.2967302836866255,60.432357889864917],[5.2967061879239408,60.432321967240327],[5.296849630188361,60.432256856288134],[5.2970332126250517,60.432134689646908],[5.2973079709398325,60.431964005771661],[5.2975566175901241,60.431816593772638],[5.2977873956148622,60.431696727817126],[5.297935662721339,60.431608362420853],[5.2980412462024118,60.431506765289768],[5.298108446927678,60.431394572874289],[5.2981847367407156,60.431433187369741],[5.2982511112262074,60.431415618773229],[5.2982978748443976,60.431378629258049],[5.2984535989041692,60.43136370744751],[5.2986126326780676,60.431348464042294],[5.2990205664004586,60.431185075925448],[5.2994067058071046,60.431040585247018],[5.2996575926882938,60.4309356566825],[5.3001143603828487,60.430753399485219],[5.3007482585028098,60.430493282176364],[5.3009460982137648,60.430547677402402],[5.3009595992897198,60.430572860337932],[5.301275735416529,60.430461742819588],[5.3014581971493087,60.43038915477068],[5.3015924988698853,60.43032430633486],[5.3018503382679274,60.430199702953857],[5.3019308526657198,60.430163290579344],[5.3019848400728824,60.430134679944359],[5.3020758676896458,60.430098559612389],[5.3021942621154841,60.430036054983901],[5.3022801938476212,60.429991973123663],[5.3023616645299434,60.429955137661878],[5.3025047423819274,60.429976190558136],[5.3026422682202812,60.429999695655823],[5.3027351112055925,60.430004692794718],[5.3027678963259639,60.430006457476381],[5.3028009523325288,60.430008238663518],[5.3029531540925889,60.430011262366065],[5.303154195885674,60.430015265058636],[5.303356426482785,60.429970422198281],[5.3034992987544278,60.429938743052638],[5.3037163177652671,60.429856415829988],[5.3036940514511128,60.429785311331656],[5.3036590773653751,60.429673712227334],[5.3044581001549069,60.429235073086751],[5.3044001499692799,60.429077786961358],[5.3045592412940694,60.429063509037782],[5.304832522617982,60.428991640802266],[5.3054371510078155,60.428754508680498],[5.3057990587910613,60.428614720751469],[5.3062590587011229,60.428432533399352],[5.3062916382181342,60.428418966538302],[5.3063314316138674,60.428402400066183],[5.3063876758786046,60.428378991694068],[5.3064090697079287,60.42837009385412],[5.3064194537062566,60.428362876850649],[5.3064353476957349,60.428351812992346],[5.3065148506787017,60.428296521556796],[5.3065391743153363,60.42827959759439],[5.3071291777064493,60.428070626041702],[5.3071795141993965,60.428052796920824],[5.3078532580562836,60.427940082253293],[5.3082286073067584,60.427873915275029],[5.3083687360327856,60.427791155682982],[5.3083490285697286,60.427768228244702],[5.3086446509898426,60.427607808781822],[5.3086950749201671,60.427640935955594],[5.3090666670727025,60.427516508501327],[5.3091171947820701,60.427547121677499],[5.3094624585463519,60.427452792665335],[5.3095959431193673,60.427549990121044],[5.309658788658802,60.427595757296039],[5.310217336418444,60.427424468933573],[5.310527603579259,60.427329256800689],[5.3108946471655951,60.427211169866247],[5.3109698526838294,60.427187898783828],[5.3111980513652499,60.427117276018961],[5.3112097160775225,60.427113662500041],[5.3110765204064547,60.427018380233029],[5.3110262967092279,60.426982032759135],[5.3109954116867781,60.426959694717496],[5.3108513603424248,60.426855455596638],[5.3107014833819743,60.426879991169265],[5.3104245676048416,60.426843623559137],[5.3103709473013865,60.426836582202114],[5.3104328244746215,60.426781581909857],[5.3105087662683168,60.426719601161977],[5.3105758688777955,60.426655397906991],[5.3106762040494102,60.426554365304575],[5.3107204889288369,60.426502652246349],[5.3108296599605866,60.426375169412751],[5.3109282308232348,60.426251527246279],[5.3110664108917387,60.426025528324843],[5.3111226092558628,60.425892172624039],[5.3111256255342063,60.425884975758414],[5.3111336006067669,60.425863714926258],[5.3111697628729235,60.425767383655007],[5.3111709634785971,60.425764172179775],[5.3111852836646509,60.425726081474565],[5.3111853890020759,60.425722587967961],[5.3111886417564591,60.425616805618354],[5.311190333741493,60.425561332142038],[5.3111666827541795,60.425426814633354],[5.3113506424698933,60.425442196416121],[5.311731315267874,60.425474013760258],[5.3118009750467436,60.425479243096021],[5.3119002366222867,60.425486694960362],[5.3119703302174059,60.425457475320471],[5.3119784787995377,60.425454078888968],[5.3119947075253089,60.425447248174919],[5.3121432130102546,60.425375413120086],[5.312235788584057,60.425137812885481],[5.3123210287825078,60.424924807880082],[5.3123281313178552,60.424907064179884],[5.3124016904775475,60.424705671819112],[5.3124722009454697,60.424628978647718],[5.3126461133570979,60.424448460319148],[5.3127833138110274,60.424306940195194],[5.3128305182355486,60.424258282546688],[5.3128714007886613,60.424216154942243],[5.3128798804589934,60.424207428624641],[5.3128806172195349,60.424206703015095],[5.3129841921550343,60.42410117469305],[5.313152945877472,60.423938848864772],[5.3133288794809346,60.423867143396038],[5.3135233396971948,60.423784356136167],[5.3136484604295866,60.423737488221633],[5.3137364082612626,60.423699387623337],[5.3139203216306843,60.423626868825217],[5.3141219135647679,60.423547379233511],[5.3141391557933417,60.423540576355791],[5.3141858508220654,60.423502321529959],[5.3142134998580364,60.423487268076705],[5.3142146583329781,60.423486670988275],[5.3143009534816636,60.423384528076475],[5.3144149177067632,60.423270837591836],[5.3145248223227251,60.423136811076077],[5.3146291020247292,60.423024020682249],[5.3144603747182444,60.422962721785105],[5.3143820626746923,60.422896556596655],[5.3143629370331009,60.422884045559066],[5.3143253448720715,60.422859464177655],[5.3142564738517848,60.422814431067941],[5.3141893709571537,60.422724757415146],[5.3141867271670611,60.422704289891861],[5.3141856443911024,60.422696197458066],[5.3141848824884335,60.422690567698815],[5.3141874877759001,60.422688914122062],[5.3143036012096418,60.422615119127144],[5.3144683839870135,60.422377001004229],[5.3145021713537401,60.422282571700073],[5.3145063380154394,60.422277887388653],[5.3145950894472707,60.422178095393313],[5.3145994823884317,60.422173660028655],[5.3147202649538103,60.422051889041057],[5.3147635902462582,60.422008210715916],[5.3148411996130509,60.421907265110129],[5.3148932709924246,60.421837250779042],[5.3149404284606456,60.421780762451725],[5.3147853088022838,60.421745906555202],[5.3146802459482947,60.421724930474468],[5.3146794155147967,60.421724718722274],[5.3145434811776155,60.421690133223862],[5.3145090986677355,60.421683122870611],[5.3144292285486241,60.421666835118643],[5.3143918031468287,60.421655875514595],[5.3143805962779975,60.421652581015408],[5.3143617195502371,60.421647024758521],[5.314342665666727,60.421641427639017],[5.3143173057827635,60.42163613222656],[5.3142423253979842,60.421620492125442],[5.3142147746265609,60.421615279819022],[5.3141679668238488,60.421606424168473],[5.3141554723952495,60.421604064713613],[5.3140460875136872,60.421576317105121],[5.3139283493536098,60.421545282006662],[5.3139230548246745,60.421543876988018],[5.3140637636504318,60.421399468935526],[5.3141788901175451,60.421295680020577],[5.3142026196791603,60.421274289189483],[5.3142137957057463,60.421264217352942],[5.3142878310948634,60.421031162924322],[5.3143346724755149,60.42098516430783],[5.3143431605800586,60.420976833633368],[5.3144003370863597,60.420920640988818],[5.3144524439957213,60.420850627820165],[5.3141476829861407,60.420939618663766],[5.3140493822197241,60.420969208377265],[5.3140248415059235,60.420976582032203],[5.3138947779447667,60.421015673178751],[5.3138917103474741,60.421016594882211],[5.3137182095229747,60.421068746882739],[5.3133026554632856,60.421188911668743],[5.3131168130398292,60.421243435425353],[5.3131065829372481,60.421246441666732],[5.3129611689116683,60.421289106377685],[5.3126008540870595,60.421398216140595],[5.3124000336108734,60.421452063215064],[5.3123192069337941,60.42147373196034],[5.3119915386344303,60.42156936370877],[5.311626749558636,60.421676189762302],[5.3115125162862507,60.421710773942372],[5.3113912408530339,60.421747499760947],[5.3112264164983181,60.421797291567515],[5.3111551662833776,60.421818820639196],[5.3110448750649262,60.42185213851635],[5.3110205061590676,60.421807330642629],[5.3109747275161796,60.421747727779795],[5.3109187770141855,60.421685326183848],[5.3108936968760201,60.421633487729054],[5.3108970040722632,60.421619234175061],[5.3109057937777928,60.421581484539274],[5.3109110923514695,60.421558648488265],[5.310975876311665,60.421476314556976],[5.3109591291405769,60.421452948207126],[5.3108913856584312,60.421358446183255],[5.310881544321294,60.421344717930062],[5.310646662745226,60.421065735952105],[5.3106140448651322,60.421026991038985],[5.310609190092948,60.421021229787684],[5.3105262501221651,60.420914073178551],[5.3105225863332111,60.420909351630371],[5.3104292256966943,60.420788774174632],[5.3102804977808846,60.420596678818953],[5.3101279010680154,60.420419153792807],[5.3101053539879501,60.42039292101154],[5.3100429799143072,60.420320354883096],[5.3101177889720148,60.420283294570389],[5.3102881691692065,60.420198891746047],[5.3104290416123465,60.420129103340734],[5.3105429863608737,60.420072661731346],[5.3107162810736499,60.419967989813479],[5.3108387116808569,60.419941543347413],[5.3109577308180507,60.41996184894311],[5.3109663975570518,60.419963329604215],[5.3112451871457269,60.419934889952962],[5.3113029555532361,60.419928977255481],[5.3113821045811056,60.419934901535733],[5.3115195299934346,60.419945182647467],[5.311522323558763,60.419945394910222],[5.311597501866852,60.419963253239366],[5.3118226658873722,60.420016736787318],[5.3118864445781506,60.42003188809683],[5.3119180748832058,60.420019381317289],[5.3119507334930782,60.420006462608477],[5.3120219496315233,60.419978298923574],[5.3121389639916838,60.419930668671036],[5.3121551861905134,60.419924511923774],[5.3122252607421157,60.41989791640367],[5.3123176740069153,60.419861558538457],[5.3122082484961224,60.419781316812383],[5.3122222352510535,60.419657936361986],[5.3123131359111779,60.419566924030647],[5.3123585961241933,60.419521409130645],[5.3126896317289569,60.419364120972546],[5.3129414598737741,60.419272138890946],[5.3131953965530956,60.419267400688881],[5.3135166115347863,60.419305152850413],[5.3135586607203891,60.419310092910543],[5.313715173212004,60.419345699146554],[5.3137808826506552,60.419360651375939],[5.3142325097096244,60.41939758342285],[5.3143143695090336,60.419404282143766],[5.3144144436813283,60.419648927438701],[5.3144653982437422,60.41982220277329],[5.3144759880401145,60.419858215321661],[5.3144781678395328,60.419865610094512],[5.314485436789079,60.41989034031279],[5.3145161673896331,60.419932456456955],[5.3145365757359357,60.419960426838479],[5.3147215236142493,60.420031972366509],[5.3149335624606593,60.420072988866714],[5.3151509870985709,60.420053303871299],[5.3154717364123725,60.419913251125891],[5.3156219590484373,60.419836229172446],[5.3157631481703689,60.419763846530593],[5.3158655944724744,60.419700493811476],[5.3158702664073365,60.419697603124355],[5.3162131733704951,60.419345123371734],[5.3163929708027444,60.419186353616467],[5.3165478109535167,60.419121961163185],[5.3166010899543181,60.419099806049239],[5.3166786201432075,60.419053388920368],[5.3167732715268778,60.418996713757096],[5.3168534236282188,60.418863713693661],[5.3168587750208403,60.418854819676795],[5.316873047002856,60.418741603648826],[5.3168280405689359,60.418654250682799],[5.3167325190916879,60.418545545498873],[5.3167241145611985,60.41854014461758],[5.3166498895238501,60.418492519614013],[5.316596984328938,60.41845856262735],[5.316399640462488,60.418372924449969],[5.3163542343013717,60.418359110842417],[5.3162687301321778,60.418333086630469],[5.3155581307441286,60.418116829815332],[5.315522125423275,60.41810588281534],[5.3153669108145145,60.418058692791],[5.3153093095657393,60.418041179498097],[5.315097990658062,60.418008362576508],[5.3150539811947946,60.418007422376839],[5.3149205545148117,60.418004589927783],[5.3149161119943624,60.418004493852308],[5.3149208346344476,60.418002116934552],[5.3151023279923209,60.417910690767087],[5.3154274813952389,60.417835565583786],[5.3154306892455834,60.417809327898695],[5.3154480710866689,60.417667246967419],[5.3154487028495545,60.417662150160979],[5.3154494482660786,60.417656049820401],[5.3154541350511639,60.41764419830082],[5.3154831819933239,60.417570688008709],[5.3154941345753226,60.417542992979691],[5.3154980111367918,60.417533159349922],[5.3155090716886466,60.417505152721979],[5.3155956403906108,60.41741742499272],[5.3156115333525937,60.417401317762547],[5.3156464857970862,60.417403418147849],[5.315724604857099,60.417408115990455],[5.315767825835171,60.41741071494819],[5.3157805175178128,60.41741147983825],[5.3157657858417924,60.417467733695105],[5.3157610412472733,60.417485875380628],[5.3157426143776521,60.417556300218791],[5.3157423962157537,60.417557103118206],[5.3157093939309812,60.417683201900296],[5.315747933115639,60.4177976105806],[5.3157534390912611,60.417806292866501],[5.31580928615681,60.417894350919958],[5.3158233060271689,60.417916454672707],[5.3159081403403006,60.417959457384882],[5.3159097221774649,60.41796025619459],[5.315930401748699,60.417970742792626],[5.3161104295067272,60.418030124083096],[5.31625995127889,60.41807943861955],[5.3163201071305854,60.418099278258772],[5.3169132090583462,60.418363736096289],[5.3170330217116657,60.418417152880032],[5.3172604436899586,60.418508476225938],[5.3176200739701693,60.418318262055031],[5.317822500360017,60.418190389161921],[5.3180024407109636,60.418092543549413],[5.3180866553615562,60.418051910312187],[5.3182440204738297,60.417970427414829],[5.3179220352656325,60.417845120001829],[5.3178862402782379,60.417831186396207],[5.317877971254215,60.417821376124223],[5.3177841772212675,60.417710085965709],[5.3176927401922889,60.41760158438818],[5.317653880795822,60.417555468984958],[5.3176832046532772,60.417484284930012],[5.3176181771014246,60.417418039734287],[5.3178756234315472,60.417393714808767],[5.3179078138907832,60.417390668808466],[5.3180019951529394,60.417381770218704],[5.3180814808782477,60.417302599514088],[5.318176172213624,60.417271523022542],[5.3181794005200578,60.417270461864518],[5.3183610623324133,60.417210836449385],[5.3184638806315032,60.417084323098457],[5.318481007199642,60.417063243254113],[5.3185459360811969,60.417024511955269],[5.3185469885662879,60.417023884937272],[5.3186987344198799,60.416933374763907],[5.3187299411838103,60.416914760740738],[5.3188347890035246,60.416852218461386],[5.3188410262984664,60.41684849913446],[5.3188068965514343,60.416789652805271],[5.3187500474418812,60.416691600468411],[5.3182129670387734,60.416761992695974],[5.3179805689323487,60.416792458213841],[5.3173298131436244,60.416877749420472],[5.3170635571615188,60.416912651182464],[5.3169829879307144,60.416966857995334],[5.3169339577018437,60.416999844766579],[5.3168605525987074,60.416955280529393],[5.3168279320866061,60.416935475296292],[5.3168186634086352,60.416929843762034],[5.3168054154045885,60.416921792096957],[5.316710427742585,60.416864127693948],[5.3166359164782175,60.416818903523072],[5.3166328728928125,60.416817048585408],[5.3166617126587621,60.416810521575627],[5.3169825236496875,60.416737978096982],[5.3171070203675672,60.416709821677458],[5.3172759856845797,60.41666231297939],[5.3173081261510866,60.416653279599309],[5.317376997686635,60.416625327001896],[5.3177244441148224,60.416484273798481],[5.3177282737453755,60.416482716966314],[5.3178346717594716,60.416436675789356],[5.3178450965501209,60.416443013363825],[5.3179029023575817,60.416478139163566],[5.3179168145323308,60.416486586603433],[5.3180678416142095,60.416431974174422],[5.318099698780153,60.416420461012407],[5.3181037302571594,60.41642193878387],[5.3181616905884264,60.41644317296354],[5.3182066658994183,60.416459652557251],[5.3182169801049062,60.416463434388163],[5.3182384099314364,60.41645106638947],[5.3182636708814561,60.416436485442283],[5.3183462023882502,60.416388839680415],[5.3184758128272955,60.416314021904533],[5.3184219381174884,60.416293305382347],[5.318356498583177,60.416268134247801],[5.3183100276921342,60.416250256095779],[5.3182006082538988,60.416208165473932],[5.3186251971235139,60.416092551190573],[5.318697354450304,60.416071681695335],[5.3188206230050188,60.416036029548479],[5.3190906831652383,60.415932074394561],[5.3191508675960675,60.41590890500715],[5.3192121038661062,60.415876758507402],[5.3193779548735751,60.415789711869607],[5.319656172688056,60.415695391960547],[5.3197925882292951,60.415635079458184],[5.3199941682837011,60.415576811919351],[5.3199994673705389,60.415575277693186],[5.3202294830044377,60.415535889567757],[5.320565258037095,60.415512773345057],[5.3206588646414996,60.415506328851031],[5.3208892902119302,60.415455266283381],[5.3212026945190782,60.415358320983181],[5.3213532354227793,60.415309839503678],[5.321628605864956,60.415221162401963],[5.3219718399788443,60.415112726247202],[5.3223266982340478,60.415004340916596],[5.3226750779594836,60.41491626869788],[5.3227985022651234,60.414893632229465],[5.3230290170742158,60.414851359011699],[5.3230465197735919,60.414848786743114],[5.32322433317003,60.414822691526965],[5.3236046526636898,60.414766859400657],[5.3237540589767027,60.4147449310233],[5.3241134306999838,60.414694639612492],[5.3242485485446398,60.414667902721696],[5.3243299942531506,60.414651789989811],[5.3243848561294582,60.414640928920697],[5.3244661727136009,60.41461855676522],[5.3246742947068064,60.414561290041249],[5.3248575402973728,60.414503165067401],[5.3249028572588175,60.414488786409976],[5.3249643473480779,60.414469281806731],[5.3251902325706988,60.414397620545138],[5.3252954169927138,60.414364258468268],[5.3253258310660634,60.414349548949794],[5.3253320596732285,60.414346539166644],[5.3254511742752699,60.414288961074803],[5.3254855472667399,60.414272347510945],[5.3255038634219396,60.414260153079759],[5.3255584019743809,60.414223819108614],[5.3256584974227659,60.414157131863689],[5.3258745393700968,60.413980907852483],[5.3258919151913693,60.413966736970998],[5.3259206388553153,60.413933995305875],[5.3259391610853477,60.413912890241214],[5.3259656113073754,60.413882737297968],[5.3260677826303571,60.413766258682912],[5.3260846578430954,60.4137470226011],[5.3261642429249321,60.413676371107705],[5.3262994969855777,60.413556293811546],[5.3263049905910584,60.413551421115912],[5.3263123019682759,60.413544935801461],[5.3263229578959308,60.413535387989455],[5.3264722349456415,60.413401523400367],[5.3264732863292776,60.413400581707997],[5.3265280680023759,60.413351445949452],[5.3267499528273072,60.413155248514705],[5.3268855633831649,60.412963868385212],[5.3268893882068884,60.41295848221074],[5.3268928775881585,60.412959126826543],[5.326953885912685,60.412970419528044],[5.3269866180471928,60.412911003582273],[5.326987419048173,60.412909542648059],[5.3270639859603817,60.412770596129818],[5.3271715252377261,60.412564625964066],[5.3271743565349787,60.412559185390336],[5.3272051216576255,60.412428789446601],[5.327213377832015,60.41239380171919],[5.3272183993814517,60.412359938097588],[5.3272271363757984,60.412300884334442],[5.3272719490343325,60.412242790537071],[5.327298602270008,60.412208238773651],[5.3273118644014126,60.412191050991801],[5.3273162625581074,60.412187990594866],[5.3274028319112894,60.412127858686404],[5.3274073085874551,60.412124746525329],[5.3274190353195943,60.412117780839068],[5.3274848356070494,60.412078710070951],[5.327489076241644,60.412074629657376],[5.3275064889212231,60.412057862031205],[5.3275987755331213,60.411968963902439],[5.3276647404836268,60.411865623205493],[5.3276798425391521,60.411841951782399],[5.3276845735922391,60.411825634026883],[5.3276970798279599,60.41178244954019],[5.3277724158907827,60.411522461019715],[5.3277732728485638,60.411519698342005],[5.3277519872916157,60.411476416996727],[5.327743638813617,60.411407067535883],[5.3277448426842362,60.411356137850049],[5.3277449353535546,60.411352095732084],[5.3277530880649673,60.411328645936472],[5.3277656497368273,60.411292536665613],[5.327933114253641,60.411150022788433],[5.3279396948849698,60.411145818200282],[5.3280939013138688,60.411047186944636],[5.3282515923991269,60.410946332754996],[5.3284102298367735,60.410796168472075],[5.3284717943296718,60.41073790749433],[5.3285327302693553,60.410680222364206],[5.3286249167928244,60.410586512207423],[5.3286613322729668,60.410549488236342],[5.3287159135690327,60.410487717814739],[5.3288341068719101,60.410378357776821],[5.3289209689531161,60.410283502826964],[5.3289429598101972,60.410259482094141],[5.3290230735230804,60.410135678746187],[5.3291080903709478,60.410007067166198],[5.3291391494438489,60.409956781552168],[5.3291420874762272,60.409952161813656],[5.3292183619146849,60.409828549043048],[5.3292432332634672,60.409801219213605],[5.3292530019398123,60.409790496236084],[5.3292581382622899,60.409778953350383],[5.3292731945402059,60.40974519580066],[5.3292983024128731,60.409704650902746],[5.329312101908374,60.409685257707565],[5.3293235709324414,60.409669125828131],[5.3293240141015907,60.409668419003225],[5.329412524064387,60.409543777549075],[5.3294570935107881,60.409481002590361],[5.3295419197645462,60.409365328482615],[5.3296418549797178,60.409245550144931],[5.329650554377193,60.409235121215481],[5.3296553379049536,60.40923089393533],[5.329902213853444,60.409012956094372],[5.3299742590065184,60.40893485917978],[5.3301256778261461,60.408726556338777],[5.3302084576749422,60.408557759339203],[5.3302365376268561,60.408500506407911],[5.3302923144057033,60.408479646568779],[5.3303115139547241,60.40847246436023],[5.3304110346857767,60.408551968516498],[5.3304110679221006,60.408558926266956],[5.3304119035550173,60.408731216336918],[5.3303920645160954,60.408970023705479],[5.3303395700602607,60.409085862118282],[5.3303101992203192,60.409150692434253],[5.3303057001496272,60.409160617086506],[5.3303107870591315,60.409155148799556],[5.3303846174938911,60.409075878533997],[5.3307551466286123,60.408678063641155],[5.3307807414790824,60.408650582742602],[5.3308304217437268,60.408597242109018],[5.3308444098841328,60.408575840635102],[5.3308468036777219,60.408572176575071],[5.3308817799654546,60.408518700012912],[5.3308822653760046,60.408517940419813],[5.3308844597573746,60.408514594432781],[5.3309174187912873,60.408464181114638],[5.3309503122633179,60.408413864851468],[5.3309903066873314,60.40834698152171],[5.3310488376927436,60.408249132908352],[5.3310853059630983,60.408170647467614],[5.3311054579141981,60.408127287133965],[5.3311158685713194,60.408064756048937],[5.3311203298539276,60.408037914627855],[5.3311347254849766,60.407951477098976],[5.3311357269312944,60.407943882763959],[5.3311490286954664,60.407842162168606],[5.3311557542522978,60.407790719700159],[5.3311750084116305,60.40774919514778],[5.331176690571418,60.407745556397686],[5.3311780604741159,60.407742592135392],[5.3312251455656146,60.407641003310744],[5.3312498197049401,60.407587664996043],[5.3312712785746612,60.407541248764467],[5.3312754839154337,60.407492172578308],[5.3312786699945498,60.407455040502576],[5.3312824577261644,60.407410797413846],[5.3312830391222139,60.407404027392069],[5.3312834020995821,60.407399839934811],[5.3312858834554229,60.407388304661332],[5.3312965428284631,60.407338876168012],[5.3313072989296462,60.407289072839411],[5.3313077617309297,60.407286901481548],[5.3313160240022652,60.407279696140954],[5.3313569466865065,60.40724405419104],[5.3313913617813844,60.407214075062839],[5.3314278315425012,60.407182310018747],[5.331446791237779,60.407165800335157],[5.331504820577778,60.407128796523281],[5.3315284915050185,60.407113693069931],[5.3315362828203448,60.407108730755944],[5.3315583863931852,60.407094635688566],[5.331566297957484,60.407083286112702],[5.3315698111908993,60.407078232785274],[5.331580174661207,60.407063346575448],[5.3315945961114499,60.407042604137473],[5.331605146489407,60.40697188867842],[5.3316075570105621,60.406955821419075],[5.3316101653392103,60.406938321510211],[5.3315927973556061,60.406894762344379],[5.331590957516112,60.406890127649795],[5.331572765159005,60.406844532400434],[5.3315768694858443,60.406825689571441],[5.3315821039830853,60.406801655792329],[5.3315841001880031,60.40679248899697],[5.3315874443191618,60.406777166536067],[5.3315927089004598,60.406755928901809],[5.3315931050218426,60.406754348922597],[5.3315951128948642,60.406746207098273],[5.3315971207667889,60.406738065273913],[5.3316189933110154,60.406716989023842],[5.3316456357747919,60.406691316540289],[5.3316466424789359,60.406690445486412],[5.3316909800639491,60.406643356836078],[5.3317345128495024,60.406595185378173],[5.3317433343627503,60.406585433813923],[5.3317587847388843,60.40657055304716],[5.3317884209886541,60.406542014980957],[5.3318044834184057,60.406526539892987],[5.3318680016992719,60.406461131952213],[5.3319006571597303,60.406426439341999],[5.3319430982842189,60.406381338635903],[5.3320042941373096,60.406319120310542],[5.3320144616013412,60.406307743036322],[5.3320170318843125,60.406304928712714],[5.3320475069648241,60.406271038812619],[5.332104168540738,60.406214870280508],[5.3321268651030378,60.406192441492543],[5.3321724042540337,60.406144352198929],[5.3322110183122282,60.406105149980988],[5.3322264770401953,60.406088256052215],[5.3322310557577337,60.406083259053254],[5.3322541043328622,60.406058188448341],[5.332279536202793,60.406032284737506],[5.3322809113868601,60.406030884550283],[5.3322906312709542,60.406021058855465],[5.3322931583454487,60.406012499908428],[5.3322934505476161,60.40601151926856],[5.332300875744127,60.405985936994966],[5.3323019941875316,60.405982138880951],[5.3323033474015258,60.405977547294711],[5.3323017296311832,60.405970941340478],[5.3323007610483524,60.405966798062273],[5.332300172201486,60.405964444907724],[5.3322984228254739,60.405957233118784],[5.33229653174683,60.405949505098235],[5.3322938699728351,60.405938618963802],[5.3322861459141881,60.405907028365199],[5.3323559967640861,60.405902150253347],[5.3323661842682784,60.40593413234096],[5.3323860617626115,60.405996545821822],[5.3323971056433441,60.406100106170854],[5.332454488008608,60.406231045691314],[5.3328732792856135,60.406149114657644],[5.3329037786571396,60.405928397639499],[5.3329877863237742,60.405936079412818],[5.3333197770855962,60.405966380025646],[5.3333185802148355,60.405827480204934],[5.3333952194697343,60.405825727794166],[5.3334272158988041,60.405720729398787],[5.3335403747007604,60.405609788877314],[5.333612881418178,60.405608102209207],[5.3337171036218747,60.405507611131064],[5.3337919976036456,60.405392290167008],[5.3338929692196722,60.405395342657471],[5.3339620346321057,60.405397425865509],[5.3340628508987997,60.405248268766165],[5.3341292625055114,60.405150007058808],[5.3338241277233909,60.405097825349166],[5.3340443917792033,60.40495172662883],[5.3334129996142936,60.404838780349337],[5.3333782520250415,60.404868202483648],[5.3332341467816917,60.404844186654323],[5.3332737561972685,60.404781282909497],[5.3330938383272208,60.404841307592072],[5.3329479690784423,60.404884564040209],[5.3327940179353694,60.404930204089958],[5.3326877819708116,60.404929702044136],[5.3326165370499528,60.404921814637419],[5.332608819966401,60.40492096371716],[5.3326070187222188,60.404920824174916],[5.3326203286072387,60.404905578716964],[5.3326479499693038,60.404874099750764],[5.3326503882391938,60.404871326718833],[5.3326500922579569,60.404866051503575],[5.3326491643391227,60.404849451774822],[5.3326448380958382,60.404773832051376],[5.3326444781435987,60.404767350660393],[5.3326283737653997,60.404749020244466],[5.3326157859714698,60.404734795493951],[5.3326110210617035,60.404729352127838],[5.3326067218772346,60.404724451902545],[5.3325905219849199,60.404706002001866],[5.3324561043737315,60.404633105194307],[5.3323820804698716,60.404592963449879],[5.3323251453193503,60.4045620922425],[5.3323004526587532,60.40454871114256],[5.3320612772352911,60.404410619529699],[5.332011007737262,60.40437880845974],[5.3318161379603728,60.404255654007088],[5.3317926115884244,60.404240794956685],[5.3318541905574408,60.404150634166719],[5.3319227860377181,60.4041320327755],[5.3320407870852042,60.4041748345755],[5.3321544515569821,60.404190012943545],[5.3323331429766743,60.40423116232509],[5.332417332958264,60.404275727952061],[5.332921985100092,60.404201054108476],[5.3330233143721522,60.404186060002594],[5.3330634662660774,60.404180111190421],[5.3331854323603931,60.404162081615617],[5.3333458713942541,60.404138811758997],[5.333348309743549,60.404138456529573],[5.3338426282900713,60.404066766106205],[5.3341109163893696,60.404057711941867],[5.3341149986157488,60.404068250689981],[5.3342297141521193,60.404070872841793],[5.3342428613620303,60.40405415769083],[5.3345662419401583,60.404049586948489],[5.3346700742530953,60.40404623730673],[5.3351087784709499,60.404032106774956],[5.3351241143604495,60.404031612517308],[5.3351959381683791,60.403853109597918],[5.3351476497738934,60.403734933402369],[5.3348667998370178,60.403731329727954],[5.3347050989214813,60.403740985514041],[5.3347757291575153,60.403429964731842],[5.3347866328672051,60.403375078008629],[5.3347862613252302,60.403372407281815],[5.3347528243192208,60.403126702950686],[5.3347992561135502,60.402941838017718],[5.3347791150478852,60.402893196486865],[5.3348077812714179,60.402864505287049],[5.334938497587828,60.402812110989764],[5.3349761913315206,60.40263545409929],[5.3349669064898526,60.402483927895787],[5.3349842839262864,60.402271477707643],[5.3349897993831892,60.402231201032087],[5.335004732389419,60.402122118988281],[5.3347605261982496,60.402002948322718],[5.3347459056450743,60.401996613269681],[5.3344951135630989,60.401887866606536],[5.3344597120267041,60.401880536397911],[5.3343383810177016,60.401855414427438],[5.3341154289761183,60.401936365018948],[5.3339356123025938,60.401985967075014],[5.3336267739541823,60.402108411815504],[5.3333691550226838,60.402216448669655],[5.3330801163798327,60.402393726432038],[5.3329309293921403,60.402428792880123],[5.3328556077094866,60.402446499212751],[5.3327382208869407,60.402474092182331],[5.3323527331058624,60.40258336540662],[5.3320704264018719,60.402655665360449],[5.3318906406388278,60.40271137757675],[5.3317320170866518,60.402763089217359],[5.3317024241945203,60.402774344190604],[5.3312686527169229,60.402939420526366],[5.3311574708266392,60.402968351758766],[5.3311401074742424,60.402972169175605],[5.3309487611502933,60.403014195917933],[5.3308582759996348,60.403034071485479],[5.3307776448802322,60.403041958968693],[5.3307722984506407,60.40304248559859],[5.3307691242593771,60.403033895238757],[5.3307440855604717,60.402966215782577],[5.3307407998138618,60.402957325735144],[5.3307398529880388,60.402954764955382],[5.3307444956869476,60.402940493994038],[5.3307582000839355,60.402898376015038],[5.3307738056084366,60.402852930930123],[5.3307765962744451,60.402844774756907],[5.3307888093935505,60.402802507780677],[5.3308244575853774,60.402746236560688],[5.3308433111618703,60.40271775184322],[5.3308442294190019,60.402716375020283],[5.3308598650258583,60.402692745021582],[5.3308657309762841,60.402679065066316],[5.3308840177183567,60.402636426333416],[5.3309143768819469,60.402594677875271],[5.3309311059052336,60.402571662261565],[5.3309394690498229,60.402551139292576],[5.3309552192990077,60.402512466268838],[5.3309924303225324,60.40245924915633],[5.331008285672298,60.402436568962031],[5.3310191636685831,60.402410174185285],[5.3310385354994194,60.402363224086677],[5.331055274411173,60.402302719122751],[5.3310572384190937,60.402295609734253],[5.3310586118437868,60.40223344955831],[5.3310462042218987,60.402185721737865],[5.3310321188242131,60.402131601995656],[5.3310057634079406,60.402038207089163],[5.3309784349948544,60.401987299329242],[5.3309508864681119,60.401933509279019],[5.330935126998817,60.401904078757802],[5.3309235683217748,60.40188251190569],[5.3309212606762078,60.401876066656392],[5.3309208445690404,60.401874922670046],[5.3309074169067934,60.401837215454115],[5.3308968465414495,60.401800431941638],[5.3308866430531046,60.401752333466185],[5.3308832269217268,60.401713005912434],[5.3308819760322184,60.401698635290856],[5.3308888769111649,60.401653525324527],[5.3309015100174086,60.401591406095676],[5.3309033520153335,60.401584895550279],[5.3309262478932302,60.401504094400529],[5.3309338478446078,60.401422152259919],[5.3309437457273301,60.401365440355825],[5.3309599690931275,60.401272590771214],[5.330974102702343,60.40115685361318],[5.3309704813207421,60.401055187506742],[5.330961777801976,60.400930910807197],[5.3309593183048483,60.400887124549214],[5.3309536760185425,60.400786786868359],[5.33094043750285,60.400606029294586],[5.3309373788278824,60.400481638654298],[5.3309342938759094,60.400446949134682],[5.3309283142103565,60.400379912264277],[5.3309267427791251,60.400352104485762],[5.3309201924277501,60.400235967522462],[5.3309120834727688,60.400211844310199],[5.3309040026722219,60.400187793779132],[5.3309057193306506,60.400172561260206],[5.3309068705005531,60.400162346512182],[5.3309113136045951,60.400122921168688],[5.3308906381239298,60.400021054236333],[5.3308754841866692,60.399925002157872],[5.3309690649558155,60.399826961196645],[5.3310041864116116,60.399790161783372],[5.3310619780509709,60.399769177710631],[5.3310962816757339,60.399756722619983],[5.3311937313734239,60.399657547877567],[5.3312481304207955,60.399602180318453],[5.3312837742218182,60.399571219576785],[5.3315099166021582,60.399374810113095],[5.3315523269841201,60.39933651285321],[5.3316963878796155,60.399206391851259],[5.3318082891751217,60.399112423963885],[5.331853494761936,60.399074464367281],[5.3319596267408702,60.3989596195524],[5.3320405183597135,60.398872085684332],[5.3322637912091189,60.398635751471659],[5.3323371156698416,60.398558129437603],[5.3324288223781373,60.398452458898575],[5.3325946794207209,60.398261333278342],[5.3326007738456775,60.398254319791874],[5.3326268726757533,60.398224210074019],[5.3326320667627494,60.398216803246108],[5.3327032536567014,60.398115402362151],[5.3327560036677681,60.398027694368935],[5.3328347177880291,60.397919130691406],[5.3328455203819578,60.397810312365962],[5.3328637507241048,60.397751672973804],[5.3328707774328992,60.397730573782304],[5.3328818486991807,60.397697434125469],[5.3328788875439148,60.397665822037865],[5.3328751726074479,60.397626063875876],[5.3328848941705784,60.397559100536377],[5.3328861200871245,60.397504666128803],[5.3328899090756874,60.397480862112566],[5.3328960916566546,60.397441934114219],[5.3329275376627692,60.397246913340396],[5.3329346454702797,60.397202833675415],[5.332988551096375,60.397053229109801],[5.3331221815355416,60.396948965778876],[5.3332994577106296,60.396818123258562],[5.3333170992346037,60.396805028532],[5.3334711174567344,60.396691008571715],[5.3336307213190146,60.396554474318478],[5.3336868552030179,60.396493293471302],[5.3336871208830718,60.396493031150804],[5.3337083648901853,60.396469879078282],[5.3338219525205712,60.39635805185015],[5.3339200517591294,60.396261167330898],[5.3340078764914631,60.396171639461848],[5.3340466722925326,60.396135695657335],[5.3341419285403244,60.396047433158941],[5.334218369853116,60.395967846876339],[5.3342349353282676,60.395950587835131],[5.3342560314157721,60.395921643243675],[5.3342581580309041,60.39591872678276],[5.3342891635109977,60.395876141666982],[5.3342950904349591,60.395868026945699],[5.3343155081982969,60.39578185409237],[5.3342933723448782,60.395738550267168],[5.334368061573497,60.395684522855468],[5.3343858131781428,60.395683511108963],[5.3344415529046803,60.395680346604749],[5.334518989345117,60.3957056702843],[5.3345362382491608,60.395755760250346],[5.3343662677061685,60.395968319096255],[5.3343816193641764,60.396010734842278],[5.3343835875823773,60.396016164002141],[5.3344973158675897,60.39606441902658],[5.3346266122344455,60.396051992604988],[5.3346535878244739,60.396049401451592],[5.3347371895439748,60.396013505868133],[5.3347939139003477,60.395927524612063],[5.3348191719548552,60.395832227310279],[5.3348118829995697,60.395743672971768],[5.3347386429178041,60.395570682033807],[5.3347292318545554,60.395548428676726],[5.3347203355353408,60.395527411892665],[5.3347161727204089,60.395463211688948],[5.3347134544392505,60.395420712726491],[5.3347839349287804,60.395352907132931],[5.3348590009933652,60.395261786798223],[5.3348733495609526,60.395244367724317],[5.3348885945679303,60.395183156147596],[5.334882346168988,60.39516895345561],[5.3348703942386155,60.395142001189562],[5.3348624417593333,60.395123895619591],[5.3347948091680086,60.395069091545409],[5.3347220343885358,60.395034638686134],[5.3346538747486978,60.395009211244663],[5.3345577061358025,60.394990561849085],[5.3344895235204515,60.394965340413265],[5.3344810545402961,60.39493568878688],[5.3345321464214281,60.394911031339788],[5.334619318209203,60.394904715395953],[5.3347154698756656,60.394925611320602],[5.3349065946185652,60.394992564244127],[5.3350367836977313,60.395054637869904],[5.3350701928284607,60.39507056874276],[5.3351496023977125,60.395117248348775],[5.3352105789803765,60.395153083595268],[5.3353132422388105,60.395274304386611],[5.335353598934212,60.395321957027484],[5.3354077412652465,60.395365423536681],[5.3354990832040983,60.395381782138926],[5.3355724896219865,60.395379966819647],[5.3356559076658883,60.395355363739249],[5.3357253809332565,60.395323931902396],[5.3358318171957517,60.395283631468871],[5.3359529403521071,60.395204816945238],[5.3360051520099558,60.395123384756559],[5.3361025549898953,60.395076184031474],[5.3361258410213877,60.39507198993136],[5.3361761575810318,60.395062931896632],[5.3362131577784284,60.395074395427784],[5.3362583020378276,60.395088384267609],[5.3362565423448149,60.395170217726886],[5.3363160879739118,60.395170509877815],[5.3363994627069689,60.395141438053514],[5.3364784547491864,60.395096426330191],[5.3365204868067444,60.395082861601949],[5.3365892845737157,60.395060650535598],[5.3365897433583136,60.395060447457965],[5.3367237200250228,60.395002335480697],[5.3367973513835576,60.394993667750946],[5.3368244003367105,60.395005108675889],[5.3371419020829256,60.394972867732704],[5.3371816998927848,60.394990789615747],[5.3371827017777491,60.394991248639542],[5.337192043743082,60.394990229615942],[5.3373024189310128,60.394978187372736],[5.3373093250101,60.394983806402166],[5.3374149221469489,60.395069639067749],[5.3374790339756268,60.395074550518373],[5.337534284241185,60.395072656565411],[5.3376030556832097,60.395068438500886],[5.3376082924926225,60.395070811769948],[5.337689484283163,60.395107490139758],[5.3376376285504534,60.395138958705722],[5.3376154155894326,60.395192239836447],[5.337613996451795,60.395195652198311],[5.3381759341631767,60.395307658206669],[5.3385377609879665,60.395285083170059],[5.3387505403991469,60.395263077863746],[5.3386914360869877,60.39524464294351],[5.3387501990193647,60.395214739317929],[5.3391228064331298,60.395025163563709],[5.3391544938702573,60.395037037277575],[5.3392095023100765,60.395057651222039],[5.339228954409398,60.395064936742479],[5.3393925445756354,60.394954211905642],[5.3395122518888565,60.394873198199626],[5.3395061941560353,60.394870209196405],[5.339398138936482,60.394817027387013],[5.3398674311620518,60.394546098951835],[5.3399675997189098,60.394487961195203],[5.3400442563663173,60.394443467427323],[5.340031829042049,60.394438002196125],[5.3398716905537489,60.394367604260005],[5.3400529706867257,60.394252799600608],[5.3400495660063507,60.39420551827773],[5.340521257454216,60.3940391856109],[5.3405804472284091,60.394057172686658],[5.3406969250806959,60.393996921589313],[5.3407568090571749,60.393962176437007],[5.3408531241538757,60.39390629591869],[5.3409056054710842,60.393875841082405],[5.3410304927535091,60.393806689168422],[5.3410382793285764,60.393802373391871],[5.3412032460746799,60.393704986828851],[5.3411422153746271,60.393678491560934],[5.3407665786425662,60.393515403333929],[5.3406589315152599,60.393468633265456],[5.340666918977905,60.393467055426179],[5.340768059981702,60.393446289529145],[5.3412422962948227,60.393349322944815],[5.3413397327965102,60.393326764943204],[5.3413940542571527,60.393314192978714],[5.3413955863532543,60.393313812686429],[5.3414545161232816,60.393300154080535],[5.341587576895515,60.393252312667855],[5.3416513528113292,60.393273121878437],[5.3417394684214532,60.393208224849793],[5.342044671968126,60.393060496619896],[5.3423077872212863,60.392933001845478],[5.3424337800140469,60.39287399974544],[5.3426042801613525,60.392787100109814],[5.3427298235256977,60.392718827639037],[5.3428295465098126,60.392668441385815],[5.3428374603165585,60.392664443595521],[5.3429835196324857,60.392636669245753],[5.3430349463968279,60.39261864215468],[5.3430533549715884,60.392576985165569],[5.3430566153732686,60.392569623683059],[5.3430696435954275,60.392510211042648],[5.3431350297293552,60.392476236392703],[5.3431681758144105,60.392439847207946],[5.3432453633740558,60.392397820108272],[5.3433292906079259,60.392344293751208],[5.3434053934339696,60.392295747329122],[5.3434140605349665,60.392290215278166],[5.343685636194258,60.392129155347391],[5.3437334375983259,60.392060901687266],[5.3437540188437342,60.391964935328581],[5.3437523601594963,60.391935543572636],[5.3437457606485506,60.391818471861491],[5.343668321230516,60.391730587247395],[5.3436172065108405,60.391672565806473],[5.3434961268055412,60.391581422908281],[5.343342613920143,60.391538615920744],[5.3432189865166881,60.391504144597853],[5.3430800738620157,60.391465405916762],[5.3430792641201492,60.391465176923198],[5.3428052601703779,60.391388774912265],[5.3427996433044314,60.391387200320835],[5.3427622988050203,60.391376717807631],[5.3430473089451285,60.391285219159123],[5.3432043113962084,60.391234816954736],[5.343277862435154,60.391211241336165],[5.3432872071917155,60.391208244601245],[5.3434308173574605,60.391262077441198],[5.3435439736728023,60.39130698347919],[5.3435800006074512,60.391321276450874],[5.3436390262835411,60.391341181171562],[5.3436487965080248,60.391344586650533],[5.3436721181130959,60.391352337461363],[5.3436726079825823,60.391352503727902],[5.3436769484075954,60.3913539622936],[5.343777789212445,60.391390799741551],[5.3438120067371626,60.391401959979987],[5.3438343808688185,60.391409253282525],[5.3439613858935262,60.391552779637131],[5.3439904364711968,60.391587481419521],[5.3440087580821052,60.391609358821867],[5.3440104721360528,60.391608974515727],[5.3443904741019068,60.391524057237127],[5.3444024341929026,60.39152138398412],[5.3445665839406802,60.391482861189161],[5.3446387073334671,60.391463748619955],[5.3448536301763738,60.391364117863283],[5.3448543775445634,60.391363769893303],[5.3450682156814366,60.391314738941958],[5.3455155941919115,60.391212157181123],[5.3455738006023159,60.391186280128274],[5.3456120505938136,60.391169274169421],[5.3458571847478096,60.391060297567847],[5.345860228467977,60.391058907157138],[5.3460662110820341,60.390964925079487],[5.3462394263170037,60.390928761597024],[5.3462660022812045,60.3909232091085],[5.3464340660563154,60.390888117234198],[5.3464370906644492,60.390887220630809],[5.3468825551520762,60.390754651539098],[5.3469154405182016,60.39074692635878],[5.3470545357710781,60.390714255679249],[5.3470678100080518,60.390711357640264],[5.3470829158770972,60.39070783580722],[5.3471435526041944,60.3906941138397],[5.3473265618758132,60.390652699335391],[5.3473991270445325,60.390629939315275],[5.347452605368721,60.3906131623813],[5.3475164558088641,60.390593129003818],[5.3477032631616765,60.390534516259059],[5.3479821923233777,60.390531067409476],[5.3479961316292153,60.39053082105297],[5.348001870114576,60.390530825848714],[5.3481180458261619,60.390529396397],[5.3481570201811213,60.390528911751531],[5.3482056275167524,60.390526741212305],[5.3482092385692193,60.390526606685086],[5.3482597590543026,60.390524380806063],[5.3483028331288986,60.390522480724862],[5.3485952444464129,60.390509576844401],[5.3486000162787715,60.390536672103714],[5.3486105364590122,60.390596246328641],[5.3486201093563146,60.390650500563595],[5.3486435691034755,60.390783709871741],[5.348644885866757,60.390790918512742],[5.3486448958379693,60.390824039852674],[5.3486448909632145,60.390845305510489],[5.3486449011545121,60.390960883479877],[5.3487289400305604,60.390943507051695],[5.3489622053764085,60.390824617777149],[5.3490173870674527,60.390894711800193],[5.3490189615911738,60.390896705440532],[5.349053983499755,60.390941205185804],[5.3490843644007233,60.390979798173149],[5.3491236301910039,60.391029699396107],[5.3491246956443517,60.391031049893797],[5.3491288135883996,60.391036277161305],[5.3493977148793981,60.390930966753054],[5.3494807437607905,60.390898453181073],[5.3494861198266008,60.390896344753578],[5.3495506512688866,60.39093698961063],[5.3496022397178224,60.390969477499659],[5.3496821914050114,60.391019839240656],[5.3498342426356933,60.39111560133432],[5.3498391449011002,60.391118692968647],[5.3498500559680808,60.391114354613535],[5.3498555115004978,60.391112185435631],[5.3504694835799773,60.39086796899177],[5.3505984691472896,60.390812681864617],[5.3506783860095624,60.390778428365174],[5.3508080339071622,60.390728570039265],[5.3510166167210302,60.390648349755281],[5.351131440329862,60.39060419624186],[5.3513177958232996,60.390532533444706],[5.3517926785609911,60.390337497532023],[5.3518468398488315,60.390315245911133],[5.3518593385014208,60.3903103487538],[5.3523319482030569,60.390125333275599],[5.3523304866084169,60.390121194628932],[5.3523297407161525,60.390119097927354],[5.3523292857294029,60.390117809142616],[5.3523177057196287,60.390084990678751],[5.3522830513756219,60.389986744353727],[5.352277631846345,60.389971405872323],[5.3523113852673134,60.389967586047689],[5.3526493737014498,60.389929381820266],[5.3526578753272567,60.389904223737439],[5.3526591527294487,60.389900438849111],[5.3530894766047794,60.389692033588517],[5.3532463061489377,60.389610031178336],[5.3532470599867095,60.389580589006798],[5.3532613189141234,60.389474318786554],[5.3535625404836056,60.389534934381977],[5.3536396793935594,60.389551556312249],[5.3538159466193456,60.389589537471238],[5.3539206300166171,60.389613349922421],[5.3539665309101183,60.38962382119486],[5.3539707580729052,60.389622561923396],[5.3539997487216384,60.389613748558851],[5.354062711482193,60.38959477536163],[5.3541828777098184,60.38955798323795],[5.3541993315498813,60.389552628062013],[5.3544151328253573,60.389482406595945],[5.3548118410173515,60.389365049176419],[5.3548598487085455,60.389350851775653],[5.354859398976453,60.389350488914012],[5.3545640756089483,60.389110924129461],[5.3545470101670762,60.389097082083069],[5.3545519220610265,60.389095383175423],[5.354899922980783,60.388974901695491],[5.3553636821863737,60.38881800874649],[5.3555556172307304,60.388969468672649],[5.3555563677913511,60.388970064477611],[5.3555573034710484,60.388970791188648],[5.355561090479604,60.388973789126922],[5.3557672304968973,60.388841984379297],[5.3559184835855502,60.388745283536124],[5.3559301794338801,60.388737811413968],[5.3562718267811986,60.388598879705164],[5.3564010682330574,60.388546326660389],[5.3562567564598735,60.388420764210643],[5.3564066556001002,60.388368606448871],[5.3567627075578388,60.388411276109622],[5.3567656466644245,60.388411626275285],[5.3567664352541113,60.388411719785068],[5.3568873590229407,60.388361266311676],[5.3570112550626376,60.388309563933362],[5.3570620404380049,60.388288368294553],[5.3571999935881571,60.388230804165701],[5.3573462938034337,60.388183849737494],[5.3576955125298777,60.388071780494762],[5.3576915393694655,60.388068822460099],[5.3576912546369773,60.388068607936262],[5.3576908692927949,60.388068318752332],[5.3576709209949973,60.388053454412905],[5.3574338840628561,60.387876880940667],[5.3573715125732475,60.387830367035519],[5.3574426161933344,60.387812271466366],[5.3576491020715711,60.387759739009503],[5.3578505740246634,60.387708515986787],[5.3579160322795758,60.38769185643001],[5.3579725751870244,60.387677460321754],[5.3580057905021974,60.387669004519864],[5.3580842589502033,60.387649025109639],[5.3581195670087505,60.387640042374557],[5.3581699784804364,60.387632408030811],[5.3582276672818701,60.387623678696563],[5.3583113658201613,60.387611005853785],[5.3584106910642308,60.387595974618826],[5.3586315464074641,60.387564812265786],[5.3588857910552559,60.38752899125047],[5.3591908094959795,60.387486021322353],[5.3595025613787746,60.387442102562972],[5.3595038708132403,60.387441922699452],[5.3595037168092929,60.387441675806528],[5.3594587431055487,60.387366212432163],[5.3594163978193716,60.387295180191998],[5.3592493897995324,60.387296270154309],[5.3591017092660831,60.387311281267174],[5.3589698769601348,60.387342095696447],[5.3588662810881731,60.38733961855641],[5.3587718880776958,60.387293801399849],[5.3586804915158472,60.387289411159209],[5.3588641294229262,60.387254892413772],[5.3589880626106954,60.387237883127128],[5.3590877766575096,60.387237719267162],[5.3592823006222945,60.387237400859732],[5.359407437892127,60.387221313968674],[5.3594298782507384,60.387218432005341],[5.3597091538693249,60.387184463224195],[5.3601360710110502,60.38694241801285],[5.3604221972975035,60.386780466140792],[5.3606135324728674,60.386670341799615],[5.360758117117145,60.386587106170886],[5.3607645409169047,60.386583408144588],[5.3607655610982468,60.386553470010121],[5.3607733821802341,60.386324813144164],[5.360774311349612,60.386297802612589],[5.3607748451960413,60.386282133129775],[5.360775112576893,60.386274213014708],[5.360627381736764,60.386203901075234],[5.3605699307487038,60.386176559989352],[5.3605693794652636,60.386176293236041],[5.3605621202616014,60.386172840886587],[5.3604363056831339,60.386112952476935],[5.3603423922314244,60.386052615901114],[5.3603343105018082,60.386047424311926],[5.3603117848195758,60.386033199870987],[5.3602713814992651,60.386007682468239],[5.3602674477229231,60.386005022192464],[5.3602060566853833,60.385963380999932],[5.3601940825561218,60.385951746298574],[5.3601578623908326,60.385916582371181],[5.3601618628455086,60.385913932554452],[5.3601850411426462,60.38589858631785],[5.3604355984437522,60.385732775774244],[5.3604443834591686,60.385726958306343],[5.3604432029866409,60.385723546499115],[5.3604423115840421,60.385720960514099],[5.3604037830141564,60.385609263381134],[5.3603919873902051,60.385575064659676],[5.360383060256348,60.385570452128313],[5.36038010768213,60.385568924239038],[5.3603491886772323,60.385552951080165],[5.3602119493089164,60.385482062921291],[5.3602005153218775,60.38547615938473],[5.3601992447678883,60.385475504431788],[5.3603599131989181,60.385395684608881],[5.360605882615709,60.385245216627681],[5.3606488108511305,60.385186684164928],[5.3606927278217462,60.385126776621171],[5.3607057072215802,60.385109092907989],[5.3607058800731346,60.385108845974315],[5.3607410535010116,60.385060886864203],[5.3607063145298177,60.385007428053754],[5.3608618337630798,60.38480542741943],[5.3610111031134187,60.384624898740476],[5.3608520950423397,60.384592045938312],[5.3607558812906282,60.384572164619641],[5.3606394949142961,60.384614368613789],[5.3606260058560675,60.384555343582811],[5.360607166382743,60.384472857175979],[5.3605843776825362,60.384373059595923],[5.361208458380994,60.384343689833628],[5.3612295228613593,60.384342702376422],[5.361237682754707,60.384342314496799],[5.3612635609356492,60.384308958092859],[5.3613158781879147,60.384302902779346],[5.3613268605339597,60.384301630414761],[5.3614779815995544,60.384284131684218],[5.3615216524910698,60.384279080034453],[5.3615747863143222,60.384267663143525],[5.3617813683383684,60.384223270562281],[5.3618412612124313,60.384213764209292],[5.3618777527382964,60.384241457080883],[5.3618925136557065,60.384256754101109],[5.3618930510004388,60.384257308084479],[5.3619581535373886,60.384324728831437],[5.3620283189776066,60.384393968822017],[5.3621557810502329,60.384344103302034],[5.3622083765088195,60.384323521632993],[5.3622170535978722,60.38432012787095],[5.3624372020050703,60.384444513825819],[5.3624843610012904,60.38447115913285],[5.3624916170987618,60.384473011429982],[5.3625223001255549,60.384480852473359],[5.3626571145710544,60.384515405278641],[5.3626785449775003,60.38452089896839],[5.3628522556615348,60.384563732951001],[5.3629329678745785,60.384571540251017],[5.3629398662947123,60.384572205309887],[5.3629512734821514,60.384573308277822],[5.3632176439147674,60.384599073427061],[5.3632200628485869,60.384594483799447],[5.3632256119407851,60.384583975795728],[5.363227249333133,60.384580856801357],[5.3633046970819409,60.384434097698495],[5.363305941790335,60.384431893728049],[5.3633445758728433,60.384363464099891],[5.3633501755830677,60.384353640565195],[5.3633561924310342,60.384259071527573],[5.3633101901632783,60.384182044437949],[5.3631924828284285,60.384100629335983],[5.3628666589351095,60.383888228572673],[5.3628038337827544,60.383852445465905],[5.3627287721015957,60.383820551959055],[5.3626547961934472,60.383804956410209],[5.3621418375275045,60.383736725278332],[5.3617444374339849,60.383714976418339],[5.3617476981324153,60.383706589940623],[5.3617506515440772,60.383699003976105],[5.3617584432788252,60.383678985154269],[5.3617612480462373,60.38367175464294],[5.3617866351317964,60.383672053825684],[5.362198271252546,60.383676881142804],[5.3624830754688029,60.383695548389575],[5.3627330194362122,60.383723957145385],[5.362925599724254,60.383750616559269],[5.3630861112541464,60.383779903851838],[5.3632326554153407,60.383815900456547],[5.3632409262388254,60.383817933265171],[5.3635015799747912,60.383891933028259],[5.3636758475233037,60.383965547154006],[5.3638734281789278,60.384072694669136],[5.3638826917624174,60.384078035206173],[5.3640210301896589,60.384157802782987],[5.3640610354625133,60.384180872404301],[5.3641142964358171,60.384211584768039],[5.364125059119031,60.384217811151267],[5.364238551324477,60.384299110118469],[5.3643042494674829,60.384283299029057],[5.3643578933047653,60.384270393992175],[5.3644307376010545,60.38425286379303],[5.3646347626511268,60.384194896958583],[5.36469941272372,60.384171713829446],[5.3648352580082435,60.384122991804816],[5.3649866502453314,60.384063001286322],[5.365054167644284,60.384036247253405],[5.3651000837213978,60.384018061439505],[5.3652728627430566,60.383934162972949],[5.3654219288966498,60.383842272915977],[5.3655390133163996,60.383770126982846],[5.3656642742851517,60.383674323341047],[5.3657549982252881,60.383587480383731],[5.3658358385405522,60.383510128196868],[5.365864759520953,60.383469466027385],[5.3658826478973198,60.383444204341302],[5.3659121041582152,60.383402649006072],[5.3659173137938225,60.383404615956152],[5.3659519001929619,60.383417668077719],[5.365964200542618,60.383422318497963],[5.3660192813566319,60.383403511037436],[5.3660345908385079,60.383398276006623],[5.3661133239705272,60.383371387595837],[5.366216540018959,60.383336458876443],[5.3662159652984425,60.383335751094236],[5.3662034187487171,60.383321261103603],[5.3662031933031944,60.383321003278475],[5.3661939107250456,60.383310296554441],[5.3661930592521374,60.383309302580827],[5.3662458510345497,60.383293596247967],[5.3663080516868673,60.38327509110875],[5.3663786094870938,60.383254099952751],[5.3664614315322137,60.383229453243374],[5.3664605429994783,60.383224395686163],[5.3664602864330888,60.383222788812169],[5.366460127827958,60.383221768834744],[5.3664582375584153,60.38320941261653],[5.3664479624812156,60.38314459803636],[5.3664403909308707,60.383097383921488],[5.3663210290811341,60.383094751143602],[5.366246611455824,60.383107862163328],[5.3662413515711211,60.383108787986352],[5.3661395223313679,60.383126731352036],[5.3661677031995909,60.383064046291423],[5.3661752579912516,60.383047265452845],[5.3662916051165519,60.38301017892433],[5.3662429629756412,60.382970938222762],[5.3662310182948429,60.382961309209264],[5.3661418484235561,60.382889359075584],[5.3661537157900998,60.382813887653448],[5.3661413795880994,60.382774722367678],[5.3661608675994126,60.38268480878704],[5.3661634558123774,60.382672835610222],[5.3661664500172321,60.382659013014269],[5.3661622066898671,60.382649522565679],[5.3661604169171149,60.382645545897454],[5.366150163712371,60.382622705809737],[5.3661600510389196,60.382613988036844],[5.3661602419371794,60.382613741590262],[5.3661848034801078,60.382592131618452],[5.3661840811821833,60.382580211773337],[5.3661827105567843,60.382557174036151],[5.366179902249514,60.382546212823812],[5.3661723444714022,60.382516624515254],[5.3661608095454598,60.382484276051493],[5.366158497143668,60.382477822388942],[5.3661403837656723,60.382427129394635],[5.3661380670334173,60.382407202608796],[5.3661533130562065,60.382330250627348],[5.3661600832544112,60.382296083542236],[5.3661759920884,60.382213675985291],[5.3661789065658052,60.382076841511726],[5.3661712455491015,60.382041830617261],[5.3661660340057074,60.382018067732901],[5.3661818239065875,60.381869163737647],[5.3661826191717141,60.381861707460565],[5.366183487276869,60.381853435266649],[5.366189288675745,60.381843419410224],[5.3662207694349862,60.381789066531873],[5.3662246373520581,60.381782386306135],[5.3662712730281203,60.38170447662003],[5.3662726823393738,60.381662046860605],[5.3662735194198357,60.381636795496291],[5.3662742568126713,60.381614228817973],[5.3662697632542784,60.381603401307963],[5.3662490643604297,60.381553590384335],[5.3662544552230287,60.381467156360145],[5.3662576066779151,60.381416756920942],[5.3662500962994635,60.381415886550251],[5.3662323340688269,60.381413819218622],[5.3662309687273275,60.381388291948944],[5.3662296481494032,60.381363502918163],[5.3662229803050963,60.381238675163907],[5.366221503785221,60.381210888868033],[5.3662201069105198,60.381184830443921],[5.366177370075409,60.381099175260267],[5.3661362647831314,60.381016800328652],[5.3661348106933167,60.381013884427929],[5.3661324684252261,60.381009164628949],[5.366031344195676,60.38080612121307],[5.3660226368707704,60.380788635257538],[5.3661134774588586,60.380755525629958],[5.3659395690284768,60.380594471064882],[5.3659087628827784,60.380565946007586],[5.3658434343978438,60.380585192273735],[5.3658036531178146,60.380510493196304],[5.3657356363512783,60.380465941017597],[5.3656531073254801,60.380388725189867],[5.3654803230346788,60.380331242428859],[5.3654306543711696,60.380354961172308],[5.3654007474421936,60.38036753572765],[5.3653375325036237,60.380393877126281],[5.3653114873929004,60.380402755311046],[5.3652853004186651,60.380414532737021],[5.3652630822753835,60.380421655017926],[5.3652296061909253,60.380435300403214],[5.3652014902478076,60.380449721479238],[5.365164256232501,60.380467758113383],[5.3651065815667343,60.380498628030182],[5.3650624625135608,60.380519954762768],[5.3650543250792611,60.380523893733631],[5.3649540454171305,60.380547217295884],[5.3648838140123845,60.380552307767978],[5.3647543163476863,60.380557125967606],[5.3646582489357248,60.380563846795646],[5.3646097663823893,60.380588316721003],[5.364529201213462,60.38055861051474],[5.3644913918382322,60.380511827721946],[5.3644896423574817,60.380496590156092],[5.3642846709224807,60.380532330109183],[5.3641432056638854,60.380560279151418],[5.3639924752501269,60.380614309529733],[5.3639173697282096,60.38058286476975],[5.3638605570149265,60.380569716504453],[5.3637333384663517,60.380562731872189],[5.363640752961035,60.380574041201896],[5.3634822164899081,60.38060853329894],[5.3634609890809637,60.380543328904906],[5.3634589257486862,60.380437204961325],[5.3634588083641574,60.380431098891712],[5.3634614956049989,60.380403929733291],[5.3634703809322106,60.380314391527605],[5.3634823340811053,60.380307986446084],[5.3634893636252912,60.380304215002639],[5.3634999858400807,60.380298510533379],[5.3635116695720422,60.380292241888647],[5.3636282156935344,60.380293820680635],[5.3636928786325671,60.380294699415501],[5.3637332320081077,60.380295245818004],[5.3637674139204679,60.380288783547584],[5.3638042662657979,60.380281819070269],[5.3638191598221745,60.380278999700877],[5.3638597413079774,60.38027131928829],[5.3638636172725471,60.380270589406308],[5.3638634490651649,60.380270144393641],[5.3638629746441362,60.380268864109659],[5.3638260887030622,60.380167612061385],[5.3638247671520221,60.380163998690762],[5.3637639566011392,60.379997144947062],[5.3637282975454346,60.379877420101536],[5.363695619641887,60.379797198185635],[5.363690378860019,60.379784453659312],[5.3636842557684181,60.379769366094706],[5.3636786966902275,60.379755732037246],[5.3636012119507983,60.379560002047846],[5.3635935850357965,60.37954065796913],[5.3635234814987003,60.379339476338139],[5.3635147923885373,60.379314521644957],[5.3634103265454502,60.379311933903452],[5.3633876940273879,60.379226629796293],[5.3633404216994158,60.379048470653693],[5.3633499242688067,60.379037666338057],[5.3634136073290541,60.378964987529237],[5.3634766842145662,60.378893020143252],[5.3634734193616946,60.378805144933771],[5.3635211999047803,60.378586847762527],[5.3635235385745998,60.378537909092209],[5.3635293794076278,60.3784159397525],[5.3636058604182493,60.378378232749846],[5.3637962268602593,60.378284373621611],[5.3640432412861712,60.37816457816173],[5.3639368663035416,60.377824438787179],[5.3638781878373498,60.377762973794589],[5.3638465318099504,60.377714282793058],[5.3637399227744096,60.377550355728012],[5.3637306725544178,60.377536126365449],[5.3637382934483977,60.377523958315209],[5.3637869035461074,60.377446409069066],[5.3638048824056144,60.37741771673489],[5.3638045979586932,60.377384309506411],[5.3638040291646911,60.377317656836041],[5.3637816731375736,60.377246471513793],[5.3637701637233199,60.377209863128961],[5.363780911839414,60.377183822229391],[5.3637966625185625,60.377145649519228],[5.363804247224663,60.377127296725497],[5.3638690465083059,60.377084919924137],[5.3638704555843875,60.37708400573392],[5.3639158674449625,60.377054311030783],[5.3639784335366736,60.377024950657997],[5.3640306162564668,60.377000465397529],[5.3640371297822043,60.376992850933284],[5.3640682636155255,60.376956402176909],[5.3641034875347069,60.376915184784245],[5.3641142196613121,60.376902463656911],[5.3641580124983426,60.376851153378013],[5.3641963739774328,60.37681272716285],[5.3642451611764148,60.376763836400627],[5.3642869980411625,60.376721918991599],[5.3642900435848464,60.376718865464639],[5.3643546707185763,60.376683062966123],[5.3643680182836029,60.376675698294932],[5.364385626380157,60.376665942480351],[5.3643956882876731,60.376660366447972],[5.364395160650127,60.376637432597022],[5.3643880525607512,60.376079532267013],[5.364385278529606,60.37573988941805],[5.3643869099348382,60.375661801267462],[5.3643904073033424,60.375493758218994],[5.3643908235703419,60.375391575934415],[5.3643914827271439,60.375229935619288],[5.3643915692372506,60.375208330809762],[5.3643865126717687,60.374977020911274],[5.3643855968968106,60.374789955378262],[5.3643905237680931,60.374558648856059],[5.3643905481487435,60.374436870971103],[5.3643905611496567,60.374322355086029],[5.3643888845427075,60.374251789303599],[5.3643840984631304,60.374051576308212],[5.364382695790014,60.373992549632881],[5.3643840086420802,60.373930496358803],[5.3643893372864877,60.373677521726222],[5.3643882347044238,60.37360229787199],[5.3643873691774822,60.373542198334945],[5.3644219837874987,60.373536673624571],[5.3645516633226871,60.373515979421001],[5.3646120166713267,60.37348425743339],[5.364677955595754,60.373437282717823],[5.364695029417204,60.373425139448372],[5.3646956795732264,60.373424680863273],[5.3647009792989611,60.373420942971258],[5.3647149590914891,60.373410989055571],[5.3647229277153805,60.373405292856901],[5.3647677921664103,60.373373291050015],[5.3649645525525189,60.37323107939914],[5.364969232155925,60.373227693048953],[5.3651806789455154,60.37328662984428],[5.3653865819817037,60.373344012586841],[5.3653906227363946,60.37334147160405],[5.3657523278976287,60.373114571577489],[5.365950464311668,60.372988943104872],[5.3659859348013557,60.372966454073385],[5.3662363358429452,60.372871195319249],[5.3662745769862807,60.372883116120214],[5.3662758228630105,60.372883500708042],[5.3663693584109007,60.37291263496703],[5.3663707963566729,60.372913087719944],[5.3663891296117248,60.372918783905149],[5.3668714358039624,60.373088105843422],[5.3671062233426703,60.373170533908862],[5.3675573903188329,60.373328926689375],[5.367563188176991,60.373324950637041],[5.3676591892925511,60.37325917517412],[5.3676705840202494,60.373251397329284],[5.3676777554572892,60.373246497088736],[5.3677613135649702,60.37318943247675],[5.3679412651910257,60.37307022505329],[5.3680552159207506,60.372985885206234],[5.3682535412345604,60.372846417129459],[5.3683316504401946,60.372788061855822],[5.3683988679495487,60.372737857704998],[5.3684667391182339,60.372693351790936],[5.3685913596807042,60.372611621914352],[5.3687220003871765,60.37252081672775],[5.3688529498173381,60.372427233581689],[5.3689445579869783,60.3723583173213],[5.3690147513244817,60.372305497778768],[5.3690156033199674,60.372304855939362],[5.3690177735575793,60.372303297380213],[5.3690893339695291,60.372255638296494],[5.3694545736754291,60.372380102879909],[5.3696106317664807,60.372433277517516],[5.3696367699145648,60.372443051233226],[5.3698707971228314,60.372530531820892],[5.3699754572816927,60.372567526183673],[5.3699981077363992,60.37257553282069],[5.3700720972647904,60.37258754785848],[5.3700899260270738,60.37259044347406],[5.3701198785945179,60.372595305952345],[5.3701460662053764,60.37259648840184],[5.3701536486509633,60.372596857229503],[5.3702300459396941,60.372600291484069],[5.3703434369989047,60.372596376963422],[5.3705140813062107,60.372566342561377],[5.3705543704971488,60.372489786418548],[5.3705555396929769,60.372433643462493],[5.3705397433168152,60.372408746893996],[5.370512304066847,60.372365502547737],[5.3705168003969694,60.372335066176646],[5.3705231120876551,60.372292401788556],[5.3705262589460379,60.372271150240927],[5.3706032457553592,60.372151914456481],[5.3707537523659816,60.371978636812742],[5.3707589768602357,60.371972631670914],[5.3708966283773911,60.371813887022121],[5.3709126653698673,60.371757880329568],[5.3710462050517007,60.37163605377031],[5.3709721753782285,60.371591483684483],[5.3708755897021048,60.371533337091257],[5.3707492737078937,60.371444053287007],[5.3707959456363232,60.371422147507332],[5.3710261449959846,60.371314096012981],[5.371201020748841,60.371227561103652],[5.3713244554526094,60.371166477847083],[5.3716917094860541,60.370989732373062],[5.3720472004990336,60.370815900584631],[5.3723658807768677,60.37065966845239],[5.3729087228129746,60.370407089435382],[5.3732367047128013,60.37025314943314],[5.3732613889659584,60.370241563320761],[5.3732609314571409,60.3702414339947],[5.3730516646797675,60.370182695262386],[5.3728636863744397,60.370120222852805],[5.37256222119633,60.370107143032328],[5.3725564428013364,60.370106877490365],[5.3723898508714809,60.3698718077273],[5.3723939114884889,60.369871199505056],[5.3727754035110742,60.369809346707015],[5.3728903637635499,60.369762528491265],[5.372890800879067,60.369762351671298],[5.3730736861285884,60.369687879226689],[5.3730026253380494,60.369654158829285],[5.3729076529186939,60.36960909922896],[5.3728568144115085,60.369584972442198],[5.3726945072111381,60.369507947616555],[5.3726244468334627,60.369474703699979],[5.3726094665210109,60.369467589876692],[5.3725934001036579,60.369459961062311],[5.3727879084481831,60.3693752992722],[5.3729385292802538,60.369309734522282],[5.372945681590255,60.369306622110557],[5.3730244038484392,60.369316823362468],[5.3730627636708297,60.369321788793705],[5.3732287256508924,60.369343286347103],[5.3733266911950031,60.369391456333737],[5.3733310267071426,60.369393596914875],[5.3734512232936291,60.369452718494138],[5.3735057186072162,60.36944625989247],[5.3735931544987272,60.36943589137951],[5.3737982619232278,60.369411574911958],[5.3740675383446437,60.369379652077498],[5.3745336850755567,60.369472368654449],[5.3748500382083435,60.369535292894838],[5.3749068064975951,60.369546584016348],[5.3749370818614493,60.369552604710371],[5.3749745480484616,60.36956006183722],[5.375013218668748,60.369536938806561],[5.3751541973595902,60.369452611444302],[5.3753636188396747,60.369333659163516],[5.3755285092440586,60.369223442024982],[5.3755375270964292,60.369217423308321],[5.3755550788997102,60.369205004172592],[5.3756937379876151,60.369106906404589],[5.3758203312606536,60.36899342470565],[5.3759235774931389,60.368893714056938],[5.3759350046204322,60.368882673820096],[5.3758704102497239,60.368853139906662],[5.3759500667363875,60.368727592835867],[5.3760401711501205,60.368592623582899],[5.3760672612263978,60.368589578222441],[5.3760739510760978,60.368588825862588],[5.3761115181457644,60.368584592105506],[5.3761316658024105,60.368589958933867],[5.3761908399026828,60.368605719217037],[5.3763299740920942,60.368647315612094],[5.3763324154711807,60.36864804727594],[5.3764094683828469,60.368573660329666],[5.3764104434733042,60.368572725200309],[5.3764564449697883,60.36852820358034],[5.3765121380912468,60.368474535753833],[5.3765935908247346,60.36839811154546],[5.3766136971407636,60.368318612922046],[5.3766392313888387,60.368217709146862],[5.3766758446547742,60.368066271510614],[5.3767031587882004,60.367962576052982],[5.3767057057656427,60.367840049802659],[5.3766995629138048,60.367732026917963],[5.3767023604147175,60.367599081468526],[5.3769407393548176,60.367621128410576],[5.3769660511360948,60.367564834724305],[5.3769691824009387,60.367560174435035],[5.3770210489896577,60.367483105365345],[5.3771646377045892,60.367455021948125],[5.3772359658612885,60.367467059497244],[5.3773509753192625,60.367486462238951],[5.3774288222962134,60.367499612094292],[5.3774511107660956,60.367455819065079],[5.3774827358123911,60.367359521223207],[5.3774848757605795,60.367352838581901],[5.3774944706556225,60.367344885088919],[5.3775171553505672,60.367326107324949],[5.3775415010777454,60.367305936753745],[5.3776015055606905,60.367268474461973],[5.3776705572661214,60.367218675572936],[5.3774170926046025,60.367167457310131],[5.3773382867058999,60.367156411442025],[5.3771960461394546,60.367136446227185],[5.3771558640128179,60.367127810139664],[5.3771553673574424,60.367127706723309],[5.3768892240839143,60.367070560337375],[5.3770356331551632,60.366886433240502],[5.3770853985977185,60.366829403952963],[5.377125887489238,60.366783015202209],[5.3771864523377513,60.366692000187918],[5.3772897798607167,60.36655748054919],[5.3772942297475685,60.366551894483116],[5.3773679966640655,60.366459486575991],[5.3774605275944722,60.366336374880788],[5.3774878908851278,60.366299982429801],[5.3775109010064357,60.366084718979117],[5.3775273241674482,60.365927104478672],[5.3775274575778891,60.365925903729263],[5.377526937868784,60.365925844625444],[5.3775120772721268,60.365924028507919],[5.3772816441241202,60.365895745585121],[5.3772826628343955,60.365880044435393],[5.3771550578460277,60.365855804238322],[5.377216111609898,60.365813777913175],[5.3773594301190091,60.36571505074518],[5.3772782942065227,60.365597613799054],[5.3771904018942367,60.365554053362814],[5.3772548497221324,60.36551626298656],[5.3771601045574213,60.36535962705716],[5.3770883466174819,60.365241097383795],[5.3769599317088677,60.365020358199644],[5.3769451242118373,60.364994878174635],[5.3768436163612554,60.364827272067615],[5.3768350182696594,60.364813196236149],[5.3768285391792112,60.364813855497708],[5.376822940454888,60.364814430902108],[5.3768065673677112,60.364816105731521],[5.3767875035302932,60.36476066964601],[5.3767866119648806,60.364744197384006],[5.3767150059675659,60.364750064898786],[5.3766228314711793,60.364751596710789],[5.3765950670881413,60.364752574489202],[5.3765681770940672,60.364753522171455],[5.3764690711758307,60.364686466563306],[5.3765534787226281,60.364662073469624],[5.3765556694325296,60.36463158312884],[5.376555691173194,60.364631224203265],[5.376558213141168,60.36459644664999],[5.3765591662613899,60.36458313450656],[5.3765709224545875,60.364577118493145],[5.3765716346743426,60.364576751427428],[5.3766353609356301,60.364544136738154],[5.3766908542910166,60.36449873242168],[5.3767211767028282,60.364459382874649],[5.3767106605832025,60.364359689405845],[5.3766928059593351,60.364210092481919],[5.376715598636423,60.364120924153788],[5.3767286607189471,60.364067064888239],[5.3767336214477535,60.364041692303218],[5.376746334085011,60.363976606541414],[5.3766334772625193,60.363793591029506],[5.3765605743231246,60.363680512394211],[5.3765231263405688,60.363622328057609],[5.3765116770016297,60.363622483290648],[5.376382642804022,60.363624250311261],[5.3763093941218791,60.363457144455914],[5.3762908782114636,60.3633837293075],[5.3762613871748757,60.363322858712785],[5.3762539038935149,60.363307411103342],[5.3762505530414435,60.363300497881632],[5.3762298142855176,60.363231084671185],[5.3762103986845267,60.363222915534763],[5.3761313388825549,60.363189751459473],[5.3759172926077694,60.363205396341222],[5.3759024419485559,60.363126930958892],[5.3758869991974425,60.363045303641591],[5.3756437527750629,60.363046130617612],[5.3756728844598687,60.362865664791741],[5.3754117111321991,60.362858821074845],[5.3754028274959946,60.36285858779199],[5.3752207034431505,60.362853809596373],[5.3751826180938354,60.362852806841232],[5.3751855371720145,60.36255296705189],[5.3751862886761792,60.362474873143363],[5.3754038996144393,60.36246662496238],[5.3754167280987346,60.362466138937371],[5.3754758416252821,60.36246389521623],[5.3756174101376857,60.362306871358811],[5.3755870008019961,60.362159268642777],[5.3755321586794169,60.362050115223582],[5.3755064697968926,60.361998974203743],[5.3754866459263511,60.361963632182452],[5.3753931953668479,60.361796981356079],[5.3753927472788501,60.361796115279077],[5.3753907675617549,60.361792214438758],[5.3753370568061252,60.361686606061191],[5.3751309145137336,60.361515335611479],[5.3751923116674654,60.361513100404579],[5.3751930402544597,60.361513075336219],[5.3752316603439283,60.361511701902813],[5.37532565585082,60.36150219463503],[5.3753842514066212,60.361496269770278],[5.3754324233281849,60.361491399812088],[5.3755628455837865,60.361478212068953],[5.3755634515225355,60.361478147701959],[5.3754726977390055,60.361213943178072],[5.3754734896825198,60.361176943349314],[5.3754738535066959,60.361159957030225],[5.3753085512421377,60.361038695122161],[5.3752772229140202,60.361017078488452],[5.3752217799518789,60.360978814553384],[5.3752175491608298,60.360975903905029],[5.3752548865196035,60.360916361326971],[5.3752555025974358,60.360915389453481],[5.375256570275293,60.360913782763333],[5.3754626991259755,60.360914551024152],[5.3754693731187864,60.360914580243509],[5.3756652000696903,60.360915309908876],[5.3756892499468902,60.360915399522973],[5.3757341207464435,60.360915571575511],[5.3756570815528919,60.360678165776761],[5.3756176385869177,60.360612017261673],[5.3755520167144279,60.36050192267701],[5.3754976792931091,60.360394292915757],[5.3754757297455731,60.360350821704387],[5.3753738289375832,60.360151026361372],[5.3753061120261822,60.359996294165349],[5.3751770898043025,60.359725473005582],[5.3750545553803217,60.359549741581283],[5.3750494078645481,60.359542347886531],[5.37504172434764,60.359531325783578],[5.3750395305268199,60.359528210035165],[5.3750197847024461,60.35946933053863],[5.3749994664615226,60.35940874568584],[5.3748677869011567,60.359098214692004],[5.374862403727529,60.359085107198716],[5.3748032574618918,60.358940962576213],[5.3747505420187327,60.35878352936178],[5.3747485646212736,60.358777651215817],[5.3746327396346736,60.358433074519034],[5.3745324859086727,60.358231615507407],[5.3741620289977101,60.357901716508913],[5.3738745607608056,60.357613627889954],[5.3738202235403119,60.357557651127308],[5.3736982654702503,60.357432023853342],[5.373694772728741,60.357429007452431],[5.3735704772720743,60.357321310191118],[5.3735045005628796,60.357263964059634],[5.3732866014234428,60.357074752709366],[5.3733376164641387,60.357041810864821],[5.3731187813405121,60.356880616144878],[5.3731880893850805,60.356869160549017],[5.3734377285502823,60.356827887713109],[5.3734594085335194,60.356824299945309],[5.3734218391130275,60.356766344823825],[5.373390496796711,60.356717979030627],[5.3732685089165262,60.356738198396116],[5.3732528367357828,60.356688246914466],[5.3731657059615658,60.356564351477154],[5.3731633877396465,60.35656105253517],[5.373127898537005,60.356444588406326],[5.3730800320412131,60.356330123326011],[5.3731251031575811,60.356318159082143],[5.3731263930273387,60.356317816790742],[5.3731211952275366,60.356311536138826],[5.373016049512561,60.35618438958474],[5.3728039183221847,60.355909139912796],[5.3727289059998284,60.355883813540842],[5.372940987442445,60.355844635420695],[5.3729476551986872,60.355843406298298],[5.3729556820533366,60.355658652714673],[5.3729548810372636,60.355657372534111],[5.3728847611753476,60.35554531092604],[5.3728096486048011,60.35542529344778],[5.3726798777352052,60.355217004965283],[5.3726810029075702,60.354969201009709],[5.3726810298545482,60.354963575267263],[5.3726709654953329,60.354602522856474],[5.372669099165261,60.354535781067007],[5.3724812914917237,60.354546967545645],[5.3722200331950063,60.35456253002409],[5.3721038725276831,60.354308593897656],[5.3719265996481873,60.353971288289856],[5.3722090869587049,60.353971468777466],[5.3723750092825924,60.353971576390919],[5.372378353611631,60.353622763040264],[5.3723784394589487,60.353614487448134],[5.3723773151537735,60.353614483718893],[5.3723777459249922,60.353614198875249],[5.3723641176473658,60.353547360664436],[5.3723467611141427,60.35346217505591],[5.3723383617524609,60.353420744820362],[5.3723169872111471,60.353315577072387],[5.3722842068963272,60.353155235257262],[5.3722421873844404,60.352948622688018],[5.3721799064252869,60.352642993508148],[5.3721774389043446,60.352630927175852],[5.3718980066404871,60.352630946664952],[5.3717390980932072,60.352630957937478],[5.3717259645578679,60.35263095884428],[5.3717244765899625,60.352630963154986],[5.3717265692241849,60.352524566531145],[5.3717278583035757,60.352458665828379],[5.3717111043708092,60.35236302553146],[5.3717098216206391,60.352355476544844],[5.3717093469456865,60.352352731234326],[5.3716739610380673,60.352240313908403],[5.3715628853222688,60.35194076699274],[5.3714440269389883,60.351618249812034],[5.3714188258279414,60.351548497880735],[5.3713467671730157,60.351348964985782],[5.3712696979151557,60.351135615467641],[5.3712607179780338,60.351136439801337],[5.3710750173149977,60.35115347874045],[5.3709338304855869,60.351166439262315],[5.370899706860067,60.351169569848203],[5.3708846059882625,60.351170955007959],[5.3707994435587851,60.351178767454293],[5.3706555755380219,60.350961795404103],[5.3705922326674358,60.350866257493955],[5.3704169089706824,60.350630746522683],[5.3705228256369608,60.350617838818721],[5.3705753248605905,60.350611435311066],[5.3705807493715101,60.350610774561673],[5.3704478719570261,60.350299449791571],[5.3704368650519108,60.350273659158873],[5.370385988934598,60.350150535937885],[5.3703280802655087,60.350010413019312],[5.3703265379623737,60.350006667831863],[5.370325289264243,60.350003218280825],[5.370302810851868,60.350006846566835],[5.3702595526062389,60.350013834949024],[5.3701596452226958,60.350029971482243],[5.3700729819300141,60.350043962107314],[5.3700268055432074,60.350051418962479],[5.3700324677434965,60.349967598751896],[5.370032698947627,60.349964216591658],[5.3700004196773978,60.349906602467776],[5.3699801880769344,60.349870475232329],[5.3699417994338274,60.349795715846184],[5.3699278614564472,60.349768559797553],[5.3699211051805991,60.349759998395221],[5.3698552100658956,60.349676515127292],[5.3698548058366065,60.349676072659214],[5.3698421663154559,60.349660070233632],[5.3698260301235976,60.349644520541531],[5.3698238470903892,60.349642133005638],[5.3697274075759891,60.349549519221576],[5.3697273460741117,60.349549256889148],[5.3696531651433563,60.349488897950756],[5.3695788335642742,60.349428265209205],[5.3694331938796198,60.349341775899511],[5.369384783091367,60.349312922836731],[5.3692683312045064,60.349243526128326],[5.3692590099264539,60.349237968494407],[5.3692725757301174,60.349120955829079],[5.3695566182302068,60.34912243456499],[5.3696051455934235,60.349122690923011],[5.3699168298359599,60.349124339924806],[5.3699218327635361,60.349124368752783],[5.3699601182032648,60.349124569863235],[5.3699690370725586,60.349124615794807],[5.370009100649157,60.34912481154258],[5.3699949362319774,60.349082738212502],[5.3699365768414369,60.348909365094713],[5.3698648392303738,60.348672189096838],[5.3698816856760816,60.348669287852175],[5.3700719121225831,60.348636555587575],[5.3705499645785775,60.348554288354002],[5.3706354014743916,60.34853954495275],[5.3707513880083466,60.348582799635025],[5.3708092872011388,60.348618481596489],[5.3708254466114163,60.3486284412703],[5.3708678318098269,60.348654558655021],[5.3708715608788342,60.348656907510019],[5.3711125375378348,60.34878968077863],[5.3712800220613639,60.348789041970342],[5.3713150429248788,60.348788910863398],[5.3715019591690156,60.348788218243428],[5.3715146430672753,60.348788169156279],[5.3715157775508766,60.348785144219505],[5.3715512929800333,60.348690212198321],[5.3715755956089275,60.348624993868036],[5.3718288056923047,60.348530344107949],[5.3718553266238116,60.348541404497809],[5.3719265684338939,60.348571122743671],[5.3719756137868577,60.348591669306309],[5.3719924238709833,60.348598716513173],[5.3720182789856015,60.348601085275035],[5.3721570688415516,60.348613817947495],[5.3722673035383206,60.348629869347995],[5.372517974174861,60.34866636464173],[5.3725899282758052,60.348676795759964],[5.3727152211001599,60.348694938634061],[5.3733223215829815,60.34877793226832],[5.3734367365387437,60.348792937328199],[5.3737204504886975,60.348830143450485],[5.3739858828938516,60.34886048655607],[5.3741936586336987,60.348856359748368],[5.3742348364505776,60.34884978971921],[5.3743327025084211,60.348834178737818],[5.37438588722872,60.348825653355647],[5.3747811481758827,60.348830236650933],[5.3748008986202631,60.34883041600699],[5.3748617567352586,60.348922926934833],[5.3749349644248809,60.349034236067503],[5.3750016401264693,60.349097901434398],[5.3750027088472994,60.349098730521703],[5.3751072013337664,60.349198651438009],[5.3752316162976861,60.349346841909203],[5.3753822161453311,60.349524328310416],[5.37551788819263,60.349651703808739],[5.3756597499272356,60.349661325776133],[5.3758527303408146,60.349674499012252],[5.3760282361244611,60.34968333052872],[5.3763094339726667,60.349726951608041],[5.3763374371669679,60.349731220623099],[5.3766648755236099,60.349781494777972],[5.3769539230044865,60.349703811208038],[5.3770274846463773,60.349773136888466],[5.3771000411779095,60.349841716079133],[5.3771939247450637,60.349937121575699],[5.377283626493063,60.349964014567497],[5.3773830537620322,60.350056874670884],[5.3774456662490904,60.350107206604015],[5.377497813639307,60.350160309101604],[5.3775711831566584,60.350226483412683],[5.3776284430054115,60.350287454876863],[5.3778296255886815,60.350328082287042],[5.3780845556491803,60.350358400240395],[5.3784751297184092,60.350268111348527],[5.3786574963963734,60.350200459037254],[5.3787808562381683,60.35015618488805],[5.3788826571988428,60.350119843679138],[5.3789902226574648,60.350072909894017],[5.3790483730926093,60.350051844937681],[5.3790975837156205,60.350033861882004],[5.3791732215231178,60.349970940152822],[5.3792182876747212,60.349857751553401],[5.3792631265507254,60.349744646629595],[5.3792609470244965,60.349594308631211],[5.379255079650175,60.349585070910315],[5.3792094651395823,60.349512310742611],[5.3792328239722034,60.34951103284542],[5.3800241997479707,60.349466219686434],[5.380038692343823,60.349465401153665],[5.3802751701192015,60.349441284571085],[5.3805562463014054,60.349420629445405],[5.3805540906806151,60.349518539364446],[5.3805585947362342,60.349607103468863],[5.3805572278006668,60.349673379316272],[5.3805612835134609,60.349783969654951],[5.3805626746301325,60.349925118335356],[5.3805605590831895,60.350263007551881],[5.3805667647006468,60.350414713390919],[5.3813266406073241,60.350906558021215],[5.382294527852582,60.350816699594219],[5.3832145903414279,60.350503710236346],[5.3832198923458678,60.350501697450966],[5.3833318463517985,60.350458816412058],[5.3836724461711407,60.350328324361108],[5.3837919123618665,60.350283607149208],[5.383996685408917,60.35020696738377],[5.3840015294628811,60.350205157816596],[5.3842544016478966,60.350202197436488],[5.3846467784723053,60.350197594742681],[5.3846526444585026,60.350197529652327],[5.3848725978469707,60.349695606473318],[5.384916201985261,60.3495929732956],[5.3850232586295279,60.349340997392403],[5.3851126139941901,60.34915218334644],[5.3851210183317324,60.349134445132378],[5.3851213719900697,60.34913370875622],[5.3857529536743787,60.34907445681695],[5.3857571322991893,60.349074067157453],[5.3866456379357883,60.3490485295086],[5.3866892687130408,60.34907874699833],[5.3867045403545379,60.349139021830133],[5.3866872627616473,60.349177110146755],[5.3867358325312482,60.349226606192936],[5.3868235589583255,60.349251731212384],[5.3869990960418441,60.349304499976625],[5.3870592233073173,60.34933480638324],[5.3870857350330237,60.349378759143498],[5.3871841108463192,60.349425654596764],[5.3872165450847431,60.349458713225857],[5.3873472999643548,60.349544085379037],[5.387384886028225,60.349587952688168],[5.3873776154181661,60.349669994420395],[5.3873599580292302,60.349716431247053],[5.3874428084541472,60.349708617366439],[5.3875385376608564,60.349635272175732],[5.3880933460190077,60.349468529470954],[5.3885401775557442,60.349205555276512],[5.388560969885825,60.349224671457797],[5.3885671764047212,60.349230376702678],[5.3886749617542655,60.349351227613241],[5.3889683525280176,60.349297903878025],[5.3890942593233859,60.349272735054605],[5.3891013448077727,60.349271318774633],[5.3890573788469354,60.34899500415662],[5.3890373911553464,60.348885527540375],[5.3892795984402992,60.348640718006671],[5.3893283294592367,60.34841671548844],[5.389302403445094,60.348334670412314],[5.3892836335566221,60.348260567371582],[5.3892659882164855,60.348190889971846],[5.3892615054501247,60.348173214771776],[5.3892309436140584,60.348052755214468],[5.3892098601036773,60.348000708517375],[5.3892761990447324,60.347994548034777],[5.3893102865373779,60.347991366897894],[5.3893565195080431,60.347707976317416],[5.3898427268115219,60.34767892695227],[5.3899359433032865,60.347352790108992],[5.3900535983376532,60.347141805123414],[5.3901887834103883,60.346864156707284],[5.3902850095590935,60.346681260767127],[5.3902975837029272,60.34661137092516],[5.3902976753811984,60.346610870093421],[5.3903025695351943,60.346583679839398],[5.3904896704717711,60.346542160680215],[5.3905540765290558,60.346527866984225],[5.3905343827191086,60.34647423145428],[5.3904391359575454,60.346214805617471],[5.3904300749359138,60.3461901483114],[5.3904224248660215,60.34616929526738],[5.3904170703900034,60.346154742192482],[5.3905096952263412,60.346175539963497],[5.3905471599865376,60.346183945821053],[5.3908083487585241,60.346242577841529],[5.3908464025505065,60.346242380217539],[5.3909610764113021,60.346241909055905],[5.3911089724407661,60.346241306589476],[5.3913556641071159,60.346228341612239],[5.3913943331826495,60.346249147280851],[5.3914156389892707,60.346262470789512],[5.3914689689729762,60.346295844238092],[5.39146761033264,60.346308129742894],[5.391467553846474,60.346308640518806],[5.3914643371045461,60.346337727862576],[5.3914602086453582,60.34637505930835],[5.3914356249600388,60.346597354349925],[5.391427158774829,60.346673908002636],[5.3914272481657646,60.34667523165114],[5.3914416870294088,60.346875451690309],[5.391510623602807,60.3469720563807],[5.391621649703275,60.34712759627007],[5.3917629981314112,60.347325483580086],[5.3917775888079733,60.347467439138342],[5.3917959814926153,60.347645539391578],[5.3917558407458879,60.347744466576849],[5.3917166965727787,60.347840940159017],[5.3916994002110661,60.347883522449081],[5.3916339673104829,60.348044516215232],[5.3915479347637438,60.348256630902291],[5.3915293319146809,60.348349725609985],[5.3915223307313198,60.348384821941721],[5.391525860225995,60.348394400024354],[5.3915601055132347,60.348487536859537],[5.3915617921203589,60.34849213053829],[5.3916047141798913,60.348609150146117],[5.391599821691643,60.348868228116764],[5.3915960459430954,60.349069319561607],[5.3915953357155848,60.349107229181719],[5.3915881911085339,60.349488346503222],[5.3915704784674494,60.349518118725122],[5.3915687178291813,60.349521081855166],[5.3915532087400493,60.349547165966328],[5.3915787551408192,60.349579074686282],[5.3916060700535695,60.34961319750964],[5.3916432519268662,60.349659623067033],[5.3916374935211016,60.349992620883171],[5.3916358985566042,60.350085269698688],[5.3916965321672263,60.350107768182617],[5.3917029262483975,60.350110143852966],[5.391717963032451,60.350115720226498],[5.3917163014803524,60.35014632381548],[5.3916959722141398,60.350521195978921],[5.3916189678105511,60.350744611046728],[5.3916175224449008,60.350748823068791],[5.3916082789356965,60.350775652567265],[5.3916035476695781,60.350789401388369],[5.3916011102437977,60.350902456798174],[5.3915943041942267,60.351217693027358],[5.3915897346221042,60.351429233770183],[5.3917627991299728,60.3516144102231],[5.3917997173408532,60.351615188018435],[5.3920751576836663,60.351620977392855],[5.3922172212795241,60.351623962830431],[5.3927065035723647,60.350616132810352],[5.3930219530620818,60.350649125327529],[5.39303717702263,60.350650716003095],[5.3931092434326251,60.350658253737251],[5.3931148260148669,60.350645166123009],[5.3935013827116229,60.349737932903224],[5.3934347581460784,60.349361060163567],[5.3934346481455728,60.349360742601888],[5.3931877836320634,60.348665291067547],[5.3931850188735133,60.348657486435563],[5.3931452704120018,60.348545505919354],[5.3931354657517776,60.348517871651545],[5.3932626753327941,60.348499070812508],[5.3935024224124826,60.348463587137594],[5.3939325895302339,60.348399926132551],[5.3939356153512517,60.348375830851765],[5.3939522573164176,60.348374592791842],[5.3944025000305018,60.348341135151479],[5.3948852488741572,60.348445191693258],[5.3952818447994852,60.348813579382764],[5.395290669547518,60.348816281471848],[5.3955783292100588,60.348904490738725],[5.3958066319781137,60.348988698505572],[5.3959414268485588,60.349078728258824],[5.3960207462866716,60.349159164083829],[5.3961330780398971,60.34913515741377],[5.396431520234529,60.349151898049051],[5.3969152378775602,60.349179019031098],[5.396968491352335,60.348705004995715],[5.3969199560400849,60.348636998890598],[5.396704711504297,60.348528160897942],[5.3965699014383066,60.348434985745889],[5.3962754107978874,60.348111245950626],[5.3961139668827265,60.347933769685724],[5.3959748800442222,60.347729927022613],[5.3958226697360434,60.347581363120852],[5.3956884485707572,60.347457464395035],[5.3955921715043091,60.347299901675427],[5.3955154780785124,60.347099368834705],[5.3959324395733113,60.347111219112101],[5.3968260987467307,60.347136625592952],[5.3968439368200434,60.347069035228309],[5.396878681370632,60.346937361463155],[5.3968934577831718,60.346881399258422],[5.3969197044277202,60.346625642215884],[5.3969244139746744,60.346579707108063],[5.3969870507135784,60.346247326657817],[5.397020354883181,60.346066432198405],[5.3970406146795176,60.345956367912343],[5.3970640865456776,60.345828873374387],[5.3971035708579684,60.345629119179016],[5.397109108757812,60.345601137327236],[5.3971261186298269,60.34551508137757],[5.3971338709679531,60.345495787928428],[5.397134572168067,60.34549403633325],[5.3971685049336919,60.345408780824513],[5.397174781512315,60.345392997562868],[5.3971274797197495,60.34529743212525],[5.3970796189579557,60.345221714695782],[5.3970500215024106,60.345134988044052],[5.3970428558683796,60.345037275349121],[5.3971854577232357,60.344856082208132],[5.3972782235683212,60.344459356661623],[5.3973320076197062,60.344207087603777],[5.3973324852177376,60.344204404194308],[5.3975730713185772,60.344191379270455],[5.3975791467064926,60.344191049671238],[5.3976448119930192,60.344317401986878],[5.397661114082239,60.344435863675365],[5.3976673496634922,60.344481232725542],[5.3976896167049508,60.344593960099147],[5.3977491376343503,60.344895256318935],[5.3988992613224243,60.344369654902309],[5.3981923278982853,60.343964013589392],[5.3986407123049123,60.343791665871059],[5.3986595370851331,60.343784428617823],[5.3983748516344985,60.343524511921778],[5.3983568960028441,60.343458476669944],[5.3982757797657372,60.343160244359268],[5.3986224905742679,60.343214672489317],[5.3989785351708033,60.343292990756254],[5.3991851439991478,60.343389457944689],[5.3994024298879495,60.343338211093688],[5.3994522296487411,60.343270309291213],[5.3994619833761641,60.343257019939259],[5.3993901921611407,60.343182200737758],[5.3992728277639204,60.343059894820186],[5.3991091903954702,60.342946580766188],[5.3991082983827434,60.342945954402403],[5.3990917205127191,60.342934476970058],[5.3990951312023032,60.342934299778086],[5.3994302185073302,60.342917047178652],[5.3995651419912791,60.342953671215653],[5.3998432823432552,60.343029174854792],[5.39994181691441,60.343112430064288],[5.3999572438596433,60.343125467046391],[5.3999974386995264,60.343144621809842],[5.4002923138459344,60.343285119700887],[5.400327698266099,60.343448012589498],[5.4004622638428819,60.343589352416217],[5.4012819574395046,60.343829926962037],[5.4015387253525438,60.343905288319654],[5.4015836954121035,60.343918487132093],[5.4015550240023025,60.34393312472703],[5.4013886418564248,60.344018092184491],[5.4016991135949155,60.344158379986709],[5.4020500792337929,60.344316966369611],[5.4021309783351912,60.344353499727831],[5.4022884754039913,60.344424625282826],[5.4029090732820224,60.344791415581959],[5.4029852980824407,60.344829241904016],[5.4034350647487841,60.345052461377506],[5.4033759878929066,60.345109642594828],[5.403884781802808,60.345270096422482],[5.4042944800223793,60.34531276819461],[5.4044630209971789,60.345330325808241],[5.404382748697472,60.345391256997281],[5.4041106236112553,60.345597784680237],[5.4041101012292616,60.345602525105491],[5.4044001150314527,60.345627019410387],[5.4044854553932149,60.34563646525055],[5.4045736273811702,60.345643749692634],[5.4046138308883309,60.345647075613691],[5.4047467556251618,60.345660181740421],[5.4048132089943186,60.345666734509614],[5.404950645919671,60.345682344300918],[5.4051122661009332,60.345696235493612],[5.4052023815037051,60.34570580107696],[5.4052620142161478,60.345715332790022],[5.4052316522124544,60.34581676581643],[5.4053446020737415,60.346228848733837],[5.4054362055290408,60.346254389803576],[5.4055452811991449,60.346284807528441],[5.4056751378545922,60.346321018254173],[5.405791363472523,60.346224289709326],[5.4060204140574442,60.346192431288323],[5.4064445869400508,60.346352958508483],[5.4065685855442203,60.34639988515741],[5.4064321887228095,60.34646553716135],[5.4063861676793339,60.346487687729088],[5.406425825259527,60.346523318514258],[5.4067354992345642,60.346801526122327],[5.4067808085027771,60.346869342215669],[5.4070152067791923,60.346927468854965],[5.4071237412740905,60.346976340541062],[5.4072120082256028,60.347049838959698],[5.4074715873154577,60.347132957692345],[5.4078309290319417,60.347268709377758],[5.408151316989243,60.347323882843405],[5.4081788704546092,60.347328627277754],[5.4082611771231814,60.347343767740085],[5.4082712746459549,60.347345622555316],[5.4083722650619359,60.347364198038122],[5.4084377133270873,60.34715105069742],[5.4084699931029192,60.347045956984168],[5.4085878697629584,60.347055947034704],[5.4085936197737112,60.347056435007275],[5.4085907811175948,60.347066406648189],[5.4085670927007152,60.347149802357372],[5.4085225939664117,60.347306425462193],[5.4086729008851488,60.347387594657057],[5.408673774789583,60.347388058680728],[5.408916665316184,60.347519212604979],[5.4089937585728709,60.34755322090313],[5.4092095589988496,60.347648409887306],[5.4100210185329338,60.347644173721726],[5.4108847687265547,60.347862507825127],[5.4109301034337163,60.347897535517781],[5.4111782953769261,60.348089271186048],[5.4112164925670934,60.34811878520955],[5.4110941108000841,60.34844602379529],[5.4115336177829505,60.348638620893922],[5.412157612738377,60.348462854368307],[5.4125912467680468,60.348272436481651],[5.4129389717469509,60.348426878222654],[5.4132914091075293,60.348538646369299],[5.4134388725080749,60.348637753587333],[5.4134714157382691,60.348647116479235],[5.4136761196047791,60.348705984259695],[5.4138526213160159,60.348715502608776],[5.4140047234424653,60.348754273551123],[5.414030006316561,60.348760717058475],[5.4144425013937232,60.348981111323184],[5.4147544932470852,60.349074311719178],[5.4149650700472307,60.349137218604035],[5.4149675460570252,60.349137959492047],[5.4154368268177109,60.349321837324069],[5.4155787768387587,60.349558719582156],[5.4156571161933584,60.349589413954412],[5.4158916303850839,60.349681303430572],[5.416114451809622,60.349764230859194],[5.4168365277581092,60.350032935335967],[5.4173578891921856,60.350310955057473],[5.4172087099490387,60.350402050270269],[5.4175128977679901,60.350560068797861],[5.4177638534554324,60.350627214309156],[5.4182043760191085,60.350745082212534],[5.4182541910566817,60.350758405674249],[5.4181993142085725,60.350791187780146],[5.4179152205962211,60.350960911981922],[5.4182577284341038,60.351250751479618],[5.418392465058063,60.351466026891465],[5.4185304977582343,60.351607673401531],[5.4185598289175472,60.351637907833748],[5.4187460665179321,60.351829881510184],[5.4188448991311704,60.351804008978483],[5.4191537305482793,60.35200732991602],[5.4192975946438979,60.35209209639558],[5.4192710645155673,60.352115163086772],[5.4194117536740922,60.352363888286355],[5.4202253775496159,60.352778178322481],[5.4206031491143074,60.353009516029516],[5.4209673114612338,60.353102551151295],[5.4209875453027516,60.353118186532953],[5.4211840957852253,60.35327009712875],[5.4213828417203862,60.353777208040334],[5.4216858368062111,60.35407786422477],[5.4219035328862129,60.354228257815265],[5.4221944670535915,60.354429237502494],[5.4222622423570739,60.354423925963367],[5.4223964334785473,60.354294367459218],[5.4225481818154924,60.354267543915348],[5.4230969068635329,60.354384568286655],[5.4231066835393573,60.354470439565866],[5.422938165228909,60.354694191894282],[5.4236254098888983,60.355068944596013],[5.4236492035969386,60.355081916095635],[5.4236970651787777,60.355165918182131],[5.4238102282519751,60.355364482513068],[5.4239210875068355,60.355579108701775],[5.4240148227356739,60.355748560053371],[5.4240332479301774,60.35578187902118],[5.4241490666305525,60.355951457126217],[5.4243016020225081,60.356136286544107],[5.4244466490462733,60.356301896257143],[5.4245311782279515,60.356406423815308],[5.4248820667483173,60.356489581144785],[5.4254230399410313,60.356608552548295],[5.4257444762254705,60.356679240274069],[5.4257347643484213,60.35672416031084],[5.4260077590577538,60.357123869920379],[5.4261572356428669,60.357249169908066],[5.4262828253155275,60.357285837674006],[5.4266306768370178,60.357221474068062],[5.4273704255938267,60.357113108041645],[5.4275081375507934,60.357092938708462],[5.4275459350329847,60.357087402729533],[5.4275770949183251,60.357082838739508],[5.4279273915075121,60.357613002204417],[5.4280217959790935,60.357755873588133],[5.4281621955901374,60.357964153266984],[5.4282097622532026,60.358055794023535],[5.4283106078414098,60.358186920569949],[5.4284475156390837,60.358383215302538],[5.4285555960618304,60.358535935762205],[5.4286471350783252,60.358664430159152],[5.4287426505785934,60.358795718654171],[5.4290519180433447,60.359215422586395],[5.4291948228678644,60.35935718737926],[5.4300834909293734,60.359088565533376],[5.4308576511478428,60.358852867554724],[5.430937622766896,60.358828519509899],[5.4309674892650364,60.358856509321221],[5.4311335406821044,60.359012132361769],[5.4312670016191742,60.359108460088386],[5.4313598501855074,60.359225096843538],[5.4315473651871047,60.359441773739718],[5.4317224697390962,60.359596290854263],[5.4318022743123642,60.359651586619663],[5.4318474213836696,60.359682871500496],[5.4322640737881489,60.35977966460409],[5.4323613191103748,60.359855992001449],[5.4324770691978417,60.359982760564989],[5.4325901281843212,60.360002440501027],[5.4327839325794871,60.359986233774741],[5.4330806886398584,60.359994198481026],[5.4331578254567567,60.360023815888013],[5.4338132168792859,60.360275442301358],[5.4340905545235074,60.36037324568516],[5.4342487641374495,60.360375108667419],[5.4343464460689077,60.360315903178027],[5.4344177505960358,60.360234590337839],[5.4345477714479768,60.360142952986862],[5.4346213873909273,60.360128282699094],[5.4347361137069408,60.360176541345425],[5.4347688368102132,60.360272544616663],[5.434819535650818,60.360335730769499],[5.4348400860236401,60.36034707621446],[5.4349010185618276,60.360380715771363],[5.4349894967689441,60.360449678706772],[5.4353368279054344,60.360566001993298],[5.4359704477129265,60.360654329708829],[5.4364409523673034,60.360697863442425],[5.4372780814139752,60.360725060679478],[5.4376629394216138,60.360761539693648],[5.4379519467197301,60.360752640547496],[5.4379714184989867,60.360748291101885],[5.4382275108192228,60.360691063410634],[5.4385765852898942,60.360577053319737],[5.4387711194139774,60.360548679144145],[5.4389549508889683,60.360579767793674],[5.4390517148191764,60.360660831525436],[5.4391096629409459,60.360745609685267],[5.4390217045857243,60.3607555481547],[5.4389395510087786,60.360764833209188],[5.4388245298186089,60.360806932234802],[5.4388481959188537,60.360897928137362],[5.4388303401433689,60.360973548100816],[5.4387454652598874,60.36113535238087],[5.4385273380297914,60.361198469751301],[5.438663562740552,60.361225901318413],[5.4387524358319714,60.361247309516564],[5.4389219076871882,60.361278004389867],[5.4389878815890613,60.361289289949639],[5.4391097616373614,60.361316327722733],[5.4392036706895412,60.361335488806326],[5.43926486869415,60.361346646272622],[5.4393494668889648,60.361363176079891],[5.439420235328873,60.361374589864894],[5.4394763809686753,60.361387984617977],[5.439518938952439,60.361393879163259],[5.4395559439820085,60.361406761126794],[5.4396080723500724,60.361412912018466],[5.4396503892149051,60.361421181786312],[5.4397020000747878,60.361432073239406],[5.4397584051929648,60.361443093095374],[5.4398241214533218,60.361456744063865],[5.4398994262256686,60.361470651835681],[5.4399795072025956,60.361484687495484],[5.4402290626915404,60.361529416335763],[5.4403187143510605,60.361543708120159],[5.4402876436037886,60.361740253468675],[5.4402765144961771,60.361842207751891],[5.4401991503917513,60.361935251872922],[5.440065114486031,60.362107630848641],[5.4400263078089779,60.362199334876621],[5.440057860477622,60.362262005958449],[5.4400400158578046,60.362327236626548],[5.4399769968043863,60.362420664867919],[5.4399058444230972,60.36255518242006],[5.4398249699483623,60.362724230680584],[5.4397591194585235,60.362843746016104],[5.4398089130170746,60.362959222798509],[5.4399429449728629,60.363138781837925],[5.4401345386246929,60.363362690517157],[5.4402340304905641,60.363550842011335],[5.4402724439257995,60.363682658879981],[5.4402411367579466,60.363793581668247],[5.4400967451836175,60.363972819619136],[5.4400119894300847,60.36435340493594],[5.4398150258496702,60.365189938510802],[5.4410074339097134,60.3649983397151],[5.441191707689879,60.364968096029287],[5.4414689585869276,60.364922590750062],[5.4420626104714129,60.364825157741919],[5.4423029600846897,60.364785709296278],[5.4427514063447013,60.364723995110765],[5.4432431900515255,60.36466105738964],[5.4434021551696716,60.364643704780676],[5.4434438617254353,60.36463914955619],[5.4435930382809614,60.364622864973754],[5.4437084474406241,60.364621198387837],[5.4437751596068118,60.364621796913738],[5.4438248127982307,60.364622244582087],[5.4438865122091915,60.364739853539021],[5.4438992972043492,60.364764219487654],[5.4438751672191463,60.36484387827366],[5.4438599974871593,60.364893955866954],[5.4438386461613009,60.364964440731171],[5.4437920854293642,60.365092365063369],[5.4436978202597794,60.365458515085336],[5.4436253618959318,60.365774117960534],[5.4435635988618447,60.366041563714646],[5.4435078208036725,60.366204221174414],[5.4434719529250293,60.366283997259721],[5.4433662571504975,60.366655215890738],[5.4433475160053373,60.366727370340598],[5.4433338917398029,60.36680235798655],[5.4433100324720991,60.366871688189811],[5.4432867586746898,60.366935650472463],[5.4432560083396542,60.367018241759688],[5.4432344901103793,60.367066109248057],[5.4432059476160184,60.367178364818599],[5.4431911525783043,60.3672640793081],[5.4431397609890082,60.367386490643327],[5.4431043429568717,60.367512025676142],[5.44309453202015,60.367651691385397],[5.4430473966300825,60.367784983753538],[5.4430049348384646,60.367974906329273],[5.4429617453679473,60.368121758731164],[5.4429200191682954,60.368255195814605],[5.4428929103076111,60.368343978095645],[5.4428347497863232,60.36853438829764],[5.4427943199332365,60.368666745580541],[5.4425423366425871,60.3696210125267],[5.4424501241949352,60.36997024830675],[5.4424028802803734,60.370144224576748],[5.4422485030611512,60.370712811159478],[5.4421458906980673,60.371071466117023],[5.4418156655401928,60.371480606050518],[5.4415758762808526,60.371816732945291],[5.4413903225865319,60.372063176809753],[5.4412369079945213,60.372247630364605],[5.4410923788378103,60.372466888044343],[5.4408737959059819,60.372725020777679],[5.4406991704363614,60.372987475774657],[5.4405467749491976,60.373162518943275],[5.4403589766325062,60.373371198421196],[5.4402459155417464,60.373534729798401],[5.4400524638293675,60.373736966191977],[5.4398641314272238,60.374008472279449],[5.4397207069485427,60.374181229362257],[5.4397033374302177,60.374202154762976],[5.439565995117662,60.374355607379883],[5.4394890970838885,60.374489279139304],[5.4394876426555872,60.374491792674419],[5.4393803921284656,60.374602056583782],[5.4393207012864195,60.374741869298141],[5.43919804084753,60.374876867756434],[5.4390993491341728,60.375025072816413],[5.4389972154867356,60.375204606388969],[5.4388798604612614,60.37534916574802],[5.4386845064908869,60.375626773734929],[5.4386368541568944,60.375685274012426],[5.4384865805803084,60.375869746146755],[5.438393000785811,60.375970947575851],[5.4383040433695529,60.376087983167615],[5.4381783105207413,60.376251173629505],[5.4380876385815746,60.376383882543969],[5.4379832877370129,60.376525643968364],[5.4379037435659843,60.376614656432153],[5.4378091322798268,60.37672525791006],[5.4377418971065872,60.376817736773269],[5.4376633800474057,60.376897339615752],[5.437633122824832,60.376964565317223],[5.4376298379454981,60.376971865139616],[5.4375646568577238,60.37704554290206],[5.4375110998288037,60.377128960138727],[5.4374158190181276,60.377245825802135],[5.4373889538908529,60.37731738452014],[5.4373448139344722,60.377372769942177],[5.4372869760128664,60.377437216326932],[5.437206058050184,60.37753875634769],[5.4371434420150484,60.377647069136664],[5.4370228167724877,60.377763264380931],[5.4369398415963817,60.377883605206286],[5.4368368515044274,60.378012828645026],[5.4367502803507461,60.378107934569101],[5.4366388968068131,60.378255797991798],[5.4362023497155318,60.378851796883644],[5.435756651580494,60.379439523318574],[5.4352854886898907,60.380014261714464],[5.4350760007217467,60.380260703708885],[5.4346810709243645,60.380797057798446],[5.4344441185198056,60.381118860948398],[5.4342691789248034,60.381356728383082],[5.434141165776583,60.381500225498186],[5.4341238036689159,60.381519685502596],[5.4341158579186599,60.381528585890521],[5.4340689906656801,60.381605800173752],[5.4340410602993678,60.381641864541344],[5.4340130476527566,60.381678016573922],[5.433967977173265,60.381738642871774],[5.4339385784814773,60.381787789814716],[5.4338953431589312,60.381831811190061],[5.4338054620385208,60.381950679960553],[5.433616919295269,60.382181036658956],[5.43330328806202,60.382588779575414],[5.4331603114305711,60.382753777433962],[5.4329327984435372,60.383033032349964],[5.4328834466134719,60.383088780031997],[5.4328224590613843,60.383163242415932],[5.4324656570264915,60.383657805713341],[5.4323595919697354,60.383792884608908],[5.4321904408303094,60.384021387158583],[5.4321291908130878,60.384098214978259],[5.4320749207813197,60.38419901141048],[5.4320040750692371,60.38427558170914],[5.4319996549780853,60.384281125332215],[5.4319706698082353,60.384317493579204],[5.4319410055861823,60.384369014770506],[5.431915564599116,60.38440435465138],[5.4318956682860344,60.384432006070739],[5.4318158877328395,60.38454638130068],[5.4317434820697077,60.38463718202901],[5.4316313326804533,60.384783987850469],[5.4315621659021867,60.384889138832044],[5.4314009174112492,60.385089316801725],[5.431324249043965,60.385175248469537],[5.4312338296741904,60.385298855830399],[5.4311654399017675,60.385396891292075],[5.4310617009737179,60.385510632132622],[5.4309829533884022,60.385615525727481],[5.4309031656257263,60.385729909301972],[5.430666535565484,60.386004161812842],[5.4302398216854142,60.385952280846688],[5.4302203964985347,60.385972296196528],[5.4301639613496073,60.386030459289699],[5.4298194161179527,60.386385497558429],[5.4297086520814819,60.386499642051852],[5.4293943921971204,60.386823469424719],[5.4291968918527189,60.387026976799824],[5.4291818668399285,60.387042454559662],[5.428860021992068,60.387374085186835],[5.4284884258632697,60.387705115960955],[5.428471338662697,60.38772034952548],[5.4279195370933024,60.387669856357732],[5.4278009519512684,60.388225497786451],[5.4277085724837022,60.388936413189448],[5.4277977734629195,60.388955454491224],[5.4283161996415634,60.388959915278512],[5.4293185642152304,60.388998678557947],[5.4303362518413847,60.389018270411462],[5.4302294065596133,60.389284502042443],[5.4303703504592189,60.389504528549828],[5.4305536758210211,60.389780957554244],[5.430628340525204,60.389852642916466],[5.4309007083067131,60.389936833407916],[5.4309329431375897,60.390129917613251],[5.4309500650314293,60.390195250052848],[5.4309115711730893,60.39028071422247],[5.4308123892748501,60.390299676702419],[5.4306891688229406,60.39027234560443],[5.4304169269104756,60.390231397748686],[5.4303003225089972,60.390246773486751],[5.4302224743437328,60.39032228334348],[5.4302243939384933,60.390437664573547],[5.4296365940441653,60.390404332275679],[5.4291806923370629,60.390705986212389],[5.4291503786415145,60.39071943570714],[5.4290132203892032,60.390787096984376],[5.4289416303022886,60.390782792928484],[5.4286589143153385,60.390863190416894],[5.4284221895524736,60.390918659358157],[5.4281513081818273,60.390935165697435],[5.4279522772833442,60.390953601372814],[5.4276828950146889,60.391043863951637],[5.4274623586789161,60.391162491077985],[5.4274429040751793,60.391172960396361],[5.4273676284234975,60.391238345814628],[5.4273526134036674,60.391251388020578],[5.4272579743823268,60.391500914039099],[5.4250543821292263,60.391876872483394],[5.4240649773148464,60.392047642570617],[5.4231300796882032,60.392203226249016],[5.4219592258097276,60.392407154758395],[5.4223427518733844,60.392728366102254],[5.4223904692424467,60.392768323804539],[5.4224410981536053,60.392803767092616],[5.4225600307825994,60.392887028755773],[5.4226374749988455,60.393017312456514],[5.4226979342779167,60.393119025718789],[5.4229174418819737,60.393308036192892],[5.4243767950406525,60.392971557592837],[5.4250330743137214,60.392814093085804],[5.4252321977041102,60.392766310248419],[5.4256155756289628,60.392674316650854],[5.4255937672282979,60.39280733246455],[5.4255780698315954,60.392903033870233],[5.4255650781368372,60.392982189764403],[5.4255429580255452,60.393117048658965],[5.4256864453968312,60.393342055963849],[5.4261758277512548,60.393830808443923],[5.426235097535085,60.393901929782338],[5.4263081049450177,60.393989544120736],[5.4265554411865766,60.394286357069639],[5.4266191539915667,60.39431898651128],[5.4267003494580504,60.394323549748762],[5.4269123636439103,60.394274546758211],[5.4294668909872339,60.393365265667875],[5.42978030456496,60.393253703086138],[5.429868887083499,60.393222170545009],[5.4299127717485547,60.393206550623184],[5.4299640104275824,60.393188791299416],[5.4309671913477739,60.392841101336693],[5.4310017021424475,60.392829139150528],[5.4311494341803206,60.392774414115152],[5.4312471327116842,60.392738227050785],[5.4314473487388328,60.392665128193961],[5.4316420036656625,60.392599016041274],[5.4318464983482802,60.392530776894667],[5.4320823258780555,60.392439614678906],[5.4323511886807765,60.392354083739775],[5.4329170037313839,60.392145728986279],[5.4329167446311377,60.392148094776182],[5.4328773418565257,60.392244535951811],[5.4328365334939654,60.392310030893242],[5.4328108833309852,60.39236878721794],[5.4327897526292181,60.392430055475501],[5.4327527051521747,60.392505151217755],[5.4327082606651222,60.392603838853326],[5.432693729030575,60.392648629990028],[5.432462775494292,60.392870721307048],[5.4323606994798421,60.393013034843413],[5.4321212302180504,60.393532154811268],[5.4320744457949983,60.393652170124824],[5.4319670145150072,60.393887092330452],[5.4319542007939532,60.393904085750556],[5.4319435131371119,60.39391825117066],[5.4318545555082656,60.394036263208498],[5.4316989880139674,60.394254462025245],[5.4315933595426031,60.394402602647375],[5.4316678009442851,60.394438645124296],[5.4317777911649348,60.39449189096328],[5.432040582516847,60.394619105929316],[5.4324492910430182,60.39466098705838],[5.4322019392446954,60.395032444465549],[5.4325148154561083,60.39507175454834],[5.4325878085460406,60.395194991725624],[5.4325794262508174,60.395534814552875],[5.4333385542589525,60.395624135893662],[5.4341780747994202,60.395901095062271],[5.4342512531941614,60.395891166289012],[5.434448652296954,60.395756152232842],[5.4341497993583285,60.395489332236323],[5.4339846073102223,60.395341838038213],[5.4338338656831988,60.395314015042281],[5.4338257658114246,60.395255953400827],[5.4337719600079728,60.394870046338802],[5.4339947711367849,60.394590662857354],[5.4335833843628789,60.394441707798386],[5.4337749571040552,60.394316056512885],[5.4343387207321356,60.394126667119245],[5.4344010162507086,60.394147921284628],[5.4347243319351399,60.394258220884105],[5.4347969628650148,60.394374373759767],[5.4350708289356113,60.39446256748549],[5.4354494849153063,60.394515515482091],[5.4368318491516225,60.393432527729402],[5.4369564398485526,60.393347876720014],[5.4371141774369045,60.393223696225434],[5.4371847405486591,60.39317551646112],[5.4374312421356041,60.392997298132968],[5.4378974008749683,60.393128681498503],[5.4379449274394274,60.393180689537004],[5.4381504217746199,60.393275763742992],[5.4386409370544477,60.393448222978094],[5.4391906366734961,60.393562811793423],[5.4392842750707775,60.393453557762257],[5.4398616972081379,60.39357840384109],[5.4399007941370616,60.393572314224933],[5.440126144030736,60.393357197003887],[5.4402184744292725,60.393347777707191],[5.4405694189640785,60.393038523780525],[5.4408619493645061,60.393131959464341],[5.4408791710329165,60.393194246087177],[5.4411858276062741,60.393307184667286],[5.4411531672608113,60.393501197987248],[5.4410631730807086,60.393665249314658],[5.4415443763171991,60.393747086887821],[5.4417230905746736,60.393606808420465],[5.4420707946469005,60.393723125863467],[5.4425952576355066,60.393848915769013],[5.4428229209238124,60.393700436273178],[5.4429726125621292,60.393561761704341],[5.4428388386882425,60.393510630506512],[5.4428863773783371,60.393471475742594],[5.4431151902266341,60.393532284773705],[5.4435602872529456,60.393636930550223],[5.4438329966076138,60.393603796400278],[5.4439997924067303,60.393660572895605],[5.444239769840026,60.393648097027253],[5.4443622609994229,60.393641728105763],[5.444387257575654,60.393720867017549],[5.4446945621878386,60.393767126604388],[5.4446586967756847,60.393875555799895],[5.4447809609041569,60.393900223538836],[5.4447606282885133,60.393954378488786],[5.4451712807468189,60.394022426195797],[5.4451905818163819,60.394065740955718],[5.4452062408116779,60.394142257372955],[5.4454642150190633,60.394156288292301],[5.4455820584886956,60.394133274825116],[5.4455759448945482,60.394011725132259],[5.4456109280541742,60.394000886313457],[5.4456968960511443,60.393829588573219],[5.4456241203285058,60.393791971969556],[5.4456862690805519,60.393641050649826],[5.4457025772248606,60.393601455774146],[5.4458646162315203,60.393455199077707],[5.445872333455628,60.393448224226169],[5.4458944750064511,60.393428234347255],[5.4464597949972831,60.394016433098535],[5.4464484862703744,60.394024031031584],[5.4463940607136143,60.394060585337712],[5.4462199041772381,60.394177569906887],[5.4462193550576075,60.39417794170042],[5.4461227312825189,60.394242847630672],[5.4461672932551712,60.394362935052875],[5.4461805276970354,60.39450596652128],[5.4458756556238272,60.394551673567264],[5.4454658116180878,60.394581982950889],[5.4452931091923436,60.394638995168627],[5.445235332325371,60.394662634187029],[5.4452108255743017,60.394672665429759],[5.4450169640960482,60.394819679685789],[5.4449833059182646,60.394863960640237],[5.4450124456774365,60.394905165671815],[5.4453354401022285,60.39502794079575],[5.4455641450348722,60.395045943566359],[5.4464349447042855,60.395252738646931],[5.4466134215438116,60.395295129018884],[5.4466713048623268,60.395337101559669],[5.4464623160905106,60.395578829268864],[5.4464030043149378,60.395593889599375],[5.4456247903077788,60.395370964449043],[5.4450547013883037,60.395630379929131],[5.4447415199697948,60.395772883495276],[5.4445931658516615,60.395840387174466],[5.4445986229910774,60.395878577507595],[5.444968887941152,60.395964572501605],[5.4452557023612114,60.396003892540655],[5.4457868645576157,60.396105186059103],[5.4462085653192194,60.396185604557132],[5.4462300518379294,60.396209914847148],[5.4458675946034694,60.396477047439788],[5.4457471031055942,60.396565851537396],[5.4457601029833516,60.396596855559956],[5.4457171737106771,60.396693619103054],[5.4457027472559085,60.396726110165559],[5.4459170030854525,60.396788906555578],[5.44592473630596,60.396805758190787],[5.4454406328450062,60.397151857661306],[5.4454492169323787,60.397199685297323],[5.4458077120174044,60.397349570364845],[5.4457266577917753,60.397563798439997],[5.4457704405960676,60.397603012812226],[5.4461383995122521,60.397710341926597],[5.4467488152547938,60.397885972695668],[5.4474633432406199,60.397812315827665],[5.4477451651018782,60.397784179896739],[5.447786353357456,60.397759117065519],[5.447781801224874,60.397668634468545],[5.4477831869899722,60.397435632775569],[5.4478643827630178,60.397352194590134],[5.4481725680712154,60.396994217095177],[5.4484270907507364,60.39674665638919],[5.4484628724120405,60.396711859278597],[5.4487578998151092,60.39673875434471],[5.4491251998808536,60.396720024999162],[5.4494723676420325,60.396759994258652],[5.4495286240278809,60.396766466074723],[5.4496816006411199,60.396818111647541],[5.4497576367477354,60.396870076096114],[5.4497130119769137,60.397147103906534],[5.4495563015731543,60.397173838120381],[5.4495100760474786,60.397201139717644],[5.4494981286360584,60.397248077398849],[5.4494848381586198,60.397300335814954],[5.4497969825880901,60.397346721027141],[5.4498538399499958,60.397398173488007],[5.4498739411252028,60.397522360846615],[5.4499197962114989,60.397542611397753],[5.4501985130971109,60.397542913982015],[5.45028422560069,60.397461976672155],[5.4503675007084329,60.397447554091187],[5.4507592613218252,60.397451779988508],[5.4507781477312101,60.397451987360611],[5.4508100064013041,60.397452334162224],[5.4508096508821922,60.397932565675227],[5.4508043713494532,60.397957005761761],[5.4507805576287094,60.398067330681044],[5.4507367031236198,60.398469674726655],[5.4507348130254796,60.398487015210094],[5.4508384548002509,60.398594404808499],[5.450898842368666,60.398745829623749],[5.4509871136733965,60.398868923644727],[5.4511700253749176,60.399124026284895],[5.4512944825032106,60.399569651067821],[5.4513130315215044,60.399638469289357],[5.4513818607101667,60.399844817233948],[5.4514133481677911,60.399934265502225],[5.4514900794013048,60.400112288699475],[5.4512278270733123,60.400109893988684],[5.4512164667931291,60.4001097886349],[5.451123535800189,60.400123909307375],[5.4510916709893875,60.400151594636867],[5.4510563478862837,60.400475669033625],[5.4510381736985778,60.400642406522977],[5.4509635338862967,60.401018512408108],[5.4509632760023639,60.401020878241177],[5.4515595741241913,60.401124810390868],[5.4517669277561813,60.401160953138437],[5.4518170415716085,60.401169686626908],[5.4517297608181385,60.40146898955318],[5.4517172619509466,60.401511832329483],[5.4516845080824128,60.401512495506253],[5.4516664463360485,60.401512867531331],[5.4514134800066802,60.401518009994859],[5.4514126790893673,60.401518024579232],[5.4513126144102895,60.401520055635011],[5.4511858129592943,60.401580879890069],[5.4511495198918309,60.401958008869528],[5.4509769830025991,60.401953405743981],[5.4508344128912665,60.402158859083265],[5.4505747459846354,60.402149261432974],[5.4505442646428079,60.402174898472758],[5.4504901122210248,60.402679434741259],[5.4506777933856334,60.402677306388398],[5.4506320538186666,60.403045195719351],[5.4506114597704247,60.403032126574232],[5.4505834865195464,60.403024253063997],[5.4505315304122846,60.403015730639751],[5.4504639167541091,60.403018680936292],[5.4503665032135826,60.403030344860284],[5.4503093944976193,60.403069246986426],[5.4501892117228774,60.403201590235881],[5.4500979070841398,60.403289514606605],[5.449967511919076,60.403471511022602],[5.4498280199497913,60.403630121610696],[5.4497698859447805,60.403754377942342],[5.4496661376388476,60.403880247963926],[5.4493971101002412,60.404010990781892],[5.4492449236569218,60.404128197872609],[5.4491394104015836,60.404258559144424],[5.4489255313184071,60.404412163511083],[5.4488555132390637,60.404420971662411],[5.4486338172300242,60.404448855660341],[5.4486136092631829,60.404451398920038],[5.4484062844347587,60.40445196653711],[5.4482097000562568,60.4044525060281],[5.4479647949747028,60.404802656450521],[5.4475597030287384,60.404770440142272],[5.4473550479999249,60.404883871404252],[5.447171226021867,60.404938414993119],[5.4464925761696952,60.405210398498731],[5.4462137071185941,60.405431233446166],[5.4460220135798503,60.405866036137994],[5.4461711255611451,60.40595325345916],[5.4466393417456782,60.406155991301752],[5.4471193331026839,60.406294843675163],[5.4474110804655789,60.406352578765606],[5.4476199849757725,60.40637094652093],[5.4479158125961415,60.406396964471639],[5.4477967762670314,60.406474638221418],[5.4475689929065743,60.407083601859426],[5.4473357631110364,60.407244452640256],[5.4472391706224208,60.407311059449526],[5.4471863331372212,60.407530796434273],[5.4470942571815586,60.407713822861894],[5.4469194831961802,60.407825148794196],[5.4466678962875399,60.407839828812335],[5.4464367716237438,60.407843164367534],[5.4463585525932601,60.408207282519399],[5.4464180415561865,60.408411001916818],[5.4464770076073092,60.408531473443297],[5.4466199213697974,60.408675586501467],[5.4466321007814082,60.40874011897241],[5.4466511525808254,60.408785808314803],[5.4466737113396686,60.408843481868182],[5.4466687933024831,60.408888531009978],[5.446689138575092,60.408922373328174],[5.4466780016069105,60.408936339146962],[5.446671646779027,60.408950441675287],[5.4466647753870996,60.408969275841685],[5.4466579211264392,60.408988119452943],[5.446639911724934,60.409020928394881],[5.4466269618301757,60.409051499749673],[5.4466223029488177,60.409094174107253],[5.4466080586460812,60.409136601439023],[5.4465872020802424,60.4091954881494],[5.4466234932012254,60.409303472383016],[5.4466443671293305,60.409368758339809],[5.4466637919165608,60.409418690775951],[5.4466951663563119,60.409571715167047],[5.4466916840279618,60.409647719877036],[5.4466871484600272,60.409733205301045],[5.4466924748734797,60.409816572410399],[5.4467059491404415,60.40986924889134],[5.4467116507011113,60.409905072810886],[5.4467279911322439,60.409931663034577],[5.4467256616762487,60.40995300021293],[5.4467269130563754,60.409955019885714],[5.4467542989411948,60.409998945521465],[5.446761695730264,60.410063350229059],[5.4467854150092245,60.410154344669323],[5.4468117221226722,60.410221636107046],[5.4468500871247736,60.410310639959931],[5.4468288591740768,60.410341799141911],[5.4467928263531711,60.410394717280333],[5.44678647896058,60.410496799279969],[5.4468026839272232,60.410568575340172],[5.4468705978595144,60.410651241179565],[5.4468825727860217,60.410662561756915],[5.4469533979560918,60.410729550094644],[5.4469841072798602,60.410756523996213],[5.4470087208345195,60.410795225649551],[5.4470509688925945,60.410848670465583],[5.4470859614451435,60.410880522128522],[5.4471274339596487,60.410941073342038],[5.4471467876082835,60.410992837232826],[5.447153484095856,60.411010730536944],[5.4474297636043572,60.411334910387289],[5.4475442543638541,60.411502493645401],[5.4476875282582116,60.411712223987287],[5.4477001126303737,60.41181719313289],[5.4477018186815593,60.411933753388624],[5.4477111283754143,60.412003961099316],[5.4477176344031442,60.412053072055755],[5.4477245250623261,60.412210205752075],[5.4477434738876527,60.412389060752268],[5.4476761732884613,60.412917547810331],[5.4476612753100557,60.413009910638095],[5.4476564825184157,60.413039666306382],[5.4476463811508822,60.413102237616656],[5.4476454015785443,60.413108547691522],[5.4476145368016118,60.41330589029959],[5.4474494998615528,60.413584457191639],[5.4473417539899271,60.413795169682466],[5.4472599765090406,60.413955112730505],[5.4471707105391438,60.414112060654929],[5.4470434696881815,60.414132435151721],[5.4469610506482757,60.41418255091304],[5.4469115882918828,60.414459458003826],[5.4467851355066275,60.414648693638533],[5.4466859037080058,60.414852928358769],[5.4465287416825037,60.415103169143229],[5.4463538402344414,60.415383853226444],[5.4462744114211814,60.415538681694755],[5.4461996434962856,60.415650826849557],[5.4461519756628203,60.415735160260809],[5.4460936675366094,60.415828718311623],[5.4460695744924692,60.415873255293477],[5.4454235793087511,60.415844109322826],[5.445413992919284,60.415843853233369],[5.4451658312463627,60.415870522574536],[5.4443361048841137,60.416378637914015],[5.4440149905597268,60.41676479998479],[5.4447005260809034,60.41691627823144],[5.4456518197185151,60.417125721481071],[5.4458815923235004,60.417176302325217],[5.4459816936509808,60.417198344153441],[5.4458674093840047,60.41730614430351],[5.445798331943621,60.417371301534565],[5.4454080332470616,60.4177394682143],[5.4453586132131182,60.417804188681941],[5.445355069770156,60.417808839459489],[5.4448973383084196,60.418408296009041],[5.4445164753480766,60.418945049688631],[5.4437837336540031,60.419928976898724],[5.4435300615492608,60.420241202441204],[5.4435114324908769,60.420264126179887],[5.4431297533884404,60.420632023218332],[5.4428846566640656,60.420806194100258],[5.4427884944967033,60.42087289087732],[5.4424423128968087,60.421113014991349],[5.4423195605317156,60.421223875588034],[5.4421907190401875,60.421434452245464],[5.4420692661486259,60.421709424616502],[5.4417753085062701,60.422180935623501],[5.4417717831100632,60.422186575437898],[5.4413417021362154,60.422644739363399],[5.4411745396053854,60.422822806991228],[5.4409987320107058,60.423010089192445],[5.4409292467387642,60.423083088496817],[5.4406607322257976,60.423365163576527],[5.4405120854596936,60.423521310668981],[5.4401472271841094,60.423904596594554],[5.440094930909086,60.423959531898753],[5.4399987591504431,60.424060559236501],[5.439487877738074,60.424553396692886],[5.4389419330947435,60.425075097097583],[5.4387035440364651,60.425302880918707],[5.4383253680147252,60.425725549302086],[5.4381456141006357,60.425984758222512],[5.4380302142594985,60.426151184755653],[5.4376227373764605,60.426738780550814],[5.4372239228208299,60.427129985536766],[5.4367686663495478,60.427728936696383],[5.4366145301411377,60.428136442113157],[5.4363803904597958,60.428374860659346],[5.4358894711490553,60.428903892596779],[5.4351620139930583,60.429571647848697],[5.4347578744102751,60.429965543969118],[5.4347203352424209,60.430002124607299],[5.4344108197886269,60.430236382024141],[5.4343265661812374,60.430215107168209],[5.4342426369698762,60.430185734122823],[5.4342014688168163,60.43017132955714],[5.4336665487370626,60.430223578028105],[5.4334426199047501,60.430291294227665],[5.4332262180587092,60.430378238553722],[5.4328168444408984,60.430645488386254],[5.4325166393123991,60.430882372981088],[5.432364296895658,60.43091157985819],[5.4318706725163048,60.431069562142696],[5.4312796217480512,60.431369990801358],[5.4308182609767037,60.431540725060849],[5.4306932829123369,60.431539755429988],[5.4306739676057365,60.431542446052383],[5.4304999988607072,60.431566693968129],[5.430492963385678,60.431567673686196],[5.4302213250793088,60.431631723566298],[5.4302091751931902,60.431635397207025],[5.429997397613052,60.431699434300882],[5.4298281554380736,60.431773365932962],[5.4296537555873421,60.431849549725747],[5.4290691558985689,60.432178668964951],[5.4290581022908233,60.432235443900709],[5.429301151257925,60.432344216481859],[5.4292883504397125,60.432548386684921],[5.4292526901172762,60.432566447888547],[5.4290740249556553,60.432570975025769],[5.4287902047605439,60.432615866272897],[5.4286786758494552,60.43266757269101],[5.4286102723882275,60.432808416103093],[5.4285173058439895,60.432822566791749],[5.4284607818222872,60.432811541226023],[5.4284728790575407,60.432745276415154],[5.4284120712211479,60.432729381422085],[5.4282621775205637,60.432780049092912],[5.4272578544145524,60.432812548935921],[5.4266125045511027,60.432949794974796],[5.4266411355664204,60.433091687620006],[5.4266467660242883,60.433119547686324],[5.4265061513219131,60.433121812426641],[5.426425051142818,60.433123113353901],[5.4264087531166165,60.433124976633387],[5.426239896394546,60.433144296384675],[5.4261179551892837,60.433268179628378],[5.4261099107302835,60.433276349114863],[5.4258656401553935,60.433358381602773],[5.4256902673375347,60.433417278097252],[5.4252493001006945,60.433664631158358],[5.4250966772424318,60.433696204257856],[5.4248917951995788,60.433721619127347],[5.4245376988945075,60.433966548718274],[5.4244865386481269,60.43408169945728],[5.4244697620516886,60.434101138498256],[5.4243762465150871,60.434209525200892],[5.4241496815700234,60.434300937115154],[5.4237209472863102,60.434436852593294],[5.42359433594671,60.434538085223622],[5.423580442941681,60.434574947825851],[5.4235739413807424,60.434592227179202],[5.4237655113758718,60.434687736051842],[5.4237652501770581,60.434690110764102],[5.4237255792915269,60.434700935617755],[5.4233296354359064,60.434844867125527],[5.4229014936534039,60.435237618550474],[5.4227685099731406,60.435188288669139],[5.4215192411182285,60.434724866061693],[5.4213635219013518,60.434915676241843],[5.4213799216716465,60.435203857428355],[5.4211012310810158,60.435462696487598],[5.4212098453289412,60.435525070096951],[5.4210037513705451,60.435605136644725],[5.4207848689341471,60.435765181869883],[5.4201881279053739,60.435984558403234],[5.4199942315515131,60.436041170113164],[5.4195955208492359,60.436035201052],[5.4194755061059352,60.436119953353035],[5.4195069982472601,60.436139827339808],[5.4194368065093359,60.43620928353139],[5.4192391758154397,60.4363068764305],[5.4190339090103583,60.436408236192811],[5.4187349644573573,60.436639841512402],[5.4186803699337824,60.436655017923847],[5.4187154476728665,60.436729678613908],[5.418568653873888,60.436751892444477],[5.418332255714903,60.436757422794692],[5.4181484614138515,60.436845742685698],[5.4180058818432597,60.436924610842276],[5.4179617471448918,60.436975740560086],[5.417879953893979,60.437106701146675],[5.4177857483964091,60.437175510366124],[5.4175964873985265,60.437277424628043],[5.417406161301904,60.43738882793955],[5.4172947850443691,60.43752612828478],[5.4172322475277932,60.437569626281558],[5.4172134257432596,60.437609546340674],[5.4173299621029596,60.437643600412748],[5.4172660095802607,60.437692345107372],[5.4174324587776841,60.437753896584141],[5.4173124102241488,60.438188213411657],[5.4172903768559975,60.438344572439242],[5.4173038135878899,60.438397251399977],[5.4174609353611878,60.438456170003775],[5.4174479454468081,60.438486738068704],[5.4170802859834364,60.438678967322225],[5.4170125191269296,60.438769887367606],[5.4170921800488037,60.438876666096789],[5.4171896035589082,60.438957768647455],[5.4171772537039873,60.439021635331564],[5.4174801375539889,60.439067831555164],[5.4175864802354177,60.43906355710601],[5.4176964805975034,60.439026090608984],[5.4178927207567273,60.438817356454457],[5.4181901477552499,60.438563781817628],[5.4183214214314219,60.438507860302437],[5.4188759498071102,60.438382804725848],[5.4189254108423883,60.438398075167953],[5.4189829143410257,60.438487611434475],[5.4190578466139616,60.438506272295839],[5.4197651961859981,60.438375482326073],[5.4198460680698481,60.438260610800405],[5.4201580886662226,60.438339249551007],[5.420300225068674,60.438375076844345],[5.4202501516980055,60.438428950609833],[5.4200664453677705,60.438415687890654],[5.4199875743837564,60.438409998748796],[5.4198063203219844,60.438526403905591],[5.4197826956157593,60.438566195107015],[5.4198473580353959,60.438634514839109],[5.4198475003871733,60.43863817665153],[5.4198499005117533,60.438698791171639],[5.4198488563771416,60.43870827205204],[5.4197971174383559,60.438735641157066],[5.4196649021220891,60.438805577523112],[5.4193925538957561,60.438831551793825],[5.4193225132566596,60.438855822035954],[5.4191118834635796,60.439064171069525],[5.4189738386855648,60.439156455141763],[5.4187819041333283,60.43917657431453],[5.4186077429042223,60.439336156874383],[5.4185884234883712,60.439353855160526],[5.4184465219771045,60.439381575318848],[5.4182773778807967,60.439431714640861],[5.4182021099139845,60.43950340650985],[5.4181505717506777,60.439578118552738],[5.4181036328288377,60.439567346639279],[5.4179784554823964,60.439496265306211],[5.4179541664980002,60.439482471758502],[5.4178900014389173,60.439541537924995],[5.4178738485485551,60.439556409310995],[5.4177517927302947,60.440052498752351],[5.417474570663849,60.440166318628009],[5.4171995389545211,60.440303978330768],[5.4167991319259245,60.440400209131226],[5.4167814184699452,60.440473449392869],[5.4168493218990026,60.440686919155887],[5.416862992908845,60.44086205272724],[5.4168712728771027,60.440968114606981],[5.4167815988288766,60.441039418046984],[5.4163147187359959,60.441345500567216],[5.4158850948351756,60.441619294194879],[5.4153716106795828,60.441945365940576],[5.4151450542919788,60.442089234305186],[5.4147521355954078,60.442335486016539],[5.4144931241388914,60.442502099024971],[5.4144620112392481,60.44251998247276],[5.4143374063009846,60.442591583968856],[5.414133425280462,60.442708808075565],[5.41453404546687,60.442893941332393],[5.4147836931491469,60.443009307725212],[5.4147831702525728,60.443014048136078],[5.4139313150468444,60.443450062485056],[5.4137106843947107,60.443354278420948],[5.4134582531761035,60.443244694994284],[5.4130899634171348,60.443456751414551],[5.4130676632952079,60.443469596214278],[5.4133432127993579,60.443597661746708],[5.4133881316048136,60.443618536942985],[5.413291456690235,60.443796657299195],[5.4124017914976248,60.444239301490093],[5.4122169141492202,60.444331287945879],[5.4120012496349235,60.444252630660557],[5.4118930411845252,60.444213170406776],[5.4112324461224119,60.444490881488314],[5.4108936829728851,60.444633300476596],[5.411108744364439,60.444750365780742],[5.4113122589758911,60.444861142641408],[5.4099975641225049,60.445512783490223],[5.4098332903424851,60.445432129053103],[5.4097676673903363,60.445399909097262],[5.4094953596303075,60.445266198447044],[5.4095064363230581,60.44525765324272],[5.4096742210913717,60.445128341761013],[5.4096056425981409,60.444943232754262],[5.4095407538553451,60.444768037792727],[5.4094891289297298,60.444763742535194],[5.4094179288098232,60.444754686122081],[5.4093182065270193,60.444742487684643],[5.4092662136820424,60.444733949198572],[5.4089781971222264,60.444683372561279],[5.4088368623204879,60.444655787848966],[5.4086480438894595,60.444622158640904],[5.408544040843636,60.444605080642326],[5.4084829778074042,60.444591542661279],[5.4083653594875365,60.44456696996528],[5.4082152185934156,60.444532001767676],[5.4081026694332461,60.444505183838729],[5.4079619556084353,60.444471170718856],[5.4079611262622329,60.444471103404517],[5.4076997583706703,60.444789721945121],[5.4077309714763766,60.444804396243505],[5.4079788650428302,60.444920905621245],[5.4075929483076797,60.444972319823812],[5.4073989765214945,60.44502891247712],[5.4069370344136782,60.445201935597751],[5.4066643446994016,60.445361038060867],[5.4060963405206559,60.445840329157477],[5.4059924294473776,60.445808412937247],[5.4059520331425404,60.445796006909333],[5.4058069868028538,60.445932399030127],[5.4057835149105484,60.445927010882272],[5.405472215860688,60.445825862333407],[5.4053554006054219,60.445794172432628],[5.4055938985288146,60.445596104287837],[5.4060048761005213,60.445365716248943],[5.4060567278160274,60.445327992298544],[5.4061834363734986,60.445226777316208],[5.4061285096381946,60.445070723525212],[5.4059818657185943,60.444916948380943],[5.4061189531707781,60.444808886377203],[5.4061540289816694,60.444752761045557],[5.4061244777168644,60.44462831002437],[5.4060785162635412,60.444611134085093],[5.4056853873385542,60.44446425821225],[5.4055834835018457,60.444428216469447],[5.4052843073528161,60.444391602933301],[5.4050438510744137,60.44438986488656],[5.4049815455270078,60.444430991137736],[5.404780601108623,60.444463610144219],[5.4045623286959259,60.444348325880433],[5.4044419138502819,60.444392637121709],[5.4044073519736529,60.444387695187324],[5.4043187251349254,60.444375037627616],[5.4042600160251029,60.444459446825789],[5.4041274811530906,60.444649957757356],[5.4039118318283466,60.444920506533734],[5.4035003753053852,60.445159081166786],[5.4030164497233812,60.44526967047679],[5.4029407892475394,60.445300917007202],[5.4026794607411288,60.445481107305362],[5.4026582867381272,60.445504927973836],[5.4026009633922625,60.445500997371568],[5.4022385375478867,60.445426995689665],[5.40195770039651,60.445493007253681],[5.4017394330957709,60.445544306616867],[5.4015828833348056,60.445384048027428],[5.4016773242036882,60.445117147372777],[5.4017126792511156,60.444945861426966],[5.4016503213184262,60.444887517227251],[5.4016436293762995,60.444881251647232],[5.4014737182812924,60.444826417709578],[5.4014229412540526,60.44481003570403],[5.4010572071988809,60.444810189125185],[5.4008541542492807,60.444854887791791],[5.4002439574179268,60.444970403171276],[5.3999986145947938,60.445016842216575],[5.3999366156833997,60.444975646547974],[5.3999942018695055,60.444914460038781],[5.3999586569260938,60.444850404756203],[5.3999017925541208,60.444747916482008],[5.3998700569906566,60.444705310133884],[5.3998162982553035,60.444686294341835],[5.3996570878073831,60.444702067701932],[5.3996386662076983,60.444715806170599],[5.3995629539743453,60.444772296073808],[5.3993409997261921,60.445125175416337],[5.3992136940998741,60.445219600324968],[5.3992991199568676,60.445387582314879],[5.3992911486133002,60.445437527501063],[5.3988430433304515,60.445652672808265],[5.3982680276138169,60.445869111148177],[5.3982851152708102,60.44599003660597],[5.3982069183003007,60.446007999904211],[5.398130889400532,60.445960770530284],[5.3976501861571835,60.446035602744537],[5.3970815193228443,60.44606779662778],[5.3964211024106534,60.446125313052548],[5.3959780721752013,60.446181080264189],[5.3954871569875813,60.446210455737223],[5.3954043563543426,60.446243661918565],[5.39502994992836,60.446393831226203],[5.3947134439731377,60.4465750114339],[5.3940667711846766,60.446879711562779],[5.3939722281846034,60.446907224183576],[5.3938047911287343,60.446944868983906],[5.3937031747707014,60.446906444070656],[5.3935663697991183,60.446881338557525],[5.3934887849987181,60.446886364327227],[5.3930641590980173,60.447112669905806],[5.3931138534457999,60.447185352348306],[5.3933085629638109,60.447252454018965],[5.3933179641070126,60.447297899357245],[5.3931569617394723,60.447412114031081],[5.3930305966175389,60.447501750501708],[5.39276451317407,60.447661661126894],[5.3925644019425354,60.447755464839702],[5.392501037415685,60.447815593125625],[5.3924352726618539,60.447878002169176],[5.3925193481673181,60.447944489050172],[5.3931527018033343,60.448153168862127],[5.3917955911015234,60.448670479195115],[5.3917435899217097,60.448948393146587],[5.3916949795044857,60.449256220528518],[5.3916303285753351,60.449361477359247],[5.3916534588864922,60.449500031120685],[5.3916799441516057,60.449564957776751],[5.391711237264488,60.449733554278168],[5.3918303505237937,60.449759638106869],[5.3918475262795686,60.449763402066637],[5.3920171463493638,60.449796534654055],[5.3921390718093489,60.449824168399829],[5.3921721002717655,60.449831651397936],[5.3922748401464196,60.449852977017954],[5.3923038457994226,60.449859002813319],[5.3923122981817349,60.449860876596823],[5.3923649297887701,60.44987254872219],[5.3926385630179299,60.449922762262133],[5.3927937818556906,60.449955503667425],[5.3930807659898843,60.450015596043478],[5.3931646497956711,60.450032239824822],[5.3932336866459201,60.450045937835682],[5.3933445239264479,60.45006792234571],[5.3935246895521072,60.450109014178963],[5.393136562238448,60.450285267536884],[5.3930392281341879,60.450329466327645],[5.3929069538301588,60.450306855911087],[5.3928053788415502,60.45031124052548],[5.392734749409577,60.450340236160777],[5.392639403526303,60.450417159202814],[5.3925413148965866,60.450434877110688],[5.3924900957736801,60.45041096600081],[5.3924818278271829,60.450407101935809],[5.392554763908521,60.450140360600649],[5.3924734338784779,60.450135784344482],[5.3922346790204418,60.450214681650841],[5.3915489307793596,60.450441277935056],[5.3914517345641952,60.450536143633876],[5.3915026182630248,60.450684958641332],[5.3913429026574597,60.45069252107416],[5.3914353973570872,60.450856736462974],[5.3914218512223266,60.450892041969269],[5.3909967938570329,60.450861494690564],[5.390923513143834,60.451087798899209],[5.3910696206272224,60.451108251615842],[5.3911131217927348,60.451114337980478],[5.3911075918552234,60.451164124381393],[5.3909311848780721,60.451235442906309],[5.3908382650621958,60.45133517868841],[5.3910478569399105,60.451355132145004],[5.3910462773423511,60.45136935298914],[5.391121240586159,60.451388030150078],[5.3915762148973894,60.451452678476898],[5.3919054943165587,60.451435446801248],[5.3919488734800991,60.451565031026242],[5.3917519608462445,60.451845237887319],[5.3916796860177802,60.452038099097898],[5.391612823329484,60.45207671438115],[5.3915717590102492,60.452088157553014],[5.3914339747983631,60.452126567501999],[5.3912791756601619,60.452219872109431],[5.3911113100357841,60.452469623756322],[5.3906544418034308,60.452816465691747],[5.3901876989203554,60.452727713747819],[5.39011864097154,60.452742496054839],[5.3897511636593824,60.453103505524766],[5.3894253149471707,60.453306315810543],[5.3888605654493018,60.453319538055119],[5.3885320743166645,60.453546047423373],[5.3885269117258465,60.453679079971344],[5.3885836297100767,60.453818545323735],[5.3889146403581494,60.453927907052744],[5.3891963025778349,60.453937414324926],[5.389061953541864,60.45397658025378],[5.3886968952363938,60.454185453081237],[5.388182955947145,60.454242841699532],[5.3881314016958886,60.454248597676269],[5.3880945025496061,60.454294063880496],[5.3880577403892245,60.454321603082761],[5.3880331403333388,60.454333042423151],[5.3879562155302052,60.454368785617909],[5.3878785292034932,60.454401065777553],[5.3874965922080671,60.454545277643874],[5.3874917845447454,60.454545147220117],[5.3873700381926177,60.45460086745237],[5.3868982718002165,60.454816781266516],[5.3867231966964528,60.454919048998875],[5.3866094767338524,60.455032481524761],[5.3850563700293472,60.455500488067358],[5.3849740510401496,60.455525288820226],[5.3839349671403376,60.456149864127767],[5.3832555040692265,60.456661065934775],[5.3822285356600892,60.457439290918252],[5.3816136851448153,60.457835578180905],[5.3808741854653102,60.458282726160583],[5.3807318721505588,60.458368773108468],[5.3803282665076591,60.458635501601435],[5.3801644769987336,60.458743739512151],[5.3799591926186281,60.458879403745769],[5.3797368224866249,60.458960810873485],[5.3795138954497812,60.459070388450662],[5.3794962774316355,60.45907905014699],[5.3793974624103296,60.459127630509634],[5.379018820187552,60.459313747794482],[5.3789362420196083,60.459341557943866],[5.378818453770867,60.45938122735479],[5.3787726169204619,60.459396662484906],[5.3786128427517355,60.459432403828458],[5.3782605236846548,60.459488308584021],[5.3782361779580947,60.459492176386064],[5.3781993068400231,60.459493142007503],[5.3781608471391369,60.459494154294774],[5.3779776779120922,60.459498951546891],[5.3779107808809439,60.45950070030775],[5.3778585218312198,60.459502074203151],[5.377814550436069,60.459503224095329],[5.3777867874643404,60.459503951984175],[5.3777518341912032,60.459487883699175],[5.3777220926670646,60.459474204127346],[5.3775865064575941,60.459411852389891],[5.3774925900509514,60.459368663640738],[5.3774894224936407,60.459367202335713],[5.3774660163002856,60.45935644531837],[5.3774387830465074,60.459334475183248],[5.3774213874890906,60.459320412334705],[5.3773928095119272,60.459297282126251],[5.3773820255744784,60.459288558158619],[5.3773806755444138,60.459274554278402],[5.3773794394651615,60.459261650018504],[5.3773726073653796,60.459190244254557],[5.3773632955818211,60.459185128516154],[5.377296967458733,60.45914865801209],[5.3772489715054972,60.459122258247646],[5.3771873669899266,60.459101528119618],[5.3771852444713311,60.459100814265149],[5.3771818060944039,60.459099660160476],[5.3771528632154588,60.45908992088966],[5.3771303927706953,60.459082361983207],[5.3770874726130451,60.459083881762098],[5.3770702061691873,60.459084490588594],[5.3770387788257468,60.459085603974067],[5.3769939042107833,60.459087187395411],[5.3769380365433825,60.459070828531559],[5.3769336475182898,60.459069549691044],[5.3769190365811212,60.459065278421214],[5.3767916490190384,60.45902800034083],[5.376785639698956,60.459026237006888],[5.3767792421978431,60.45902436424501],[5.3767752073584081,60.459025620628815],[5.3767167464373085,60.459043767481937],[5.3766991196708416,60.459049237886759],[5.3766988130014584,60.459047908325111],[5.3766925097148128,60.459020719269247],[5.3766778789628562,60.458957567841594],[5.3766730786028925,60.458936810056002],[5.3767232357581216,60.458844799619108],[5.3767616295193719,60.458774381571928],[5.3767611715050441,60.45876967743849],[5.3767475747116666,60.458631181800754],[5.3767345126939672,60.45855543609914],[5.3767253588274437,60.458502410226693],[5.3767238148055529,60.458496184557831],[5.3767171934467273,60.458469400288777],[5.3767166915867275,60.458467373349762],[5.3767030380664815,60.458412103911705],[5.3767053198803483,60.458408615781714],[5.3767199187399992,60.458386399474279],[5.3767519890456263,60.458337587022363],[5.3767528013119597,60.458336341830844],[5.3767301074555647,60.458267326640062],[5.3767057170347377,60.458239951066162],[5.3766743542472737,60.458204764063851],[5.3766642780442861,60.458193452797808],[5.3766603374121225,60.458188644921179],[5.3765939623389061,60.458107592851462],[5.376495219071793,60.458007387675096],[5.3764299932114161,60.457937574663944],[5.3764105161163647,60.457916732086908],[5.3762746393775513,60.457846623378451],[5.3761509108766878,60.457782795074742],[5.3760250500155049,60.457717857036762],[5.3760189372235807,60.45771506622836],[5.3759573041911448,60.457686955636355],[5.3758123755657676,60.457620842366758],[5.3757959068307875,60.457613329700401],[5.3757775847203941,60.457604975658882],[5.3757528381687907,60.457594667172749],[5.3756491048908579,60.457551452479834],[5.3755582926226282,60.457513622581637],[5.3755097120495376,60.457510925233983],[5.3754359556725211,60.457506823619902],[5.3754190273170419,60.457505877527055],[5.3754182919945537,60.457505291276568],[5.3752582770621773,60.457379177063231],[5.3751874055880808,60.457319545769842],[5.3751313548642967,60.457285618756728],[5.3750861283279159,60.457258250912481],[5.3750211971119235,60.457218941047671],[5.3749072081362304,60.457149417640622],[5.3749018471409062,60.457149676160689],[5.3748062069485423,60.457154307895095],[5.3747962529749165,60.457154791906895],[5.3747289920726091,60.457158048030699],[5.3746821214651819,60.457126500853356],[5.3746294599804489,60.457091075022063],[5.3746283679664035,60.457089445448865],[5.3746279935330357,60.457088886994086],[5.3746266976593349,60.457086964258565],[5.3745873319427018,60.457028450961559],[5.3745456239227529,60.456966467471453],[5.3745354003001511,60.456951269239816],[5.3745269105506166,60.456938634820673],[5.3745204276421985,60.456877529412189],[5.3745199336831844,60.456872824285135],[5.3745188412013363,60.456862557334652],[5.3745176659085843,60.456861347923926],[5.3744398736369838,60.456781080313199],[5.3744167340579576,60.456757198652717],[5.3744095380624772,60.456749767484979],[5.3744024076416368,60.456742401017344],[5.3743917180874679,60.456731378444154],[5.374386992686385,60.4567252908193],[5.374235073213649,60.45652932601427],[5.3741878278580044,60.456468378021448],[5.3741810995761528,60.456459692280689],[5.3741799354282698,60.456459687547579],[5.3741286856382109,60.45645939764686],[5.3740898020446961,60.456459183786606],[5.3740893585003411,60.456457940368281],[5.3740801756336074,60.456432443341988],[5.3740626363181763,60.456383664834682],[5.3740624423309002,60.456383120279092],[5.3740572495771595,60.456384318084851],[5.3740396145827605,60.456388403760634],[5.374013275941449,60.456394490430647],[5.3739750190436082,60.456403335421228],[5.3739537602817347,60.456408257155303],[5.3739320540809521,60.456413274557342],[5.3739262830312118,60.456419489832527],[5.3739218140231282,60.456424311486067],[5.3739187114891829,60.456427651393653],[5.3739117793935725,60.45643513829836],[5.3738925398587032,60.456455879773031],[5.3738587457424192,60.456450339789548],[5.3737799509926569,60.456437435683448],[5.3737728028628418,60.456436261355613],[5.3736930809785806,60.456453180752156],[5.3736752984844021,60.456456956776165],[5.3736335459793256,60.456465814336504],[5.3736087738118528,60.456471071760575],[5.3736061071251555,60.456473767414003],[5.3735624228902461,60.456517858829443],[5.373510534990336,60.456570229377114],[5.3732159984154961,60.456628089393313],[5.3730443591194916,60.45662526625776],[5.3729996551793224,60.456624534043961],[5.3728359112655442,60.456640476704855],[5.3727281009330881,60.456651597255835],[5.3725860119333495,60.456666241995713],[5.3725280017637935,60.456672220649175],[5.3724513042313307,60.456680134938004],[5.3724004738624886,60.456685374375063],[5.3723973808046672,60.456685694573466],[5.3723795404326964,60.456688030788392],[5.3723105775413202,60.456697081449676],[5.3721782054015073,60.45669641442538],[5.3721322086232925,60.456696176987947],[5.3721041983230853,60.456696043060774],[5.3720254286191365,60.456705563417287],[5.3719423564848059,60.456715640604813],[5.3719351616080049,60.456716514146848],[5.3719269428699139,60.456712542277316],[5.3718162013129289,60.456658986166339],[5.3717730306083773,60.456639312857867],[5.3717293739722445,60.456619428560884],[5.3717161090120644,60.45661338678908],[5.3716992274919031,60.45660844187038],[5.371646078727756,60.456592891740911],[5.3716253551680468,60.456586826496974],[5.3716247833348145,60.456585103214266],[5.3716233537520086,60.456580795007497],[5.3716072704981315,60.456532046795381],[5.3715012035774743,60.456537659329619],[5.3714958215153503,60.456537944100837],[5.3714436114794344,60.456540709855709],[5.371420717329527,60.456529965649906],[5.3713721946245778,60.456507216313199],[5.3714287932016802,60.456450175351947],[5.3714753445119863,60.456403250624469],[5.3714786367362652,60.456401147281156],[5.3715972210894671,60.45632550052725],[5.3716026952830056,60.456307772736302],[5.3716159761070701,60.456264794912506],[5.3716177405249717,60.456259099715119],[5.371592602814669,60.456183887066764],[5.3715907358121981,60.456178281670006],[5.3715933713562594,60.456149798901322],[5.3715960108983714,60.456121280289913],[5.37159689241264,60.456111759151682],[5.3715942049268284,60.456112521800755],[5.371563645981035,60.456121198359185],[5.3715574255593008,60.456122961268989],[5.371525964716831,60.456131891869894],[5.3715163232130365,60.456134631122374],[5.3715145748871969,60.456135131746855],[5.3715085040917145,60.456134903416036],[5.3712217193908511,60.456124185769973],[5.371225453416848,60.456116009658025],[5.3712520665067407,60.456057783167481],[5.3712657470631209,60.456046417749874],[5.3712852263679816,60.456030222054984],[5.3712978240999458,60.456019752882582],[5.3713358368344295,60.455988171583172],[5.3713401307433566,60.455984594558203],[5.3713443568407895,60.455983253674425],[5.3713952876940478,60.455967168990874],[5.371480476632474,60.455940243601347],[5.371644676586711,60.455905530360873],[5.3717375199511475,60.45584509973628],[5.3717522579204617,60.455835506737508],[5.3717568102722941,60.455832547919449],[5.3717801810864465,60.455832178034655],[5.3718093190949334,60.455831821470454],[5.3718914114801333,60.455830822461152],[5.3719547542467367,60.455788327729714],[5.3720140225661313,60.455746629744496],[5.3720183470354668,60.455743592806428],[5.372079003097463,60.455719611811382],[5.3722226266318192,60.455662838243661],[5.372285071838915,60.455638150917252],[5.3723199725363076,60.455621224744483],[5.3723479849548026,60.455607643160661],[5.372352987169922,60.455605217877199],[5.3724114271851393,60.45554485625464],[5.372413793737536,60.45554240410975],[5.3724389920273499,60.455516378493712],[5.3724600765038462,60.455494599942263],[5.3724856654512143,60.455468171517033],[5.3724547346856451,60.455411253408911],[5.3724451323849589,60.455393600239539],[5.3724136748457294,60.455335697075384],[5.3724017348383786,60.455313719953345],[5.3723886027626619,60.455289544271302],[5.3724851051719087,60.455160302606473],[5.3724874590258356,60.455157149058479],[5.3724840232649882,60.455153532207071],[5.3724422262597891,60.455109512322935],[5.372415002530146,60.455080836306159],[5.3723703570473145,60.455033808742101],[5.3723606207768251,60.455023548958287],[5.3722720341713019,60.45493378221299],[5.3722664591358518,60.454928138724348],[5.3722638905991671,60.454916267631965],[5.3722536196018051,60.454868918165936],[5.3722352890696738,60.454784399856834],[5.3722324757923774,60.45477146152308],[5.3722313762370444,60.454766479232347],[5.3722352304815297,60.454759178200518],[5.3722618701005986,60.454708834669908],[5.372287888720308,60.454659651633001],[5.3723065691611103,60.45462436171519],[5.3722532427651171,60.454577349265399],[5.3722059810486531,60.454535670059272],[5.3721992216096019,60.454529715673871],[5.3721791762784807,60.454512047608638],[5.3721655761941491,60.454469254179834],[5.3721616507968992,60.454455683355178],[5.3721566520531203,60.454438362295477],[5.3721576666119804,60.454425366461265],[5.3721632756678765,60.45435297789021],[5.3720710166384995,60.454254239847444],[5.3720693916016211,60.454252496859738],[5.3720243668402761,60.454204317348356],[5.3720013501593264,60.454179692547626],[5.371989353622709,60.454166863521742],[5.3720006366082576,60.454143065364612],[5.3720266939028356,60.454088158134773],[5.3720293887277082,60.454082928690681],[5.3720293721997958,60.454082424917644],[5.372029407836691,60.454081616977007],[5.3719504909606108,60.454085668517592],[5.371947979548799,60.454085833778223],[5.3719358274791595,60.45408645540504],[5.3720255367898568,60.454051428988116],[5.3721522694255297,60.454001960977777],[5.372071068264721,60.453823765495905],[5.3721187215058244,60.453741835783397],[5.3721734996532726,60.453553081175272],[5.3721625133261277,60.453479063056058],[5.3721746260416907,60.453284391449834],[5.3721217272918489,60.453154540026809],[5.3722993099839949,60.453159378121633],[5.3723863114835879,60.453242603513338],[5.3723930392930566,60.453311742004608],[5.3724477248351041,60.453339395566502],[5.3725549132991119,60.453328042790616],[5.372657491318316,60.45322858174935],[5.3726881090803102,60.453169969803362],[5.3727990893265032,60.452909027196803],[5.3728361591997631,60.452851292036655],[5.373049680230948,60.452518713587381],[5.3730617647316317,60.452483648388373],[5.3731422375587767,60.452250141556178],[5.3731569466233884,60.451988958295928],[5.3729489076522947,60.451911945649329],[5.3732985349033262,60.451669394113814],[5.3740418810757236,60.451004760591452],[5.3740540961525403,60.450938510876149],[5.3740364471586117,60.45088095710971],[5.3743535192340239,60.450627998409757],[5.3742960464085865,60.450452841189666],[5.3743463345456934,60.450347200621508],[5.3744782774517441,60.450286583787801],[5.3745629985848078,60.450217544689579],[5.3746728941299846,60.449966089562523],[5.3747874038875105,60.449802742510528],[5.3750651322197944,60.449557042959491],[5.3752872256715447,60.44955119822766],[5.3754383365644909,60.449491102340573],[5.375602158824063,60.44931720608043],[5.375728183578004,60.449223135875862],[5.3758323721636847,60.449152253162175],[5.3759975413199248,60.449009311483749],[5.3761983406761917,60.448762702357442],[5.3762837223635076,60.448558133920919],[5.3763242609289001,60.448527923413486],[5.3765188012539387,60.448382913402639],[5.3765801743195647,60.448337172516638],[5.3766354307288173,60.448311694616926],[5.3767198975269794,60.448272747824973],[5.3768555101205902,60.448178937592637],[5.3769732338868055,60.448077656872968],[5.3770097218537023,60.448004787305692],[5.3771064053772299,60.447914672136712],[5.3772173548989723,60.447851944684274],[5.3776326560617429,60.447598443173348],[5.3777194040440612,60.447482369929347],[5.377752459079856,60.447430483385546],[5.3783766967436328,60.447271482074932],[5.3784679679571488,60.447218123030467],[5.3787731679140878,60.447039710091133],[5.3787965191253857,60.447022315519341],[5.3790874163081099,60.446805530148893],[5.3790933678052077,60.446801099201181],[5.3794240530599557,60.446641254877889],[5.3794676976505222,60.446614795022221],[5.3795066587185874,60.446591182780942],[5.3794851616526138,60.446577898343492],[5.3794512731375468,60.446556960807158],[5.3792409487303026,60.44642700179589],[5.3791341438303064,60.446262396304185],[5.37905929478978,60.446070114303431],[5.3792270754443905,60.445903458231804],[5.3792909151545745,60.445762511839938],[5.3794752928806506,60.445662889039447],[5.3797552860868478,60.445223427993781],[5.3798899106607898,60.444965505556745],[5.3799214240832685,60.444768988735945],[5.3798597931183885,60.444717367305259],[5.3797997983478858,60.444694335821659],[5.3796313083836411,60.444694508744384],[5.379575045725387,60.444681087815553],[5.379342547905682,60.444735729933505],[5.3789763258012249,60.444698105224155],[5.378958407487076,60.444642917651208],[5.3790505986198189,60.44455755057102],[5.3792386272982871,60.444383464067833],[5.3792428458894603,60.444379561216579],[5.3792393011539348,60.444377415577037],[5.3791481383500823,60.444322285270012],[5.3790734655587906,60.44431753104724],[5.378545647038818,60.444605185395204],[5.3783162413660417,60.444720218538983],[5.3782133611414871,60.44473644719276],[5.377937945075975,60.444702799805256],[5.37783712965226,60.444657247702196],[5.3778494668836601,60.444460209419162],[5.3779183620968984,60.444317019363801],[5.3781676828987299,60.444109782745862],[5.378384683552131,60.44384696626522],[5.3783532244679595,60.443810788102681],[5.377903140027489,60.443703424790641],[5.377417832180071,60.443825766595715],[5.3772255614923941,60.444039317881256],[5.3770834655129347,60.444018805573052],[5.3762958230021427,60.444694137725072],[5.375624316730768,60.445277499516244],[5.3755288297475978,60.445360509746166],[5.3745209598002512,60.446236729480781],[5.3738118106785802,60.446854740159978],[5.372939253067794,60.446866636564586],[5.3725546762505809,60.447034515326301],[5.3724045233124338,60.447193644755899],[5.3721420570983192,60.447453703905587],[5.3720069877855936,60.447585570169686],[5.3719331380293696,60.447902215251659],[5.3716115979955088,60.448238274420497],[5.3715432192365142,60.448419521738103],[5.3716686944263916,60.448632206686327],[5.3717898697172481,60.448797219269458],[5.3717403282109633,60.448852942502974],[5.371562421211439,60.448764866311983],[5.3713200193764452,60.448694050600025],[5.3710893545259131,60.448647336345324],[5.3709456763437124,60.448683847936373],[5.3706581351813085,60.448844848357965],[5.3704796004837716,60.448977910273726],[5.3701096532974777,60.449143799631138],[5.3698109445144375,60.449274402351804],[5.369669354561319,60.449336315515453],[5.369461527678185,60.449446188600575],[5.3694084302048068,60.449474257121317],[5.3693149780856402,60.449664338075522],[5.3687288254857659,60.44986951050258],[5.3680698393709072,60.45003702071886],[5.3680229388699088,60.450069041679384],[5.3680891041657617,60.450123156235875],[5.3676703414774778,60.450122797148616],[5.3674585229823677,60.450122609042687],[5.3671711462640426,60.45019561507435],[5.3671670990899711,60.450533190325068],[5.3672764530419039,60.450588492616369],[5.3672028844837341,60.450600758278128],[5.3672301880185165,60.450786987191648],[5.3671054661684403,60.451209711277308],[5.3670596678473359,60.451364959625579],[5.3669086536817403,60.451639078759307],[5.3668458091726947,60.451770529273936],[5.3668616778842715,60.451932736089368],[5.3668446573729298,60.452039219113054],[5.3666714436791674,60.452210467609135],[5.3665339288890648,60.45232086203481],[5.3662011001989525,60.452670874646699],[5.3661963110664592,60.452670743952595],[5.3661251230099589,60.452704465365805],[5.3660173598712548,60.452808795478532],[5.36585517247625,60.452965819465398],[5.3657437400292531,60.453015096982575],[5.3653674296905303,60.452893060777228],[5.3652887832407705,60.452907559699405],[5.3645613205886526,60.45329910577788],[5.364378990652833,60.453422538520002],[5.3644531465429237,60.453448345281373],[5.36437856785866,60.453598510956397],[5.3642619532099527,60.453871607467413],[5.3642350268969423,60.453934650745559],[5.3641975834551978,60.454006304927113],[5.3641002389535837,60.454192555660121],[5.3640349889254999,60.454345348727031],[5.3639710395351612,60.454491067819532],[5.3639380414027213,60.454566240772145],[5.3639221747579526,60.454595656495016],[5.3638634288967957,60.454704469317186],[5.3638469489207612,60.454734973803042],[5.3638299238448939,60.45478059011856],[5.3638069670536632,60.454842132884735],[5.3638056667945309,60.454845620654716],[5.3636905023920338,60.455091693695636],[5.3636679526067024,60.455129600267604],[5.3635873060916142,60.455329024647611],[5.3635747464803476,60.455360103538723],[5.3635153603950778,60.455503547305916],[5.3634757519411256,60.455609952540094],[5.363467163951281,60.455633023765564],[5.3634568635865243,60.455658061528567],[5.363388524182338,60.455824090142919],[5.3633877984300717,60.455825858925152],[5.3637774907359503,60.456000584452624],[5.3638620052090404,60.456035833005934],[5.3641412913284761,60.456164742058519],[5.3641460991070415,60.456164873326244],[5.3641595348517503,60.456171001436751],[5.3642514549625346,60.456212932230464],[5.3643800175281546,60.456268761049387],[5.3644669754113172,60.45630918105266],[5.364554216402329,60.45634723590689],[5.364654499894594,60.456397537798281],[5.3647918843347879,60.456460734459185],[5.3648002894166993,60.456476692799328],[5.3648236592149843,60.456521057081432],[5.3648197263953614,60.456526441355813],[5.3647724830416008,60.456591006349278],[5.3646682643547114,60.456661880422566],[5.3644539385426491,60.456812976834541],[5.3644488649025197,60.456815220126423],[5.3643438303243141,60.456893208123411],[5.3642433383585688,60.456973692885818],[5.3640863335080695,60.457085934949113],[5.3639087879589571,60.457209498060422],[5.3637493612246381,60.457300273339101],[5.3637490964072407,60.457302638925853],[5.3635845959798276,60.4573956483014],[5.3634256991139999,60.457481674081308],[5.3632626460574562,60.457564665101785],[5.3632572035864019,60.457567437556278],[5.3632416325075214,60.457576476633328],[5.3631320261169382,60.457640146944335],[5.3630460496660817,60.457690090791225],[5.3628810144812915,60.457787839388693],[5.3626384204542834,60.457976216082955],[5.3624795467178545,60.458105051074433],[5.3624741582449946,60.458109290010782],[5.3622313440532601,60.458300401357832],[5.3619135707093086,60.458558069605537],[5.3617232238434633,60.458709817131314],[5.36153845111882,60.458811788612387],[5.3613544752703328,60.458906636204475],[5.3610782525198237,60.459051281884093],[5.3609566624403788,60.459105032964075],[5.3608150510240744,60.459122572604173],[5.3607537245713051,60.45915418815212],[5.3606961258145773,60.459195414804128],[5.3605862843610899,60.459273268769422],[5.360233763316141,60.459411073069823],[5.3599148347521197,60.459506993997159],[5.3596777111605967,60.459380145627478],[5.3592581589242103,60.459155679658352],[5.3584821166801211,60.458740491971135],[5.3584770614786033,60.458742726564417],[5.3584079959668518,60.458757483717015],[5.3582812995897697,60.45872786415579],[5.3580287805353244,60.458832724021228],[5.3577604736040767,60.4588206315305],[5.3577274258225076,60.458857773779314],[5.3583616360488131,60.459472081023172],[5.3586091744100193,60.459711835860105],[5.3586714700560467,60.459755207414403],[5.3587046435843391,60.459778305749857],[5.3586854530083112,60.459820581751252],[5.3585966621027437,60.459882364043459],[5.3584019861771797,60.459943623801216],[5.3581022440659378,60.460040065215082],[5.3574686417437523,60.460279568330698],[5.3572622351692054,60.460359533203608],[5.3571419636007036,60.460401425971028],[5.3570211590326489,60.460448067683849],[5.3565536772731992,60.460623145956312],[5.3565288744377915,60.460629594871762],[5.3563547164975294,60.460679531003521],[5.3562760502973843,60.460736825242179],[5.3560989839869908,60.46081283651332],[5.3559795065250109,60.460847622544705],[5.3558128359637589,60.460916781446812],[5.3556512214475331,60.460983696692651],[5.3555965507213301,60.46100474251724],[5.3553744038082627,60.461090268884142],[5.3551373100204751,60.461186036598868],[5.3549061054961493,60.461272455813038],[5.3545001852009024,60.461370738056125],[5.3543233592743436,60.461401571050985],[5.3541337230447263,60.461417780197287],[5.3538955590454043,60.461480224985138],[5.3537429178021716,60.461512222666919],[5.3536428959823752,60.461533194517479],[5.3536045730324489,60.461541223135669],[5.3533230947136641,60.461605231332548],[5.3532685365462687,60.461617632876717],[5.3530847704827176,60.461667292839806],[5.3530448795922254,60.461674855930958],[5.3528436759263212,60.461713009794146],[5.35273653476224,60.461748580267844],[5.3526385803810639,60.461781112646761],[5.3525922733806102,60.461796696946898],[5.3525335194013808,60.461816470294302],[5.352489614396907,60.46183124850883],[5.3524748026485245,60.461836235648569],[5.3521988830186098,60.461916014942027],[5.3520766031072133,60.46195136799718],[5.3518755831370761,60.462013298749078],[5.3518072195003459,60.462034354497504],[5.3515629243762062,60.46210851845747],[5.351332204712512,60.462147380510693],[5.3510666897379133,60.462216800803127],[5.3509738834749703,60.462241069274668],[5.3507120283304221,60.462280011955997],[5.3505701614350221,60.462301102290382],[5.3503077949320268,60.462320777862452],[5.3502248801064294,60.462326990335065],[5.3498417579198412,60.462328741188344],[5.3497592254610664,60.46232912164357],[5.3493091328006122,60.462365418912682],[5.3492932413682626,60.462367050550185],[5.3492360467157036,60.462372924827307],[5.3489005798455036,60.462416245617447],[5.3487650791291186,60.46237923925851],[5.3485407519530748,60.462361197894914],[5.3482908364330886,60.462356727522057],[5.3481672207852844,60.462350974197065],[5.3481662792246256,60.462350930403481],[5.3481281395759392,60.462304701823086],[5.3480981579079003,60.462190783427651],[5.3480938172150729,60.462174351142444],[5.3480864577036389,60.462146403314257],[5.3480818595542621,60.46214132482941],[5.348017893914907,60.462070803467327],[5.3479962430409822,60.462045636516848],[5.347891366417759,60.461923759176962],[5.3478858609960911,60.461917361529174],[5.3478095835826673,60.461824904208711],[5.3477967248557654,60.461808795577348],[5.3477875347301369,60.461797290549249],[5.347712481604769,60.461703338771279],[5.347664000661644,60.461635623679925],[5.347663318175174,60.461635056693751],[5.3476404624402356,60.46161575277619],[5.3475817837255955,60.461536594853364],[5.347529047117499,60.461465455397466],[5.3473453014890344,60.461219033544232],[5.3473230336010467,60.461189166777025],[5.3473225275360585,60.461188487783183],[5.3465311883391022,60.461159653879939],[5.346365415722925,60.461155106146208],[5.345820649108167,60.46114015979596],[5.3455057193953266,60.461080457248833],[5.3454245806925718,60.461065081222259],[5.3451788475733348,60.461018197171903],[5.3449295688908549,60.460970640111562],[5.3441283767294774,60.460644250794246],[5.3434361591307633,60.460356081622066],[5.3430519889850778,60.460196151625489],[5.342645213038975,60.460024787002418],[5.3419361350868924,60.459726079860054],[5.3419348146692833,60.45972552228308],[5.3417977359395996,60.460102455020397],[5.3417480406994517,60.460230985322198],[5.3417187150294287,60.460318442477679],[5.3417374591437081,60.460714341985899],[5.3417460154027099,60.460943772458762],[5.3417482988753973,60.461049534725483],[5.3414314660396744,60.461074006182784],[5.3412057395450097,60.461091434578208],[5.3412052546560025,60.461091538101591],[5.3410004980115602,60.461105389774225],[5.3409379163940294,60.461109970984118],[5.3406756593043898,60.461129181103367],[5.3404696825586884,60.461282430259992],[5.3402866686641062,60.461418603663404],[5.3400036786961014,60.461630477181124],[5.3399765637447469,60.4616507820583],[5.339576735011855,60.461837620711727],[5.3394483827399224,60.461928979927059],[5.3394407060831579,60.461934431410121],[5.339326411885839,60.462015714807265],[5.3389313853381415,60.462282587606012],[5.3385978805024834,60.462405723713601],[5.3382666398964531,60.462413514426707],[5.3378407142798254,60.462324775350019],[5.3378013811838336,60.46236108416899]]]},"properties":{"OBJECTID":6,"OBJTYPE":"KpAngittHensynSone","KPANGITTHENSYN":530,"HENSYNSONENAVN":"H530_2","BESKRIVELSE":"Byfjellsgrense - sentrale byfjell","KOMM":"4601","PLANID":"65270000","SHAPE.STArea()":57530938.952574499,"SHAPE.STLength()":69919.645712536178}},{"type":"Feature","id":7,"geometry":{"type":"Polygon","coordinates":[[[5.2854915154996105,60.515171536015309],[5.2853585563588936,60.515231118263529],[5.2852470831218046,60.515281079337697],[5.2847905537253013,60.51547761528677],[5.2846304020317589,60.515570639628478],[5.2845081615665537,60.515503164404798],[5.2844671465680877,60.515480521349758],[5.2842415791629902,60.515356020674965],[5.2841133208564655,60.515285231428869],[5.2837594651067459,60.515089921670167],[5.2834371167793108,60.515060101247613],[5.2832881025972771,60.51504631171364],[5.2830245670329861,60.515021931876092],[5.2824310484144554,60.514898422514875],[5.2820542606868495,60.514861786561589],[5.282032857648316,60.514880208990874],[5.2816942547035044,60.514847009780901],[5.2814747470689136,60.514826641120308],[5.281219504990907,60.514781492231307],[5.2813342946196009,60.514663432493201],[5.2813253832188547,60.514572842241691],[5.2810669821920753,60.514339506122248],[5.2809566147680647,60.514239847805086],[5.2808274153903314,60.514123188426012],[5.280822773503318,60.514118996207422],[5.2808119774663806,60.514056118269011],[5.2807989837225886,60.513980460529929],[5.2807922210696505,60.513941055780911],[5.2807678899772856,60.513799296155206],[5.2807678100682773,60.51379888046268],[5.2808681683485608,60.513680418555126],[5.2807714574871669,60.513556468022685],[5.2807874488532587,60.513527693069392],[5.280807896337655,60.513490907986672],[5.2808659294200524,60.513447351570278],[5.2808261950410413,60.513415341222178],[5.2808600118082527,60.513330688717261],[5.2807813417061906,60.51325955354222],[5.2806030199438085,60.513216549070002],[5.2804320785212324,60.513198036741841],[5.2804225172432684,60.513196996984483],[5.2802003259673667,60.513195822111456],[5.2800864412269393,60.513151954274242],[5.2799562499979169,60.513101806881011],[5.2796414687974513,60.512980542877202],[5.2795024849142944,60.513084326631052],[5.2794358049467247,60.513134112768491],[5.2793787728933763,60.5131440082274],[5.2792586818591243,60.513164844295076],[5.2791343612866655,60.513117403619653],[5.2791108353349649,60.513108423807104],[5.2789354515171834,60.513180370058215],[5.278812281757352,60.513230871215249],[5.2787955380356344,60.513220777344237],[5.278713047764902,60.513171043331958],[5.2785350445511563,60.513018450037073],[5.2782640832517176,60.512786177375858],[5.2781778972449187,60.512712287005492],[5.2781597905870719,60.512696761987712],[5.2775253260796298,60.512510282575555],[5.2772718075946807,60.512408115733649],[5.2771912865650483,60.512331120079303],[5.2771503038108341,60.512291927935799],[5.2771456722752044,60.512287493177936],[5.2771284095382418,60.512270975888406],[5.277120681916851,60.512261277378791],[5.2768627979339646,60.511937847308864],[5.2763053119333927,60.511577887950985],[5.2762432153357217,60.511537791139538],[5.2762388186859894,60.511535439217084],[5.275881076034362,60.511343926131715],[5.2756434985420197,60.511216746187706],[5.2756029683987604,60.511175705555885],[5.2755485274992591,60.511120560031344],[5.2755355936800177,60.511107471164983],[5.2753972520421177,60.510967369473661],[5.2753597112387105,60.51083798475991],[5.2753520181145248,60.510811496831536],[5.2753199345537443,60.510700933402546],[5.2753018777490288,60.510638678837395],[5.2752872771700572,60.510588385476176],[5.2752799258355196,60.510563048612696],[5.275197428990924,60.509934686041071],[5.2753916010878052,60.509923464882306],[5.2752606053572393,60.509617022766115],[5.2751786898502298,60.509425367059421],[5.2752703858371541,60.509400262992543],[5.2753678587391359,60.509373585520436],[5.275356845194457,60.509360765994082],[5.2753242162953304,60.509322849226081],[5.2752345675982282,60.509218632004881],[5.2752274598829549,60.509210370841039],[5.275226466679368,60.509175234535562],[5.2752258444587836,60.509153366434283],[5.2752237549674055,60.509079549526504],[5.2752235573326693,60.509072703858386],[5.2752217196882034,60.509008116049586],[5.2752483654901905,60.509009265052988],[5.2755335969280326,60.509021566938408],[5.2754837623324251,60.508699209094175],[5.2755345464508059,60.508676844778826],[5.2755244764419862,60.50863852467085],[5.2760048663563293,60.508638696889349],[5.2760041385050807,60.508635512652873],[5.2759507328100304,60.508403217544824],[5.2759337661159975,60.507951348007559],[5.2757854737059464,60.507695836516909],[5.2757248709706417,60.507707374239473],[5.2756155978676267,60.507613592697346],[5.2752358202824423,60.507461162882997],[5.2752189883911775,60.507494857337065],[5.275170626080615,60.507591649932905],[5.2750949672890801,60.507581931623541],[5.2751624036836686,60.507411949456838],[5.2748943428125301,60.507421024293784],[5.2748277582416323,60.507518871534735],[5.2748179773011357,60.507533240252705],[5.274675400519933,60.507742738533906],[5.2746237899173645,60.507809095453844],[5.2743982705242312,60.507967549517524],[5.2745360573703088,60.507999417134151],[5.2745246365450944,60.508210747089059],[5.274278574123092,60.508217091939883],[5.2742553371375367,60.508217691864267],[5.2741500316325549,60.508159506059215],[5.2741206068423789,60.508098812080746],[5.2740944225059749,60.508044815119945],[5.2740850036638331,60.507929806298769],[5.2741591999648225,60.507743250163244],[5.2741732403148944,60.507534204545323],[5.2741029094870626,60.507444521220989],[5.2739158886234554,60.507354650145388],[5.2738189553282107,60.507333388576093],[5.2738464345584868,60.507309357784166],[5.2739108989007795,60.507252969015013],[5.2741125350660347,60.507076617542886],[5.274152514954733,60.507035327882143],[5.2742050911136413,60.506981024575204],[5.2740380469905563,60.506940177290481],[5.2740706503873414,60.506910096701901],[5.27407162961011,60.506909189281963],[5.2741163435890606,60.50686794207617],[5.2737219178917272,60.506830859479557],[5.2735323798719609,60.506900227381003],[5.2735101167619529,60.506908377653723],[5.2733117295354575,60.506980985361281],[5.27325123861816,60.507013432042029],[5.2725808205939479,60.507006066275565],[5.2710830249190943,60.507018608981035],[5.2710499597101323,60.507080881371024],[5.2710478627288833,60.507084849507692],[5.2710198450254353,60.507137627539507],[5.2709987832365988,60.50717731531698],[5.2708868412935939,60.507179585763801],[5.2706878329319933,60.507128087597351],[5.2705754158341769,60.507099001966147],[5.2703996689997119,60.507008038960791],[5.2701508091639395,60.506914571533422],[5.2701301571473715,60.50690681193894],[5.2699896864637852,60.506870621969021],[5.2698067808759737,60.506785345204541],[5.2698346295571081,60.506741811723437],[5.269836472662571,60.506738942071614],[5.2698403403098979,60.506732893251318],[5.2698494203398498,60.506728275632199],[5.2699624543499199,60.506670883853936],[5.2699538480247599,60.506595670824105],[5.2700377011454149,60.506547610324574],[5.2690461169721949,60.506081405787803],[5.2684129517564733,60.505759936917023],[5.2682968869671489,60.505701004483484],[5.2681537525707647,60.505628325833165],[5.2682656338485945,60.505524100609115],[5.2683088558373061,60.505483829163154],[5.2684382752873731,60.505363250538153],[5.2684969709966483,60.505308572369209],[5.2687141252652117,60.50520784212916],[5.2685752731620106,60.505089263153835],[5.2684423630471953,60.5049757580286],[5.2681448937728996,60.505119954267442],[5.2679654078207276,60.505206952337637],[5.267879351193697,60.505248666938009],[5.2675666084535591,60.505400254248663],[5.2669828740354774,60.505195348659043],[5.2668098105216039,60.505134593810432],[5.2668636719109303,60.505106404596695],[5.2670774882896794,60.504994491768208],[5.2674832400188389,60.50478210589926],[5.2674855676682428,60.504780885736537],[5.2677905728447829,60.50461825102991],[5.2678593044267972,60.504637244497346],[5.2678717336435499,60.504633296052255],[5.2679118214906611,60.5046205583659],[5.2681515155365766,60.504544396312895],[5.2681510195710262,60.504539205105203],[5.2681400123070494,60.504422191462886],[5.2681548793786801,60.504414005801294],[5.2699256595147359,60.503439478545268],[5.2698356200518246,60.503402775895999],[5.2691461609856027,60.503490243447132],[5.2688324927843997,60.503378653930909],[5.2688139292761527,60.503308905595645],[5.2686295471485538,60.50261624789016],[5.268184192706066,60.502397962850971],[5.268142884992189,60.502350075555611],[5.2677683399067377,60.50228536109708],[5.2676555651450911,60.50226588020351],[5.2672559795881222,60.502158280443879],[5.2668115511806954,60.502038601381841],[5.2668070825313098,60.50203151019717],[5.2667709603494766,60.501974221972411],[5.266666584588978,60.501808697978682],[5.2666511128999245,60.50178415767855],[5.2666265030063686,60.501745123757857],[5.2666090652109299,60.501735125567755],[5.2665256376775584,60.501687289302524],[5.2665216032782203,60.501684974130903],[5.2665179182346442,60.501675352173734],[5.2665073482912002,60.501647812201128],[5.2664978172497658,60.501622961900104],[5.2664163026571504,60.50161580678931],[5.2664023018298032,60.501614578669901],[5.266389451379661,60.501607000997481],[5.2662329669864185,60.501514656716346],[5.2661801506337671,60.501483497361605],[5.2660039551162461,60.5013266929286],[5.2657081527741605,60.501063421973647],[5.2655996428345162,60.500982910487572],[5.2653341883769675,60.500785942588891],[5.2653296048631182,60.500782542368057],[5.2653133026802621,60.500770445554494],[5.2652867129681686,60.500746087887812],[5.2650725981636164,60.500549919814667],[5.2649996023353669,60.500452704774169],[5.2649424959659994,60.500288908279266],[5.2648506891025564,60.50017022293482],[5.2647408541980534,60.500034026157898],[5.264670310192459,60.499921716127901],[5.264668799423422,60.499919327806644],[5.2646587513435001,60.49991464186413],[5.264634658297946,60.499903423190382],[5.264593980124892,60.499884468041941],[5.2644773076041362,60.499830098782546],[5.2644277082264415,60.499781177788236],[5.2643518114818733,60.499706325117629],[5.2643390316487766,60.499696879608436],[5.264242440352418,60.499625446666791],[5.2642266215361984,60.499613749751404],[5.2642017681668145,60.499595372866011],[5.2637091310513968,60.498958862533129],[5.2636192863265059,60.498842828833013],[5.263565182516051,60.498772928009004],[5.2635191688219773,60.498713473822384],[5.2633784772567678,60.498533293077827],[5.2633322053826053,60.498474029319354],[5.2632950174360733,60.498426390606276],[5.2632739277282079,60.49839560713901],[5.2631588030174639,60.498227621180305],[5.2630519984932205,60.497898903442767],[5.2630460106052981,60.497615806469227],[5.2631570473173337,60.497614156026039],[5.2633091656579598,60.497297435137682],[5.2633583998399835,60.497172528028045],[5.2634471174610535,60.496990087362086],[5.2634853437542688,60.496643791995425],[5.2635179503760074,60.49651863437952],[5.2635701420062171,60.496318226375593],[5.2635959728963329,60.496194937130504],[5.2635810890022103,60.495938241522168],[5.2636317679401827,60.49593424237149],[5.2636856837639137,60.495929983402874],[5.2638331987648197,60.495918326404876],[5.2640084244645209,60.495904488890119],[5.2640370271275394,60.495643718291788],[5.2638200956029184,60.495663397564996],[5.2636617198160591,60.495677761154326],[5.2634626895784651,60.49543928146683],[5.2634493373175815,60.495423276198984],[5.2633837108856092,60.495344629921846],[5.263357901805584,60.495313705108572],[5.263335557090639,60.495304899102486],[5.2632348477250224,60.495265222649024],[5.2630781006862497,60.495203481117748],[5.2630720170511527,60.495201090380242],[5.2630177312239805,60.495149116008093],[5.2629715504621855,60.495104919183881],[5.2628672272694788,60.495005062349442],[5.263095724680718,60.494662179099009],[5.2631224250736235,60.494622111305567],[5.2634277011597437,60.494463117787824],[5.2635316743631035,60.494408974449399],[5.2635353573757202,60.494407055316117],[5.2639840030963398,60.494437251140241],[5.2643121493688581,60.494241792611938],[5.264318641840295,60.494125637305324],[5.2639936942076844,60.494036638578798],[5.2648776941255937,60.493437639411276],[5.2652355679896878,60.493690339315947],[5.2652449815993716,60.493688652651187],[5.2658692714550011,60.493576965752347],[5.2662543394322912,60.493508072872693],[5.2663603529345817,60.493432655104904],[5.2672486059330694,60.493092986507534],[5.267855731343702,60.492860814480501],[5.2684090853385284,60.492370020529215],[5.2684311413840188,60.492350450180105],[5.269459121149108,60.492076179149024],[5.2701551239236473,60.491794379605025],[5.2704277634461763,60.492023394892072],[5.2709178974729616,60.491870925209696],[5.2710166169951576,60.491767211163236],[5.2711786817822537,60.491596948790153],[5.2715915964437343,60.491180888435942],[5.2729302865992764,60.490968559208646],[5.2731661048561067,60.490931156569481],[5.2735575322904884,60.490822818471521],[5.2741798187348543,60.490650573289415],[5.2743382350722543,60.490606725963126],[5.274556976183697,60.490546183761637],[5.2746212268666284,60.490588104182237],[5.2748237300259611,60.490720816203293],[5.2748377591589675,60.490730008019462],[5.2750034373026962,60.490832325232859],[5.2751270976047167,60.490908686734301],[5.2751031830073005,60.490933698046973],[5.2749189239348606,60.491126417495387],[5.2748057160048702,60.491162882545886],[5.2745384913264921,60.491248963001524],[5.2742765717096241,60.491389085623851],[5.2742674027203922,60.491426877095691],[5.2745473352162415,60.491591667630281],[5.2745730721205017,60.491581412341063],[5.2749211593494705,60.49144278110392],[5.2747795406679376,60.491374609175914],[5.2749874343494714,60.491285296742475],[5.2751158343758107,60.491356253870954],[5.2753902740509746,60.491225423055909],[5.2754048448609225,60.491218477829385],[5.2758837283681856,60.490994047705968],[5.2761535252644309,60.490911218423008],[5.2767905997704547,60.49061034645937],[5.2772478876275608,60.490489941973522],[5.2772806198876525,60.490414751903046],[5.2774522442480798,60.490370380119124],[5.2776137419777491,60.490352016212881],[5.2776801385823573,60.490344469134364],[5.2776764352316805,60.49032498676489],[5.277663099086868,60.490254981349089],[5.277642984107473,60.490178323930593],[5.2778339964906964,60.490109928077345],[5.2778827469215601,60.490079929414392],[5.2779780703737584,60.490021282393556],[5.2779679679597971,60.489960877032594],[5.2779672635870041,60.489956695744524],[5.2781843778186417,60.489923409002529],[5.2785315031220881,60.489870194438396],[5.278538770394495,60.489873543326212],[5.278971002431061,60.490072724710686],[5.2790905735337388,60.490053925309141],[5.2793318273309042,60.490208673103851],[5.2794859448541729,60.490307524795703],[5.2795955633670868,60.490352471113297],[5.2798406042649297,60.490452953066665],[5.2803818979966692,60.490230249905402],[5.2805488785615022,60.490161188424494],[5.2806340024948009,60.490049412373565],[5.2810725014926119,60.489966518412508],[5.2811105111770082,60.489886369480502],[5.28151746378835,60.489771601874132],[5.2819890830557199,60.489623484018132],[5.2819989686473852,60.489626402421017],[5.2820329783716113,60.48963643857698],[5.2820403088805428,60.489638602570835],[5.2820759759166132,60.489632272240478],[5.2821879799622442,60.489612387119742],[5.2824570310069809,60.489493850038777],[5.2827962019499761,60.489462406117077],[5.28300222418813,60.489472899044451],[5.2831653363383166,60.489553256553606],[5.2831710271599812,60.489556057861414],[5.2832374346031843,60.489565082865226],[5.2836380133384084,60.489619534381845],[5.2838900251680432,60.489607543386391],[5.2838970398558578,60.489573664233802],[5.2839014796223385,60.489552243010777],[5.2837211429608066,60.489528715689296],[5.2837162065668828,60.489528074670169],[5.2836570193311472,60.489455074555522],[5.2838015214029266,60.489413884288801],[5.2839837834239116,60.489443658168277],[5.284050111690898,60.489454487214125],[5.284154654913821,60.489466795357458],[5.2842587009732176,60.489460861214255],[5.284386027837197,60.489326431800393],[5.2843960845018181,60.48922925173455],[5.2846301688281532,60.489254303762877],[5.284823817169368,60.489283117631651],[5.2849595375359621,60.489303314281941],[5.2853114653278759,60.489344009471083],[5.2855387962423519,60.489355982345351],[5.2855420653582623,60.489357978999237],[5.2855855726321694,60.489372898982076],[5.2867317729274959,60.489766031345134],[5.2870371016905766,60.489870750375538],[5.287935439179809,60.489681443353582],[5.2881866225433196,60.48939568211626],[5.288228375148587,60.489349368892526],[5.28802853842899,60.489157780072375],[5.2880374947031319,60.489122336974582],[5.2876811728424835,60.488824748394471],[5.2880032196599709,60.48870531312437],[5.2881819471655662,60.488574766118745],[5.2882096914724537,60.488247438573346],[5.288496339778777,60.488058066834533],[5.2885774615219523,60.487896271725347],[5.2886775886723614,60.487863394974973],[5.2887479323430524,60.487753602564197],[5.288836894261558,60.487691885828404],[5.2890737417138585,60.487600986057167],[5.2890954614728001,60.487537396448516],[5.2894479802922936,60.487024139056842],[5.2894713070808397,60.48694632971258],[5.2894010341614024,60.486844521656387],[5.289362645147615,60.486804775900495],[5.289172384196366,60.486607738689351],[5.2893826806809461,60.486499174096515],[5.2898042175674647,60.48628155794156],[5.2897652546236866,60.486258937016032],[5.2899222815766578,60.486129689287203],[5.289983229854224,60.486079523827414],[5.2901195646841916,60.485967298840855],[5.2896288145159174,60.485708217139553],[5.2896054009789575,60.485695853375141],[5.2895692935210148,60.485676781379389],[5.2900994309663014,60.485477046389619],[5.2902561297961279,60.485418005855934],[5.2903024322763494,60.485290888103833],[5.2904320301961887,60.485261599137601],[5.2911471811782658,60.485099962202447],[5.2920177538987145,60.484745308918257],[5.2922013820933618,60.484890465714642],[5.2922932134224663,60.484963057967462],[5.2926574187050139,60.485250957552246],[5.2927317606274853,60.48530972420243],[5.2939614664645651,60.48628174439655],[5.2953379253939747,60.487369691137175],[5.2956716304952192,60.487257366373711],[5.297700560704107,60.486574399717192],[5.2967432865731672,60.485848312516772],[5.2963662697924372,60.485562333867222],[5.2965900673911763,60.485487606070947],[5.2967412969713132,60.48543711574569],[5.2967921615987645,60.485420130459453],[5.2973625735230776,60.48522967513842],[5.2974437550154487,60.48520256640402],[5.2977389758139735,60.485103989218956],[5.2979838240330546,60.485022231055176],[5.2990192344305633,60.484676499583152],[5.2993770858065465,60.484556999219421],[5.2993606519878709,60.484546017530469],[5.299401566747675,60.484541823872341],[5.2996779022494565,60.484487668352408],[5.3013790477236187,60.484154240549387],[5.300150986785801,60.483520538083226],[5.3001283494930931,60.483508853910962],[5.2994182332937712,60.483142401538572],[5.2994501674296135,60.483134210359118],[5.2997952288169277,60.483045722984144],[5.3001984514731708,60.482942320446654],[5.3007295982217135,60.482838010454934],[5.3010331489273961,60.4827783971811],[5.3021123916310007,60.482690852365145],[5.3023488398942851,60.482671672404152],[5.3025406162110453,60.48265611495632],[5.3027425894071367,60.482678941356589],[5.3031358216825444,60.482798655641382],[5.3033303111101269,60.482819556719058],[5.3036661120184085,60.482787608290614],[5.3038703296118443,60.482808652627732],[5.3040063846621237,60.482840955589495],[5.3041610447482599,60.482921313268349],[5.3043185229615766,60.48295422813365],[5.3043445851486455,60.48295967885624],[5.3043714723043376,60.48295836634049],[5.3044970640630131,60.482952214518015],[5.305274330166232,60.482914161124327],[5.3056048375855971,60.482897979180024],[5.3056660528182356,60.482889987259583],[5.3057334242414091,60.482881195278814],[5.3062021196399325,60.482820037339692],[5.3064536679555987,60.482842111230973],[5.3066742178048614,60.482936183872738],[5.3072101078895972,60.483361799402402],[5.3073852685868852,60.48350505461228],[5.3076111516883886,60.48363731149702],[5.3078943549183606,60.483693390328369],[5.3081327210134486,60.483711167758443],[5.3083557335822551,60.483705887037765],[5.3084464605256274,60.483708904139775],[5.3087053245590976,60.48371749625494],[5.308942952140332,60.483671642212109],[5.3093473196701462,60.4835100903992],[5.3094054782780136,60.483486857971947],[5.3095657567376255,60.483371754372342],[5.3097609530400796,60.483259505244483],[5.3097889759949437,60.483254771621951],[5.3099762438150089,60.483223115547972],[5.3101902762236479,60.483211561019075],[5.3105992373078683,60.483168723148736],[5.3101277362013368,60.482887341314132],[5.309025052449547,60.482229250831452],[5.3089983569167769,60.482199425435596],[5.3087760867735305,60.481951071316125],[5.3085943768159272,60.48174805356112],[5.3083926170557154,60.481522620634834],[5.3083149576680162,60.481435853766499],[5.3080780081108916,60.481171101480513],[5.3080655335256619,60.481157165618072],[5.3079462035552645,60.481023835294806],[5.3079211256870655,60.480995816161276],[5.3078967267866197,60.480968552871587],[5.3084531814836859,60.480893559902754],[5.3086518288789524,60.480866787235406],[5.3087476019347699,60.480853873170439],[5.3091576942763625,60.480798604938528],[5.3096200738969532,60.48073628096477],[5.309819107816713,60.480709454380829],[5.3105639336691954,60.480609056310925],[5.3104563405120953,60.480551347584012],[5.3102575469286863,60.480444733883402],[5.3103919945448936,60.480422903856507],[5.3107945575274815,60.480357535197498],[5.3110334669782331,60.480318742197703],[5.3115364430841696,60.480237078698615],[5.3117298453337076,60.480235242403914],[5.3123023217334042,60.48022980548653],[5.3123759237936863,60.480229101339994],[5.3124866814114053,60.480228050362584],[5.312865201011749,60.480226122851079],[5.3133207648011966,60.480223809553003],[5.3135832793249094,60.480222471873915],[5.3151169243737382,60.480007144837579],[5.3161441501189159,60.479900118585967],[5.316549290210788,60.47985904522303],[5.3165714538767288,60.47985679975946],[5.3167448583439798,60.479839222314517],[5.3174088981511138,60.479773728316701],[5.3176919864674286,60.479726176879424],[5.3180572851199113,60.47964199611836],[5.3183522951275997,60.479642643744533],[5.3186605909149458,60.47963036434075],[5.3188555382117508,60.479596562614269],[5.3189967418985225,60.47957207947568],[5.319291563343322,60.479492815099874],[5.3196574448221661,60.479508774233004],[5.3198596490992811,60.479517595631229],[5.3202000794833566,60.479531394141787],[5.320461105247845,60.47951855098696],[5.3211498285743932,60.479446754500941],[5.3214254468050219,60.479430321685335],[5.3214163399076924,60.479599505785067],[5.3213365629361684,60.479655824838169],[5.3212283809199343,60.479704384709528],[5.3211360451935921,60.479821197645315],[5.3210673952207035,60.479908032974066],[5.3208217315155748,60.480162840143677],[5.3206310797442802,60.480161637710616],[5.3199550438891752,60.480366636168348],[5.3197894998730249,60.480471629030369],[5.3198372010592374,60.480619498527652],[5.3196044371097333,60.480688012010781],[5.3196224136388004,60.480804743420535],[5.319583376861285,60.480936806600219],[5.3196954458254266,60.481119314936223],[5.3200676433725071,60.481246441756561],[5.3203065849160422,60.481238633225779],[5.3206028916877051,60.481249171406787],[5.3208773891634076,60.48127472807689],[5.3212509572689592,60.481330379623913],[5.3214546811452026,60.481322845959028],[5.3217370969626208,60.481309727760284],[5.3221799863123502,60.481245483169069],[5.3229987796122629,60.481117909328667],[5.3231723025632158,60.481118276031864],[5.3232881331720696,60.48107391635935],[5.3233773026150226,60.480967009453167],[5.3237702716091446,60.48082954895488],[5.3238533078522901,60.480889777644713],[5.3242147473970878,60.480819692794753],[5.3243565113631099,60.480870342202287],[5.3250910817477903,60.480764556348362],[5.3251647133601434,60.480795115621014],[5.3253085095721211,60.480801454656245],[5.3261731484572774,60.480601864033304],[5.3261855855857236,60.480585471104447],[5.3262925932009653,60.480576521509896],[5.3264364248244638,60.48049727544074],[5.3266535460987479,60.480464640007185],[5.3268016521553649,60.480475850994843],[5.3269196073845597,60.480484414979486],[5.3269268152048435,60.48046321298721],[5.3271729783401494,60.480507219105853],[5.3273845061819909,60.48047765502924],[5.3276986967191986,60.480453544941099],[5.3278803378798916,60.48043363644441],[5.3280360905684185,60.480400448813462],[5.3283258395361557,60.480370863979935],[5.3295650006047781,60.48022384385883],[5.3295762789501122,60.48022250974968],[5.3296414753013268,60.480351181931304],[5.329656125556185,60.480380095793677],[5.329233288249922,60.480408362609595],[5.3286797153921155,60.480531040908758],[5.3285088661773319,60.480608484173437],[5.3287144814821614,60.480878112980108],[5.3287378128515686,60.480922851545095],[5.3283501073573767,60.481032167826328],[5.327924250532992,60.481153176668151],[5.3271753754458464,60.481363636895551],[5.3254848541121218,60.481846594855362],[5.3257426473685392,60.482356230299111],[5.3259095047519747,60.482669987056887],[5.3259794204426845,60.482690942865716],[5.3257633865769272,60.483025069065661],[5.3262020028327122,60.483072046785601],[5.3270876596406715,60.483166913144963],[5.3271017050727041,60.483168819319978],[5.3280670625497626,60.483299797225754],[5.3279638937569311,60.483365038874268],[5.3277774960400919,60.483564426101658],[5.3278223019391051,60.483594198246124],[5.3278730925553308,60.483602312184416],[5.3281033416598209,60.483639091480526],[5.3281820590263571,60.48365166903146],[5.3274541610082258,60.484367275536442],[5.3273848549970708,60.484353123420092],[5.3273599666976015,60.484348042218627],[5.3272377617759066,60.484363701559708],[5.3269925284136805,60.484359332374602],[5.3269666133475413,60.484362195251194],[5.3266998043112999,60.48439170017452],[5.3262794992051949,60.484627950558256],[5.3260224448838587,60.484715408876355],[5.3256554210946012,60.484978724766208],[5.3251832268595649,60.485319969407598],[5.3251917559449824,60.485372515509049],[5.3253649074486598,60.485417692444877],[5.3256381415323144,60.485429973204234],[5.3256960432048075,60.485471980484228],[5.325690943110561,60.485517014135034],[5.3256503913596021,60.485534914746687],[5.3255492537636275,60.485534507587893],[5.3252978358900478,60.485627441074399],[5.3250779383238704,60.485654677416186],[5.324648861585608,60.485657133794376],[5.3242558890588771,60.486021952424053],[5.3242470458570699,60.486100165831587],[5.3242137631238364,60.486133798041315],[5.3241634129084998,60.486217265954387],[5.3241615969013623,60.486220271819739],[5.324081241796951,60.486288180423749],[5.3239893740663788,60.486418787139037],[5.323950212132722,60.486850413183888],[5.3240048292873956,60.487006452826229],[5.3238938503213511,60.487188986992415],[5.3237514007422302,60.487372738085668],[5.3235434241591424,60.487550079211928],[5.323283894509439,60.487842492740214],[5.3231599709203552,60.488043544312049],[5.3231239902303225,60.488132774339711],[5.3228702524598903,60.488347015451588],[5.3226058732816011,60.488682095537989],[5.3227342356090732,60.489078158631912],[5.3227380414191483,60.489089903287784],[5.3226606244268169,60.489166673691543],[5.3217645028131715,60.489080174447629],[5.3217619843989601,60.489081659879048],[5.3216820119610473,60.48912857253044],[5.321516758001299,60.489225513838761],[5.3213368916424262,60.489239576400379],[5.3211517001202147,60.489404842999733],[5.3211746970916609,60.489565574638789],[5.3211566734226228,60.489655749407753],[5.3211524926331677,60.489676711174987],[5.3208227257576786,60.489950544447119],[5.3200536176605455,60.490316876135253],[5.3192463321048296,60.490679776322153],[5.3185684667272799,60.491048620254219],[5.3181738028631864,60.491342064531459],[5.3178214208631509,60.491474988144653],[5.3172357467626812,60.491625264510873],[5.3171780706211962,60.491666472185464],[5.3176319278849888,60.491871558593687],[5.317660958467596,60.49195557313444],[5.317380729765242,60.492302088688859],[5.3173512385893558,60.492524764254362],[5.3173474647108439,60.492553188377173],[5.317393888536655,60.492568735469952],[5.3181354248727084,60.492446529133758],[5.3183905936744669,60.492448815112105],[5.3187515802152863,60.492552848454061],[5.3188470932315237,60.492580375043538],[5.3189377552450718,60.492606500236029],[5.3190504338189397,60.492638976924432],[5.3186568088250246,60.492805152394432],[5.318374197837211,60.492959050968437],[5.317748315074236,60.493366026442985],[5.3176472227290512,60.4934317588243],[5.3172655889966709,60.493679910241632],[5.3167725964379366,60.493936191221913],[5.31651218485014,60.494071563930596],[5.3165073477189742,60.494074369361599],[5.3162868924249729,60.494202181459116],[5.3161615770578043,60.494274838249162],[5.3161501434670191,60.494289199866493],[5.3159985335240076,60.49447961163181],[5.315876240755399,60.494749713831403],[5.3157985756091106,60.495009158332046],[5.3157578483442052,60.495155474272501],[5.3156212685166979,60.495296767443136],[5.3152750138330402,60.495798486314392],[5.3151872490191083,60.49586259015831],[5.3150804893076575,60.4959405588069],[5.3147291361904099,60.496190053387174],[5.3144833311128785,60.496359235525425],[5.3143256369741776,60.496516589753085],[5.3142451682448497,60.496684959851919],[5.3141715308686708,60.496811975517758],[5.3140422307810491,60.496889257141206],[5.3138276696621265,60.497037892500018],[5.3136964256601456,60.497174576816384],[5.3135326185318297,60.497300841843298],[5.3136017715194317,60.49731941869468],[5.3137604118683974,60.49736203326119],[5.3137610303127252,60.497362203165437],[5.313788137138852,60.497344311430545],[5.3140694536524338,60.497158738370089],[5.3146166494320575,60.496798120338717],[5.315019009941186,60.496543025503072],[5.3150961352548141,60.496508432319665],[5.3155364365355453,60.496310965571112],[5.3155436744364799,60.496302429173625],[5.3156030283036078,60.496232434382385],[5.315701390799104,60.496116428969998],[5.316259812916396,60.495883953784251],[5.3171944711318115,60.495494828878918],[5.3177081012669989,60.495297035871118],[5.3191060754704385,60.494758678606722],[5.3198811798236418,60.49446016968912],[5.319939715951703,60.494445598462654],[5.3214452062016369,60.494070723984514],[5.321751287530188,60.493994504087176],[5.3217771237682889,60.493988071610389],[5.3220195119842302,60.493927718888429],[5.3229663722055971,60.493739822112396],[5.3240223837702612,60.493538652151805],[5.3240300930001876,60.493537184021264],[5.3239278262927794,60.493401042281164],[5.3238281894753543,60.493268388477766],[5.3237488961244663,60.493162810742369],[5.3237315141307198,60.493139672183396],[5.3237779765924431,60.493106367591302],[5.3238201765701509,60.493076109221825],[5.3239213118164024,60.493003605535492],[5.3239843281670538,60.492874072276635],[5.3240113852664468,60.492818436132211],[5.3240514790903912,60.492736024445939],[5.3243847829924862,60.49270879797276],[5.3243960183796908,60.492709008990374],[5.324942753518946,60.492719431679149],[5.3260891511898594,60.492684457195978],[5.3269053213889466,60.492628471169773],[5.3272805483004984,60.492596047407226],[5.3273434543658515,60.492590608553428],[5.3278499698401784,60.492459498758279],[5.3278720517910276,60.492455307587576],[5.3281997504719714,60.492393043394522],[5.3283751079417652,60.492365823311744],[5.3284990408777277,60.492346587787232],[5.3289313688547635,60.492189656579654],[5.3294614645076983,60.491892721956454],[5.3298588029137459,60.491703905144341],[5.3303906327770747,60.49164721260852],[5.3309253794545102,60.491607235241695],[5.3311616022125454,60.491559837351026],[5.3315715052625743,60.491477582785215],[5.3318806576167459,60.491429018449253],[5.332002941647727,60.491387902329564],[5.3320309899871932,60.491378463890825],[5.332115106341103,60.491316568278997],[5.3320489690793949,60.491284880502882],[5.3320655339774294,60.491279844724851],[5.3323102014411594,60.491205416457959],[5.3325083230039745,60.491145148293846],[5.3326634845879353,60.491097943700979],[5.3335062218672142,60.490716346231423],[5.3336123424648365,60.49066829461011],[5.3336129570450383,60.490668014912679],[5.3336205876548402,60.490668521460776],[5.3342145491367177,60.490707925221322],[5.3344647131478906,60.490542855871965],[5.3344908753879832,60.490525590380457],[5.3348471394647765,60.49029050959556],[5.3348745618042814,60.490272406851105],[5.3353850540317911,60.489931327898482],[5.3353994164516063,60.489936585410888],[5.3358436641019837,60.490099297655604],[5.3359602503692036,60.49011659662019],[5.3362371409953138,60.490157681194241],[5.3363265750344366,60.490126668495741],[5.3363337606271806,60.490124178618977],[5.3370949389245261,60.489860218029108],[5.3376788535473816,60.489598023840408],[5.3379101994986486,60.489532117806661],[5.3379602860913087,60.489517846049083],[5.3389275508593341,60.489936734299469],[5.3398914982199406,60.490358921405793],[5.3399470318681574,60.490383240358575],[5.3408175999443905,60.4907510304986],[5.3414716210363844,60.491027330607515],[5.341503860558003,60.491040951743436],[5.3414906849243984,60.491048418602148],[5.3412339914337039,60.491193979026306],[5.3409098777869159,60.491375329698023],[5.3404661151296438,60.491634250404559],[5.340169694319358,60.491805178776119],[5.3394257640864158,60.492234148200772],[5.3388678191116847,60.492555854870751],[5.3374414166447899,60.493363254052113],[5.336157510913182,60.494103227582954],[5.3374863862758861,60.494715250284003],[5.3381398823561854,60.494990041272153],[5.338375823476003,60.495291412716952],[5.3384780716384448,60.495367941854276],[5.3385466356101263,60.495529156622489],[5.3386317906896918,60.495586188326826],[5.3387556700607606,60.49559910988458],[5.3389383141658371,60.495561317231051],[5.3389775449148598,60.495640869502765],[5.339216228769863,60.495704499966564],[5.3393307460586747,60.495757592025249],[5.3393335777858111,60.49578496648418],[5.3393376759500439,60.495824365774361],[5.3391703688041803,60.495876880248588],[5.3388778595622801,60.49596868437807],[5.3384014607558461,60.496259994766341],[5.3383610336077547,60.496334024129148],[5.3383285312145183,60.496393539803726],[5.3384227724442042,60.496500668933756],[5.3385405811435662,60.496538824056543],[5.338592102797671,60.496555510169159],[5.3387551510711013,60.496520262221217],[5.338908882604005,60.496465856297611],[5.3390691797507301,60.496409131879744],[5.3393161861977605,60.49635646970804],[5.3393629702938208,60.496344263666465],[5.339728457677416,60.496248890135796],[5.3400483670372676,60.496062671257711],[5.3401159130075957,60.496104954346819],[5.3402542185326807,60.4961182616304],[5.3405385676028283,60.49611893305056],[5.3413673400552533,60.496332080209534],[5.3415489615328111,60.496378788295829],[5.3416254916765729,60.496398469617418],[5.3419613822730607,60.496412452880477],[5.3422617616757027,60.496442097535457],[5.3426088668621015,60.496442113951737],[5.3432499501990005,60.496400087534731],[5.3433578321458528,60.4964317911652],[5.343363511424025,60.496433456971623],[5.3433666154503046,60.49643436903272],[5.3434725135471464,60.496395273441074],[5.3446193107059097,60.49597192014442],[5.3448659289275513,60.495880876426341],[5.3450082542355313,60.495827319327717],[5.3454549411257357,60.495659215304798],[5.3457045908675154,60.495572270886733],[5.3458663957086667,60.495515921472503],[5.3461516731243588,60.495408516703641],[5.3462137591159413,60.49538514230585],[5.3462559428866436,60.495369742886197],[5.3463815050125536,60.495323912905803],[5.3466921967467727,60.495210516682548],[5.346705612019381,60.495205617452697],[5.3467743721648899,60.495238636727905],[5.3468159653573339,60.495258723559985],[5.3472346368431305,60.49546036726116],[5.3472378408202514,60.495458450751272],[5.3474136734928166,60.495353391537719],[5.3475575675716129,60.495267401190141],[5.3475984891603918,60.495244273042537],[5.3477494510917829,60.495158934589227],[5.3480849573217775,60.494969278007815],[5.3484122093457032,60.494784283960215],[5.3485049662164217,60.494730236998706],[5.3485717501238037,60.494691324199906],[5.3487630152050274,60.494579873278099],[5.3488579708721833,60.494529427600753],[5.3489324240131699,60.494489870884401],[5.3489500786560349,60.494480485728353],[5.3495402352973631,60.494140682754555],[5.3497128429539691,60.494043100314144],[5.3499294583542234,60.493918887183078],[5.3500100514994173,60.49387266720786],[5.3500317667685424,60.493860220372554],[5.3501215901692198,60.493808716531042],[5.3503081532714791,60.493705763269993],[5.3505818647381611,60.493663627131234],[5.3507396983523066,60.493639331368037],[5.3509718357657672,60.493601538707303],[5.3512896232948677,60.493549795437289],[5.3517224019844738,60.493479322646486],[5.3517705997228626,60.493471474324352],[5.3522027447185607,60.493401108495519],[5.3527849330622272,60.493309573488276],[5.3528254976646537,60.493319213213546],[5.3529749438095342,60.493354733964551],[5.35311562524622,60.493388163175347],[5.3532285497603267,60.493432858601125],[5.3534633658949486,60.493525793091585],[5.3539726851253402,60.493733364917105],[5.3540333805524583,60.493758097527795],[5.3541378027398832,60.493800654080893],[5.3543104291883727,60.49387100660806],[5.3544013400535295,60.493934737481155],[5.3547414626642418,60.494173153186573],[5.3545395750957647,60.494278497507651],[5.3538555743801597,60.494635401992426],[5.3529848009591632,60.495094248073258],[5.3524688309531605,60.495783876951094],[5.3523904419504511,60.495861194225327],[5.3522912128390594,60.495959044839196],[5.3521544987612284,60.496093870567137],[5.3520617420846595,60.496200580570999],[5.3520290731333029,60.496238154912987],[5.3518335138822684,60.496463109936663],[5.3515875146804417,60.496808255335679],[5.3514177077491061,60.497083627306594],[5.3513255331290823,60.497252810275619],[5.3505015496713044,60.498281125082244],[5.350072441900541,60.498825263474124],[5.3499619727726602,60.49896535393507],[5.3496802181908825,60.499316644759723],[5.3485606354252662,60.500712506517011],[5.3478012640920758,60.50167021523356],[5.3477967807217217,60.501675880656009],[5.3448698947376965,60.503356653731544],[5.344864516553578,60.503359741937899],[5.3446373802154596,60.503490041236475],[5.344060302991914,60.503821098183963],[5.3426691224292595,60.504619126244009],[5.3407045285800301,60.505839639485949],[5.3386460484462104,60.507121740307568],[5.3374972587109291,60.50780270093442],[5.3367860538992646,60.508224256654785],[5.3361350236086427,60.508610126395716],[5.3340579549464726,60.509838020072976],[5.3337637233627762,60.510011954925432],[5.3343631431205445,60.510511033700389],[5.3319115599030527,60.511725192849028],[5.3299847675531575,60.512678857121735],[5.3295620909439956,60.512888049235315],[5.3292810895916043,60.513027115066045],[5.3290395991059532,60.513147440559777],[5.3287439097057652,60.513294783397768],[5.328652558544996,60.51334030916184],[5.3283052746871196,60.513554252129317],[5.32664295068182,60.513670220387475],[5.3261639856262484,60.513709207856003],[5.3256159556883489,60.51392977324064],[5.3251660542966501,60.513976398144443],[5.3239183715345231,60.514305831767437],[5.322189157533785,60.514674606334303],[5.3214693234301214,60.514717871225862],[5.3210980176309146,60.514647909119994],[5.3205817233186536,60.514541308866747],[5.3205695211373465,60.51453878800519],[5.3205663683791311,60.514538134745557],[5.3202324692853313,60.514469202475667],[5.319941211163302,60.514494212785287],[5.3198061421758194,60.514508766374945],[5.3197446250517846,60.514515391300847],[5.3196198912218957,60.51452883683222],[5.3190608431880104,60.51458906548288],[5.318856024701982,60.5145613716535],[5.3188991342703229,60.514446363345087],[5.318959573318697,60.514344425860969],[5.3189729167398285,60.514320688098088],[5.3189736014012663,60.514319475627239],[5.3190500076292651,60.51418353643691],[5.3195103648770248,60.514188632703657],[5.319656417577753,60.514136911129853],[5.3198064967111982,60.514083763577936],[5.3198246939961988,60.514077318060941],[5.3210281671559994,60.513634341714173],[5.3208949504539236,60.513520048785779],[5.320766668393933,60.513409990468666],[5.320420121994343,60.51323402038684],[5.3202462740983307,60.513193575292135],[5.3202171919346695,60.513152353001438],[5.320279505353775,60.513028068355034],[5.3201077846345752,60.513011446372794],[5.3198047104646999,60.512919886535947],[5.3191361072894843,60.513145762051529],[5.3183409670368027,60.513400101953991],[5.3180015878254565,60.513374568958177],[5.3178943239502106,60.513366501306066],[5.3174639868357509,60.513334122518899],[5.3169596109575332,60.51345546152114],[5.3168296085656097,60.513486735128481],[5.3165925825886164,60.513543750966775],[5.3164892979765499,60.513665392189836],[5.3163659095052145,60.513744161699996],[5.3160335090455639,60.513802352390719],[5.3158819698042326,60.513804312876374],[5.3158473715547423,60.513804758967346],[5.3157913083508941,60.513828520369046],[5.315734747079186,60.513852492688727],[5.3156994456036379,60.513867462134286],[5.3155898086204729,60.513913930076122],[5.3152842236202114,60.514043461929049],[5.3151789039269843,60.514164183146455],[5.3152474156054117,60.51431314079155],[5.314854019896913,60.51435421025478],[5.3144124719338759,60.514373661207387],[5.3140215003606297,60.514132944618346],[5.3140053830166645,60.514123016517019],[5.3140250846988719,60.514101432364036],[5.3140497213606608,60.514074447939528],[5.3141543539705971,60.513959802515373],[5.3142219150901049,60.513885774296043],[5.3142808575065787,60.513663913265518],[5.3140803142842481,60.51361586406135],[5.3140789828526023,60.513615548618745],[5.313952654320806,60.513623947320504],[5.313778972703127,60.513709503276949],[5.3134487519353746,60.51385730590016],[5.3132154772262856,60.51400065204416],[5.3130550554748783,60.514122014127658],[5.3129526823012672,60.514199456330417],[5.3129075592034969,60.514233594848314],[5.312804027238494,60.514311921695494],[5.3125272391535781,60.514476479821639],[5.3117646386746111,60.514673852133512],[5.3117093499267805,60.514669464402552],[5.3115525552065392,60.514657010432124],[5.3115352281484585,60.514655632258687],[5.3114537486143147,60.514716205392801],[5.3112823837071828,60.51484359943472],[5.310848171784504,60.515057476134913],[5.310772525493257,60.515129085990303],[5.3101442317869099,60.515206039067998],[5.3101430089964952,60.515206050167656],[5.3096404792475607,60.515178587323881],[5.3095938047538835,60.515176037057529],[5.3094472267370243,60.515210089647312],[5.308670775403546,60.515150529742151],[5.3082572923661804,60.515123855204457],[5.30799157931735,60.515074765281149],[5.3076080966478081,60.515011861148757],[5.3073267583410226,60.514921836334253],[5.3070370723694724,60.514890515258237],[5.3069326737756848,60.514850241586402],[5.3067788007453851,60.514790881616207],[5.3066395285275734,60.514737148072086],[5.3067847676303419,60.51464366747318],[5.3068232140103619,60.51453796170501],[5.3068255211888911,60.514531635009106],[5.3069758204721769,60.514118422542758],[5.3067489206031713,60.514061749428031],[5.3067151865786899,60.514053327769972],[5.306630205103394,60.514032107373467],[5.3067136666484309,60.513934533621899],[5.3067265454364856,60.513483044788657],[5.3070880820427213,60.513188665433319],[5.3063363648006119,60.512970451233805],[5.3061444587982241,60.513257646236951],[5.3059864285077829,60.513586208564483],[5.3058484905338208,60.51365372590827],[5.3057587936834611,60.513805819583418],[5.3046825485044051,60.513540070870576],[5.303588464346789,60.513450364998803],[5.3030522713718717,60.513373712577163],[5.3026710533031691,60.513373980713517],[5.3025416230537985,60.513374067383722],[5.3029895507692393,60.512870547725356],[5.3029950882474282,60.512864355602083],[5.3029435976894712,60.512854514760399],[5.3024646941842128,60.512763017972041],[5.3019739218099735,60.513291422408564],[5.3005333306428595,60.513256740586066],[5.300115316280638,60.51312613633975],[5.2999928326507444,60.513122071982252],[5.2995987356369323,60.513411251154729],[5.2993641902008219,60.513481545424469],[5.2992656049498894,60.513530491261022],[5.2992416851055069,60.513587810392814],[5.2993293292567278,60.51366309286383],[5.2996418455527117,60.513615348073529],[5.2999097795322223,60.513594965820303],[5.3002020939094976,60.513631058553763],[5.3004493974141109,60.513711858438619],[5.300980842551783,60.513995253633517],[5.3013149873320744,60.514052080763435],[5.3014789432322083,60.514071064292523],[5.3014361330121842,60.514114062783115],[5.3014154387066874,60.514134844708579],[5.3013735354183096,60.514136351736759],[5.3007621261488049,60.514158289661061],[5.299904276457271,60.514240806280213],[5.2994643600356195,60.514266625773445],[5.2989933379148138,60.514229570502394],[5.2988996080723343,60.514257528547837],[5.2988857900932933,60.514302850135714],[5.2989325973614019,60.514357377861096],[5.2995228144434448,60.514497600983013],[5.2990649819433449,60.514494285436015],[5.299008899873531,60.514578907837873],[5.2992888087605445,60.514665109010892],[5.2992939004938489,60.51477489781162],[5.2987593364715799,60.514706695538209],[5.2985199983789713,60.514742394570071],[5.2983759801625299,60.514801826101056],[5.2983595633217107,60.515007785205519],[5.2984104699240078,60.515035525125036],[5.2988670416558508,60.515053458603091],[5.2988526660122828,60.51518746062424],[5.298404872564535,60.515169114709373],[5.2982553510553583,60.515118062719822],[5.2979902062730426,60.515116462205881],[5.2976803883582191,60.515133736320244],[5.2975465134460782,60.515077077904046],[5.2975052502233106,60.514982337431753],[5.2975059639999253,60.514897265554474],[5.2973341745330202,60.514617014039082],[5.2973268141099616,60.514438743511469],[5.2972851793961233,60.514132184627336],[5.2969152602624403,60.514134476010106],[5.2967689960439079,60.514292049022536],[5.2967316607677404,60.514115264760591],[5.2967806306616394,60.513948544750193],[5.2968223981190681,60.513818683216662],[5.2968023267324007,60.513751828387484],[5.2967804826526823,60.513679108917074],[5.2967999201523934,60.513175902456986],[5.2968064836789495,60.513005991158266],[5.2967202962709381,60.512953442672625],[5.2966217225573029,60.51297211449652],[5.2961557694693742,60.512914022248921],[5.2959124336872252,60.512933426486782],[5.2957652743879295,60.512981928038343],[5.2956195728780475,60.513048931816691],[5.2954980390555821,60.513057455283125],[5.2954582371928502,60.513050794568031],[5.2954128716436104,60.513043206250074],[5.2953650139537913,60.513082296584685],[5.2950836159355728,60.513012673594005],[5.2946598068936037,60.513010926177095],[5.2946416211487071,60.513010852173146],[5.2940762457548729,60.513008511861614],[5.2935747716844626,60.513023998747713],[5.2934939801005942,60.513026489427666],[5.2932245269697393,60.513034808203827],[5.2931803537731597,60.513042460416095],[5.2927038953930516,60.513124999979901],[5.29217172924983,60.513217187954105],[5.2918926609224703,60.513295497995799],[5.2918479070681439,60.513308059202821],[5.291323807605341,60.513379094136191],[5.2912066782825207,60.513306895688146],[5.2907489912708678,60.513429705787978],[5.2904730273305471,60.51348148502445],[5.2899220298761609,60.513492335596027],[5.2895889253685597,60.513537768085364],[5.2895789077160753,60.513531476120477],[5.2894356927730861,60.51344160713829],[5.2891444744983547,60.513409260161133],[5.2891422062426763,60.513409008271523],[5.289135132077277,60.513410923613819],[5.2891023957502812,60.513419782681098],[5.2890984865218043,60.513417462749779],[5.2890804411174646,60.513406767739866],[5.2889172312112205,60.513310031823231],[5.2887896175046816,60.513118660167954],[5.2886372423395391,60.513208301078137],[5.2885156155168813,60.513279850523006],[5.288395226255691,60.513404896683411],[5.2882942041827432,60.513444886436794],[5.288041807770349,60.513459269400734],[5.2877154583722321,60.513614245924821],[5.2875597972507489,60.513752573686965],[5.2872278509025721,60.513840511333086],[5.2870724344841822,60.513881681886744],[5.2867822967252183,60.51398276422502],[5.286314017208424,60.514145900677441],[5.2863106303705685,60.514148727534533],[5.2862394047852979,60.514208025756794],[5.2864236849512878,60.514338824348407],[5.2867508078564791,60.514570998377415],[5.2867820170752253,60.514593142910229],[5.2854915154996105,60.515171536015309]],[[5.3000544247547632,60.510836824496579],[5.3015925838492723,60.510921165836251],[5.3017745900477626,60.510933594300965],[5.3026112323371342,60.510276662226879],[5.3030329480011664,60.50993941721066],[5.3024446634900162,60.50966333302884],[5.3028412218749867,60.509441267064844],[5.3026196917537041,60.509311499038837],[5.3025565096996923,60.509188477558922],[5.3021961828386477,60.508964518389057],[5.3024231566611792,60.508749649984317],[5.3024254395119197,60.508602288478862],[5.3025988876140895,60.508476302748903],[5.3033345017263311,60.508368226180821],[5.3035220184512051,60.508330615125494],[5.3037402333843779,60.508319992737697],[5.3039458117705234,60.508377986206355],[5.304004585108518,60.508370097224628],[5.3041451843666412,60.508236071205062],[5.3042735178795946,60.508082676958495],[5.3047274650530811,60.508161801012349],[5.3051116792373483,60.508260391608474],[5.3061702780508435,60.507431238613542],[5.3061853723379251,60.507383075631168],[5.3063457922050556,60.507251583145269],[5.3063874304630483,60.50721744919273],[5.306252934203779,60.506788104043459],[5.3062374230494749,60.506712604754306],[5.3062451477052752,60.506432234032175],[5.3062953695381294,60.506117375698892],[5.3063560420048965,60.505752859486407],[5.3063463326429741,60.505668352994128],[5.3064202457559171,60.50544211866459],[5.306650564568808,60.504984807983099],[5.3066827982067073,60.504989359296282],[5.3069020879560913,60.505020287443628],[5.3070047287648539,60.504923245260066],[5.3071555245836315,60.504699140651184],[5.3070520436596373,60.504548858280103],[5.3070249313787299,60.504405437407797],[5.306995732118537,60.504195383089666],[5.3068624596261635,60.503925388162116],[5.306843115194253,60.503756026769324],[5.3062953806344675,60.503536313978834],[5.3062574562512195,60.503521097630887],[5.3062949874392755,60.503454025041698],[5.3063360855905799,60.503380597756369],[5.306494030354922,60.503220894771111],[5.3065138664920681,60.503131085996365],[5.3065592295080179,60.503106600767005],[5.3066731044119653,60.503045121947132],[5.3068981435266469,60.502804037865786],[5.307324200984942,60.502618443097944],[5.307733768735293,60.502370362709676],[5.3078160417246538,60.50232052815079],[5.3076275780958193,60.502246152277877],[5.3073456862896018,60.50213490681174],[5.3071915649511441,60.502074083159314],[5.3071773688821011,60.502068476694802],[5.3071515573034622,60.502058288006388],[5.3071980187870169,60.502017420569871],[5.3073979204517538,60.50184157683433],[5.3076800937006894,60.501694769810086],[5.3076910193766604,60.501689086329286],[5.3077668405147742,60.50164964322461],[5.3078037350153533,60.501668929263786],[5.3078533073551908,60.501694831250482],[5.3080386212897128,60.501676172652125],[5.3082965809457869,60.501654753170811],[5.3086399968732145,60.501602407627942],[5.3088627763454328,60.501508691436889],[5.3090049016226812,60.501403231934141],[5.3091326616965446,60.50125458171982],[5.3091981790175877,60.501189883325637],[5.3093821776290477,60.501095011575671],[5.3094187864189291,60.500972078077019],[5.3094150692397637,60.500843992283443],[5.3094141572207585,60.500812939790798],[5.3097953021156794,60.500600325099619],[5.3098805858633815,60.500516121027353],[5.3099819433127458,60.500312612263393],[5.3101459347423523,60.500226785066026],[5.3103458328284807,60.499994518432771],[5.3105157153159901,60.499899335416828],[5.3107308095440677,60.499669124790628],[5.310762620275808,60.499635068230326],[5.3105643700190734,60.499470291893182],[5.310459746398883,60.499415093455831],[5.3103782180325094,60.499412845530763],[5.3102285675687018,60.49940872066994],[5.3101807374855037,60.499407396533883],[5.3100800989338071,60.499404619371155],[5.3098844354193115,60.49968455934237],[5.3097856221645916,60.499705606274524],[5.3097390347489473,60.499707129697626],[5.3095098087223853,60.499714642597645],[5.3092508715855748,60.49965994300851],[5.3091061485302617,60.499660708106312],[5.3089565627805424,60.499746932968236],[5.3087616748210822,60.499722534675108],[5.3083508099889984,60.499987020992236],[5.3082254288141577,60.500199939044151],[5.3079814354231631,60.500140896184391],[5.3073365442065983,60.500555857765939],[5.307023199595637,60.500725538096439],[5.3068469137508378,60.500792010933196],[5.3064700837266106,60.500883845771057],[5.3059181368335873,60.500947070405324],[5.3057315431397969,60.500988340820875],[5.3055832060559833,60.501051955471894],[5.3052958122043092,60.500865681001855],[5.3043070239926617,60.501209310518306],[5.3042453592699195,60.501200473038516],[5.3035655678544131,60.501455133676679],[5.3037144724956073,60.501544848998783],[5.3034210977459786,60.501750749430833],[5.3031618876555688,60.50195283310854],[5.3031428542833723,60.50203552717052],[5.3029355275608347,60.502162955174384],[5.3029453565259956,60.50220365683829],[5.30316851264711,60.502276404162366],[5.3028176844888009,60.502521129991145],[5.3027789205450233,60.502565238563847],[5.3025751731397754,60.502602910074764],[5.3018727391594096,60.502732789314152],[5.3013481432788581,60.502894249973679],[5.30156277226983,60.502957244806851],[5.3014754114349429,60.503004768372477],[5.3012315797719589,60.503283360796658],[5.3013839481447036,60.503385066220297],[5.301171033195188,60.503476671383751],[5.3010831650555268,60.503486133456654],[5.3008497284940006,60.503546258111051],[5.3006889226810552,60.503603634370727],[5.3000930924627339,60.504390357666075],[5.299928668524525,60.50460745255414],[5.2998312728943162,60.504785466506029],[5.2999273477992732,60.504830926425392],[5.2999746117722246,60.504951934755489],[5.2999674647558743,60.50502940373638],[5.2998786886419298,60.505131571554756],[5.2998124368854604,60.50516302492543],[5.2996485226270025,60.505120445487115],[5.2993524776851313,60.505264433755222],[5.2993457868718865,60.505280894225038],[5.2994413214611331,60.505331094256974],[5.2993955876022065,60.505394036593927],[5.299340840415268,60.505409162914582],[5.2990991487973806,60.505414362177966],[5.298901314681296,60.505373221948773],[5.2986472844883155,60.505444662716748],[5.2988110083828008,60.505658446163793],[5.2992106277359197,60.505790765901544],[5.2993214569797162,60.505791460940245],[5.2991577809266417,60.506000935839232],[5.2990444387671491,60.50610717593311],[5.2989063013742719,60.506177071141899],[5.2987438941265124,60.506205863213836],[5.2987214411323231,60.506233777446965],[5.298754763573041,60.506279877605273],[5.298564720463645,60.506424425725342],[5.2985767290848367,60.50644616018586],[5.2984773468043773,60.506471938225431],[5.2983625504949758,60.506675632926829],[5.2979191167767725,60.507012907370616],[5.2976848533872651,60.507291760080776],[5.2972962329752082,60.507571106787687],[5.2967087509379764,60.508233903736212],[5.2966117991454453,60.508238347000784],[5.2965297264963613,60.508112406497624],[5.2958939182081703,60.508021019289252],[5.2956259611223997,60.508382181831827],[5.295467641224767,60.508670296152957],[5.2956727479609711,60.508859113609155],[5.295882647130143,60.508879210477474],[5.2959505716490831,60.508833540972297],[5.2963000504979689,60.508434204613572],[5.296799214366283,60.508455208864291],[5.2969921700206672,60.50835730296204],[5.2972171969786723,60.508131503991891],[5.2977042522303366,60.507709829950109],[5.2979851107615916,60.507684553290048],[5.2980251691904856,60.507691148587298],[5.2979722672132104,60.507751842151748],[5.2980402929387242,60.507770035976897],[5.2978964398364949,60.507932503316205],[5.2976814179229752,60.507957460161428],[5.29764501862602,60.508023034166605],[5.2978933240252051,60.508086978676054],[5.2979419664879375,60.508040763751389],[5.2980249930241259,60.508073971076463],[5.2978771348340086,60.508229199513977],[5.2978240628639224,60.508398933728543],[5.2976703444388731,60.508520706759107],[5.297760818563261,60.508573140202664],[5.2976033048840998,60.508710096780327],[5.2976687539676179,60.508746555221748],[5.2976582706897135,60.508796202771634],[5.2975416821799755,60.508930889364457],[5.2974865406007918,60.509033981066452],[5.2974589127933118,60.509361365672895],[5.2973703134062609,60.509539038348578],[5.2974022759701729,60.509604713390871],[5.2971689004361364,60.5097908584615],[5.2970455949859181,60.50994200438236],[5.2969413314138682,60.510264878348281],[5.297326087276355,60.510358751619272],[5.2976003684854538,60.510363969538773],[5.2975379891115288,60.510488270283098],[5.2976468994383286,60.510548352388902],[5.2978751686293597,60.51061886778141],[5.2983559581246888,60.510596112842293],[5.298374022627125,60.510598672741331],[5.2983879245234551,60.510600649668234],[5.3000544247547632,60.510836824496579]],[[5.2928794028107848,60.494543023602006],[5.2932215306842609,60.494639420992151],[5.2933770878109856,60.494757143835514],[5.2936293053483432,60.494776023177714],[5.2937153344848582,60.494677720064928],[5.2940068993936524,60.494483969713826],[5.2940626496506429,60.494428354611024],[5.2942009417739024,60.494156637643272],[5.294321959131091,60.494163975615074],[5.2943890916275826,60.494119399911007],[5.2944359379125165,60.494088281811365],[5.2944731815191508,60.49406354801247],[5.2946915548197673,60.494050573692512],[5.2947023430194378,60.494005743520617],[5.2947524953735208,60.493980928137589],[5.2948683693301337,60.493979377027514],[5.2949743880675966,60.493937140546521],[5.2951455810028394,60.493929657908666],[5.2952408176533199,60.493925501396212],[5.295175468670978,60.493865000251297],[5.2951666868524523,60.493856864409032],[5.295191151310588,60.493726756183179],[5.2952525982847458,60.493698120016582],[5.295369297790093,60.49364371343983],[5.2954432603651869,60.493629123238925],[5.2956186144592579,60.493655380818502],[5.2958246620722544,60.493454216243478],[5.2958399465106316,60.49340956491686],[5.2959224431538807,60.493399849620978],[5.2963303119667122,60.49345453617542],[5.2964589047418906,60.493471781121265],[5.2969315741427643,60.493553829279591],[5.2980323645567502,60.493138235768086],[5.2977525422275393,60.492989229651087],[5.2973909822702065,60.492903656079164],[5.297193932804797,60.492900050593512],[5.2971870709474347,60.492833283870254],[5.2973437881614096,60.492811464497528],[5.2976832975866675,60.492623506083312],[5.2978213213973691,60.492596412036377],[5.2987012221131957,60.492530414104586],[5.2990868654188734,60.49236037092146],[5.299042922785179,60.492280683091352],[5.2986404368133231,60.492217237807466],[5.2986188438751256,60.49219523701715],[5.2982147532125543,60.492108034815438],[5.2977877143267298,60.491925017116351],[5.297687397248513,60.491824662502609],[5.2974391748122471,60.491721016307089],[5.2974251417194917,60.49171515254924],[5.2972553486155505,60.491665637266159],[5.2965144391178711,60.491518790002544],[5.2963370583078353,60.491443365167264],[5.2960941987619856,60.491423959625244],[5.2959914429880319,60.491704135116031],[5.295893326763375,60.49183247483424],[5.2952110857904886,60.492005885338401],[5.2951352915293466,60.49197912330132],[5.29483237567195,60.491697394821074],[5.2944832846596688,60.491687373525572],[5.2942585578421726,60.49153938819267],[5.2939205839920636,60.491495546038756],[5.2935249096948187,60.491470384677442],[5.2931050756497209,60.49118317073566],[5.2925313452424332,60.491307301127073],[5.2924783727296099,60.491289549530826],[5.2924152930432884,60.49126841574347],[5.2922949057188573,60.491267457063351],[5.2920491149795437,60.491178896490702],[5.2918633651958471,60.491178851089288],[5.2918856339497538,60.491248599710609],[5.2919657241636537,60.491322527937662],[5.2919476230622378,60.491481341713168],[5.291689258442565,60.491464669513036],[5.2915534917107667,60.491349319625449],[5.2913621278376715,60.491296230183984],[5.2911858622001802,60.491302937349474],[5.2910390962433818,60.491376843919944],[5.2909153006280771,60.491362351632858],[5.2902368733907181,60.491098616255158],[5.2902206989460394,60.491092692094377],[5.2901803220412607,60.491120132838823],[5.2900479997593814,60.49124391206206],[5.2899842481315904,60.491295563626764],[5.2895722597283577,60.491461629765276],[5.2892025255364805,60.491435883449803],[5.2890255430849766,60.491392314196219],[5.2888847879668512,60.491451375410563],[5.2887126690706934,60.491463066474672],[5.2884550596434616,60.491480564573976],[5.2884423806483731,60.49148230570826],[5.2884119512598664,60.491486482633626],[5.2884210667013374,60.491497414635496],[5.2886129112366334,60.491727465598117],[5.2887064725548232,60.491839647814302],[5.2893234643171354,60.492334333489701],[5.2895608203402373,60.492674210847447],[5.2895491441976024,60.492709704129226],[5.2890431315940036,60.49284496367909],[5.2890245128416753,60.49286246674918],[5.2889793116470365,60.492904972067009],[5.2891018620133776,60.49293516990231],[5.2891442838998852,60.492945618148859],[5.2893366243631101,60.493034178728003],[5.2893076499125895,60.493095058661808],[5.2893067879986475,60.493096859287355],[5.289217436886207,60.493134144511977],[5.2889039634124044,60.493098531213647],[5.2888592530889333,60.493135468430864],[5.2888519146594337,60.493188933241854],[5.2889577677977604,60.49327096015854],[5.289091226492233,60.493284177237449],[5.2895160810027715,60.493295881480947],[5.2897021364527639,60.49330100783915],[5.2896840255898256,60.493408992393839],[5.2898234222836313,60.49349947569155],[5.2900387983757922,60.493724211052289],[5.2902114546980732,60.493774183757886],[5.2907360435607425,60.493738802259934],[5.2911761271354356,60.494022074808925],[5.2912306525397783,60.4941612299938],[5.2915687868587513,60.494266823542475],[5.2920653847919317,60.494316477945176],[5.2924936031548944,60.494300312437815],[5.292751586704874,60.494387781743121],[5.2928794028107848,60.494543023602006]]]},"properties":{"OBJECTID":7,"OBJTYPE":"KpAngittHensynSone","KPANGITTHENSYN":530,"HENSYNSONENAVN":"H530_1","BESKRIVELSE":"Byfjellsgrense - nord","KOMM":"4601","PLANID":"65270000","SHAPE.STArea()":11354957.542571001,"SHAPE.STLength()":30381.12323156327}}]
}